Network,Metric Type,Metric,Market,Region,Country,Operator name,2006,2007,2008,2009,2010,2011,2012,2013,2014,2015,2016,2017,2018,2019,2020,2021,2022,2023,1Q 2015,2Q 2015,3Q 2015,4Q 2015,1Q 2016,2Q 2016,3Q 2016,4Q 2016,1Q 2017,2Q 2017,3Q 2017,4Q 2017,1Q 2018,2Q 2018,3Q 2018,4Q 2018,1Q 2019,2Q 2019,3Q 2019,4Q 2019,1Q 2020,2Q 2020,3Q 2020,4Q 2020,1Q 2021,2Q 2021,3Q 2021,4Q 2021,1Q 2022,2Q 2022,4Q 2022,1Q 2023,2Q 2023,3Q 2023,4Q 2023,1Q 2024,2Q 2024,3Q 2024,Operator Type,MNO,Group,Service,Technology,PayTv service platform,Device,Mobile plan,Standerdisation,Metric definition
Mobile,Connections,total,Total,Sub-SaharanAfrica,Cameroon,MTN,0.0,2474096.0,3382683,4045243,4352255,5163455,6378767,7510964,8115966,7571106,7896000,7052000,7684000,10170000,10251000,10608000,10681000,11291000,8449699,8634752,8250738,7571106,7770459,7855332,7689037,7896000,7715489,7462189,7297424,7052000,6596000,6637000,6922000,7684000,8742000,9360000,9199000,10170000,10182000,10316000,10761000,10251000,10062000,9984000,10241000,10608000,10288000,10607000,10596000,10681000,10817000,11069000,11051000,11291000,11452000,11492000,firstentrant,MTN,MTN,Totals,Totals,Notspecified,Totals,All,Standardised,Mobile/Connections/total|Publicationdate:24September2024Basedonhistoricaldatauptoquarter2of2024|TotalactivemobileconnectionsexcludingIoTthatishandsetandmobilebroadbandconnectionsonly.Activesubscribersarethosethathaveusedtheirmobileaccountinthepast3months.Connectionsmetricsrelatetotheend-of-periodfigure.OperatorNotes:ThisoperatorisclassifiedasMobile:firstentrant.Operatorattribution:mobilesubscribersarecountedonanetworkorwholesalebasis(thatiswherecustomersofserviceproviderswithouttheirownnetworkinfrastructureareallocatedtothenetworkoperator(s)thatsupport(s)theirservice).(Totalmarketvaluesarethesameforconnectionsmetricsonaretailornetworkbasissincethedifferenceisonlyintheallocationofsubscriberstooperator.)
Mobile,Connections,total,Total,Sub-SaharanAfrica,Cameroon,Orange,0.0,1858380.0,2003667,2607505,3327093,4363058,5508708,5691306,5774237,6539857,5519371,6653196,6940110,7871574,9262482,9937198,11271863,12251376,6018789,6545160,6997150,6539857,6326077,6298085,6006936,5519371,5560348,5906901,6665010,6653196,6878880,6568643,6619952,6940110,7187894,7464310,7689589,7871574,8430585,8522195,9193536,9262482,9461735,9493492,9384351,9937198,10372746,10470424,10811271,11271863,11683336,11826212,12182671,12251376,12596117,12841050,firstentrant,Orange,Orange,Totals,Totals,Notspecified,Totals,All,Standardised,Mobile/Connections/total|Publicationdate:24September2024Basedonhistoricaldatauptoquarter2of2024|TotalactivemobileconnectionsexcludingIoTthatishandsetandmobilebroadbandconnectionsonly.Activesubscribersarethosethathaveusedtheirmobileaccountinthepast3months.Connectionsmetricsrelatetotheend-of-periodfigure.OperatorNotes:ThisoperatorisclassifiedasMobile:firstentrant.Operatorattribution:mobilesubscribersarecountedonanetworkorwholesalebasis(thatiswherecustomersofserviceproviderswithouttheirownnetworkinfrastructureareallocatedtothenetworkoperator(s)thatsupport(s)theirservice).(Totalmarketvaluesarethesameforconnectionsmetricsonaretailornetworkbasissincethedifferenceisonlyintheallocationofsubscriberstooperator.)
Mobile,Connections,total,Total,Sub-SaharanAfrica,Cameroon,Viettel(Nexttel),0.0,0.0,0,0,0,0,0,0,550000,2400000,3100000,4350000,4128088,3467885,3253806,2074035,1705703,1606186,1275000,2000000,2200000,2400000,2575000,2750000,2925000,3100000,3412500,3725000,4037500,4350000,4628050,4765594,4639863,4128088,3428088,3448088,3468088,3467885,3479735,3399240,3405336,3253806,2997382,2677653,2351059,2074035,1889195,1783862,1731532,1705703,1680261,1655197,1630508,1606186,1582228,1558627,thirdentrant,Viettel(Nexttel),Unknown,Totals,Totals,Notspecified,Totals,All,Standardised,Mobile/Connections/total|Publicationdate:24September2024Basedonhistoricaldatauptoquarter2of2024|TotalactivemobileconnectionsexcludingIoTthatishandsetandmobilebroadbandconnectionsonly.Activesubscribersarethosethathaveusedtheirmobileaccountinthepast3months.Connectionsmetricsrelatetotheend-of-periodfigure.OperatorNotes:ThisoperatorisclassifiedasMobile:thirdentrant.Operatorattribution:mobilesubscribersarecountedonanetworkorwholesalebasis(thatiswherecustomersofserviceproviderswithouttheirownnetworkinfrastructureareallocatedtothenetworkoperator(s)thatsupport(s)theirservice).(Totalmarketvaluesarethesameforconnectionsmetricsonaretailornetworkbasissincethedifferenceisonlyintheallocationofsubscriberstooperator.)
Mobile,Connections,total,Total,Sub-SaharanAfrica,Cameroon,Camtel,0.0,0.0,0,0,0,0,0,0,0,0,10000,70000,198519,308016,403247,488968,569934,638275,0,0,0,0,0,500,5000,10000,20000,30000,40000,70000,104173,136934,168358,198519,227490,255348,282165,308016,332975,357118,380517,403247,425384,447000,468170,488968,509470,529748,549878,569934,588949,606773,623260,638275,651691,663393,fourthentrant,Camtel,Unknown,Totals,Totals,Notspecified,Totals,All,Standardised,Mobile/Connections/total|Publicationdate:24September2024Basedonhistoricaldatauptoquarter2of2024|TotalactivemobileconnectionsexcludingIoTthatishandsetandmobilebroadbandconnectionsonly.Activesubscribersarethosethathaveusedtheirmobileaccountinthepast3months.Connectionsmetricsrelatetotheend-of-periodfigure.OperatorNotes:ThisoperatorisclassifiedasMobile:fourthentrant.Operatorattribution:mobilesubscribersarecountedonanetworkorwholesalebasis(thatiswherecustomersofserviceproviderswithouttheirownnetworkinfrastructureareallocatedtothenetworkoperator(s)thatsupport(s)theirservice).(Totalmarketvaluesarethesameforconnectionsmetricsonaretailornetworkbasissincethedifferenceisonlyintheallocationofsubscriberstooperator.)
Mobile,Connections,total,Total,Sub-SaharanAfrica,Cameroon,Totalmarket,0.0,4332476.0,5386350,6652748,7679348,9526513,11887475,13202270,14440203,16510963,16525371,18125196,18950717,21817475,23170535,23108201,24228500,25786838,15743488,17179912,17447887,16510963,16671536,16903917,16625973,16525371,16708337,17124090,18039934,18125196,18207103,18108171,18350173,18950717,19585472,20527746,20638842,21817475,22425296,22594553,23740389,23170535,22946500,22602145,22444580,23108201,23059411,23391034,23688681,24228500,24769546,25157182,25487439,25786838,26282036,26555069,Unknown,Unknown,Unknown,Totals,Totals,Notspecified,Totals,All,Standardised,Mobile/Connections/total|Publicationdate:24September2024Basedonhistoricaldatauptoquarter2of2024|TotalactivemobileconnectionsexcludingIoTthatishandsetandmobilebroadbandconnectionsonly.Activesubscribersarethosethathaveusedtheirmobileaccountinthepast3months.Connectionsmetricsrelatetotheend-of-periodfigure.Operatorattribution:mobilesubscribersarecountedonanetworkorwholesalebasis(thatiswherecustomersofserviceproviderswithouttheirownnetworkinfrastructureareallocatedtothenetworkoperator(s)thatsupport(s)theirservice).(Totalmarketvaluesarethesameforconnectionsmetricsonaretailornetworkbasissincethedifferenceisonlyintheallocationofsubscriberstooperator.)
Mobile,Connections,total,Total,Sub-SaharanAfrica,CôtedIvoire,MTN,0.0,0.0,3562294,4483840,5139079,5521601,6023200,6946044,7975145,8130003,9059773,10893061,11050000,12408000,13223000,14636000,16356000,16988000,8102872,8269028,8131944,8130003,7904339,7960460,8200881,9059773,9807646,10599323,11173105,10893061,10971000,11257000,11208000,11050000,11357000,11742000,12007000,12408000,12220000,12219000,12789000,13223000,13601000,13715000,13681000,14636000,15346000,15488000,16173000,16356000,16641000,16699000,16981000,16988000,16236000,15922000,firstentrant,MTN,MTN,Totals,Totals,Notspecified,Totals,All,Standardised,Mobile/Connections/total|Publicationdate:24September2024Basedonhistoricaldatauptoquarter2of2024|TotalactivemobileconnectionsexcludingIoTthatishandsetandmobilebroadbandconnectionsonly.Activesubscribersarethosethathaveusedtheirmobileaccountinthepast3months.Connectionsmetricsrelatetotheend-of-periodfigure.OperatorNotes:ThisoperatorisclassifiedasMobile:firstentrant.Operatorattribution:mobilesubscribersarecountedonanetworkorwholesalebasis(thatiswherecustomersofserviceproviderswithouttheirownnetworkinfrastructureareallocatedtothenetworkoperator(s)thatsupport(s)theirservice).(Totalmarketvaluesarethesameforconnectionsmetricsonaretailornetworkbasissincethedifferenceisonlyintheallocationofsubscriberstooperator.)
Mobile,Connections,total,Total,Sub-SaharanAfrica,CôtedIvoire,Orange,0.0,0.0,3396959,3172227,4655486,5013891,5353861,6093535,7780893,9484291,11460182,12617750,12741681,12812176,14405216,15328522,14898605,16775649,8185376,8676686,9091637,9484291,9946107,10215862,11125491,11460182,11360559,11755721,12010826,12617750,12704933,13181293,12724567,12741681,12125532,12499630,12350147,12812176,13840489,14162501,13913304,14405216,14748713,14974585,15040575,15328522,15183737,14524168,14578963,14898605,15242706,15800238,16102133,16775649,17376762,18008136,firstentrant,Orange,Orange,Totals,Totals,Notspecified,Totals,All,Standardised,Mobile/Connections/total|Publicationdate:24September2024Basedonhistoricaldatauptoquarter2of2024|TotalactivemobileconnectionsexcludingIoTthatishandsetandmobilebroadbandconnectionsonly.Activesubscribersarethosethathaveusedtheirmobileaccountinthepast3months.Connectionsmetricsrelatetotheend-of-periodfigure.OperatorNotes:ThisoperatorisclassifiedasMobile:firstentrant.Operatorattribution:mobilesubscribersarecountedonanetworkorwholesalebasis(thatiswherecustomersofserviceproviderswithouttheirownnetworkinfrastructureareallocatedtothenetworkoperator(s)thatsupport(s)theirservice).(Totalmarketvaluesarethesameforconnectionsmetricsonaretailornetworkbasissincethedifferenceisonlyintheallocationofsubscriberstooperator.)
Mobile,Connections,total,Total,Sub-SaharanAfrica,CôtedIvoire,MarocTelecom(Moov),0.0,0.0,1840480,2392245,2682587,3306648,4010568,4230738,3606433,5408048,5984922,7733527,8646374,8974501,10049988,10489261,10843673,10259793,3658763,4417187,4997924,5408048,5396791,5499860,5719107,5984922,7014030,7100345,7587016,7733527,7824569,8167424,8218925,8646374,8733664,8888982,9029907,8974501,9197776,9230560,9703470,10049988,10071248,10013677,9876924,10489261,10726900,10247139,10534386,10843673,10193266,9510945,9704447,10259793,10650234,11055533,thirdentrant,MarocTelecom(Moov),Etisalat,Totals,Totals,Notspecified,Totals,All,Standardised,Mobile/Connections/total|Publicationdate:24September2024Basedonhistoricaldatauptoquarter2of2024|TotalactivemobileconnectionsexcludingIoTthatishandsetandmobilebroadbandconnectionsonly.Activesubscribersarethosethathaveusedtheirmobileaccountinthepast3months.Connectionsmetricsrelatetotheend-of-periodfigure.OperatorNotes:ThisoperatorisclassifiedasMobile:thirdentrant.Operatorattribution:mobilesubscribersarecountedonanetworkorwholesalebasis(thatiswherecustomersofserviceproviderswithouttheirownnetworkinfrastructureareallocatedtothenetworkoperator(s)thatsupport(s)theirservice).(Totalmarketvaluesarethesameforconnectionsmetricsonaretailornetworkbasissincethedifferenceisonlyintheallocationofsubscriberstooperator.)
Mobile,Connections,total,Total,Sub-SaharanAfrica,CôtedIvoire,Comium,0.0,0.0,903456,1122998,1512914,1722589,1452374,820887,892272,710592,0,0,0,0,0,0,0,0,651624,783056,754374,710592,0,0,0,0,0,0,0,0,0,0,0,0,0,0,0,0,0,0,0,0,0,0,0,0,0,0,0,0,0,0,0,0,0,0,fourthentrant,Comium,Unknown,Totals,Totals,Notspecified,Totals,All,Standardised,Mobile/Connections/total|Publicationdate:24September2024Basedonhistoricaldatauptoquarter2of2024|TotalactivemobileconnectionsexcludingIoTthatishandsetandmobilebroadbandconnectionsonly.Activesubscribersarethosethathaveusedtheirmobileaccountinthepast3months.Connectionsmetricsrelatetotheend-of-periodfigure.OperatorNotes:ThisoperatorisclassifiedasMobile:fourthentrant.Operatorattribution:mobilesubscribersarecountedonanetworkorwholesalebasis(thatiswherecustomersofserviceproviderswithouttheirownnetworkinfrastructureareallocatedtothenetworkoperator(s)thatsupport(s)theirservice).(Totalmarketvaluesarethesameforconnectionsmetricsonaretailornetworkbasissincethedifferenceisonlyintheallocationofsubscriberstooperator.)
Mobile,Connections,total,Total,Sub-SaharanAfrica,CôtedIvoire,GreenN,0.0,0.0,0,814966,511318,362601,354833,291165,849565,360784,0,0,0,0,0,0,0,0,787219,597596,474336,360784,0,0,0,0,0,0,0,0,0,0,0,0,0,0,0,0,0,0,0,0,0,0,0,0,0,0,0,0,0,0,0,0,0,0,laterentrant,GreenN,Unknown,Totals,Totals,Notspecified,Totals,All,Standardised,Mobile/Connections/total|Publicationdate:24September2024Basedonhistoricaldatauptoquarter2of2024|TotalactivemobileconnectionsexcludingIoTthatishandsetandmobilebroadbandconnectionsonly.Activesubscribersarethosethathaveusedtheirmobileaccountinthepast3months.Connectionsmetricsrelatetotheend-of-periodfigure.OperatorNotes:ThisoperatorisclassifiedasMobile:laterentrant.Operatorattribution:mobilesubscribersarecountedonanetworkorwholesalebasis(thatiswherecustomersofserviceproviderswithouttheirownnetworkinfrastructureareallocatedtothenetworkoperator(s)thatsupport(s)theirservice).(Totalmarketvaluesarethesameforconnectionsmetricsonaretailornetworkbasissincethedifferenceisonlyintheallocationofsubscriberstooperator.)
Mobile,Connections,total,Total,Sub-SaharanAfrica,CôtedIvoire,Totalmarket,0.0,0.0,9703189,11986276,14501384,15927330,17194836,18382369,21104308,24093718,26504877,31244338,32438055,34194677,37678204,40453783,42098278,44023442,21385854,22743553,23450215,24093718,23247237,23676182,25045479,26504877,28182235,29455389,30770947,31244338,31500502,32605717,32151492,32438055,32216196,33130612,33387054,34194677,35258265,35612061,36405774,37678204,38420961,38703262,38598499,40453783,41256637,40259307,41286349,42098278,42076972,42010183,42787580,44023442,44262996,44985670,Unknown,Unknown,Unknown,Totals,Totals,Notspecified,Totals,All,Standardised,Mobile/Connections/total|Publicationdate:24September2024Basedonhistoricaldatauptoquarter2of2024|TotalactivemobileconnectionsexcludingIoTthatishandsetandmobilebroadbandconnectionsonly.Activesubscribersarethosethathaveusedtheirmobileaccountinthepast3months.Connectionsmetricsrelatetotheend-of-periodfigure.Operatorattribution:mobilesubscribersarecountedonanetworkorwholesalebasis(thatiswherecustomersofserviceproviderswithouttheirownnetworkinfrastructureareallocatedtothenetworkoperator(s)thatsupport(s)theirservice).(Totalmarketvaluesarethesameforconnectionsmetricsonaretailornetworkbasissincethedifferenceisonlyintheallocationofsubscriberstooperator.)
Mobile,Connections,total,Total,Sub-SaharanAfrica,Ghana,MTN,2509231.0,4016132.0,6428000,7680960,8110530,9241960,10444150,11248689,11774200,13166550,14857920,15667000,17790000,19777000,24399000,25350000,28603000,26798000,11934720,12355380,12704260,13166550,13603200,13887410,14079000,14857920,14942210,15227520,15303300,15667000,16151000,16525000,17111000,17790000,18595000,18874000,19181000,19777000,20674000,21517000,23384000,24399000,24982000,24866000,25223000,25350000,27081000,27759000,28499000,28603000,27447000,27302000,25840000,26798000,27785000,28358000,thirdentrant,MTN,MTN,Totals,Totals,Notspecified,Totals,All,Standardised,Mobile/Connections/total|Publicationdate:24September2024Basedonhistoricaldatauptoquarter2of2024|TotalactivemobileconnectionsexcludingIoTthatishandsetandmobilebroadbandconnectionsonly.Activesubscribersarethosethathaveusedtheirmobileaccountinthepast3months.Connectionsmetricsrelatetotheend-of-periodfigure.OperatorNotes:ThisoperatorisclassifiedasMobile:thirdentrant.Operatorattribution:mobilesubscribersarecountedonanetworkorwholesalebasis(thatiswherecustomersofserviceproviderswithouttheirownnetworkinfrastructureareallocatedtothenetworkoperator(s)thatsupport(s)theirservice).(Totalmarketvaluesarethesameforconnectionsmetricsonaretailornetworkbasissincethedifferenceisonlyintheallocationofsubscriberstooperator.)
Mobile,Connections,total,Total,Sub-SaharanAfrica,Ghana,Expresso,212052.0,289066.0,394051,262259,239815,186751,165863,133633,119059,125263,93599,23264,0,0,0,0,0,0,126202,132855,132982,125263,110549,103960,102566,93599,40111,22293,22293,23264,0,0,0,0,0,0,0,0,0,0,0,0,0,0,0,0,0,0,0,0,0,0,0,0,0,0,secondentrant,Expresso,Unknown,Totals,Totals,Notspecified,Totals,All,Standardised,Mobile/Connections/total|Publicationdate:24September2024Basedonhistoricaldatauptoquarter2of2024|TotalactivemobileconnectionsexcludingIoTthatishandsetandmobilebroadbandconnectionsonly.Activesubscribersarethosethathaveusedtheirmobileaccountinthepast3months.Connectionsmetricsrelatetotheend-of-periodfigure.OperatorNotes:ThisoperatorisclassifiedasMobile:secondentrant.Operatorattribution:mobilesubscribersarecountedonanetworkorwholesalebasis(thatiswherecustomersofserviceproviderswithouttheirownnetworkinfrastructureareallocatedtothenetworkoperator(s)thatsupport(s)theirservice).(Totalmarketvaluesarethesameforconnectionsmetricsonaretailornetworkbasissincethedifferenceisonlyintheallocationofsubscriberstooperator.)
Mobile,Connections,total,Total,Sub-SaharanAfrica,Ghana,Tigo,1417244.0,2023091.0,2887927,3094176,3525146,3508372,3170000,3674000,3828521,4042030,3853402,0,0,0,0,0,0,0,3938435,4069535,4006993,4042030,3911598,3905612,3974284,3853402,3867179,3968542,3875000,0,0,0,0,0,0,0,0,0,0,0,0,0,0,0,0,0,0,0,0,0,0,0,0,0,0,0,firstentrant,Tigo,Unknown,Totals,Totals,Notspecified,Totals,All,Standardised,Mobile/Connections/total|Publicationdate:24September2024Basedonhistoricaldatauptoquarter2of2024|TotalactivemobileconnectionsexcludingIoTthatishandsetandmobilebroadbandconnectionsonly.Activesubscribersarethosethathaveusedtheirmobileaccountinthepast3months.Connectionsmetricsrelatetotheend-of-periodfigure.OperatorNotes:ThisoperatorisclassifiedasMobile:firstentrant.Operatorattribution:mobilesubscribersarecountedonanetworkorwholesalebasis(thatiswherecustomersofserviceproviderswithouttheirownnetworkinfrastructureareallocatedtothenetworkoperator(s)thatsupport(s)theirservice).(Totalmarketvaluesarethesameforconnectionsmetricsonaretailornetworkbasissincethedifferenceisonlyintheallocationofsubscriberstooperator.)
Mobile,Connections,total,Total,Sub-SaharanAfrica,Ghana,TelecelGroup(Vodafone),1015987.0,1275764.0,1602000,2601600,2557600,3762880,4388160,4839200,5358760,5474160,5713200,6033350,6468000,6004020,5551260,5463480,4974420,4141774,5355750,5388680,5393240,5474160,5623050,5699220,5683230,5713200,5866340,5965640,6127650,6033350,6052223,6206445,6087050,6468000,6790080,6572940,6193440,6004020,5799420,5666100,5357880,5551260,5893800,6220500,6326100,5463480,5120280,4832520,4902480,4974420,4672871,4087954,4176046,4141774,4107502,4073230,fourthentrant,TelecelGroup(Vodafone),Unknown,Totals,Totals,Notspecified,Totals,All,Standardised,Mobile/Connections/total|Publicationdate:24September2024Basedonhistoricaldatauptoquarter2of2024|TotalactivemobileconnectionsexcludingIoTthatishandsetandmobilebroadbandconnectionsonly.Activesubscribersarethosethathaveusedtheirmobileaccountinthepast3months.Connectionsmetricsrelatetotheend-of-periodfigure.OperatorNotes:ThisoperatorisclassifiedasMobile:fourthentrant.Operatorattribution:mobilesubscribersarecountedonanetworkorwholesalebasis(thatiswherecustomersofserviceproviderswithouttheirownnetworkinfrastructureareallocatedtothenetworkoperator(s)thatsupport(s)theirservice).(Totalmarketvaluesarethesameforconnectionsmetricsonaretailornetworkbasissincethedifferenceisonlyintheallocationofsubscriberstooperator.)
Mobile,Connections,total,Total,Sub-SaharanAfrica,Ghana,Airtel,0.0,0.0,270000,1283000,1719174,2231849,2394116,2478542,2558924,2830021,2796997,0,0,0,0,0,0,0,2554575,2621251,2690480,2830021,2907099,2900816,2887243,2796997,2640479,2566830,2533810,0,0,0,0,0,0,0,0,0,0,0,0,0,0,0,0,0,0,0,0,0,0,0,0,0,0,0,laterentrant,Airtel,Unknown,Totals,Totals,Notspecified,Totals,All,Standardised,Mobile/Connections/total|Publicationdate:24September2024Basedonhistoricaldatauptoquarter2of2024|TotalactivemobileconnectionsexcludingIoTthatishandsetandmobilebroadbandconnectionsonly.Activesubscribersarethosethathaveusedtheirmobileaccountinthepast3months.Connectionsmetricsrelatetotheend-of-periodfigure.OperatorNotes:ThisoperatorisclassifiedasMobile:laterentrant.Operatorattribution:mobilesubscribersarecountedonanetworkorwholesalebasis(thatiswherecustomersofserviceproviderswithouttheirownnetworkinfrastructureareallocatedtothenetworkoperator(s)thatsupport(s)theirservice).(Totalmarketvaluesarethesameforconnectionsmetricsonaretailornetworkbasissincethedifferenceisonlyintheallocationofsubscriberstooperator.)
Mobile,Connections,total,Total,Sub-SaharanAfrica,Ghana,Glo,0.0,0.0,0,0,0,0,1568014,1498011,1450382,1369402,695306,627752,739352,725773,781124,847057,308553,10977,1481903,1445727,1383812,1369402,1048635,897082,828162,695306,769621,732483,781022,627752,698284,743026,779603,739352,723889,721623,719933,725773,728154,746874,762679,781124,784761,814475,885359,847057,786963,989965,353116,308553,221752,112009,39203,10977,0,0,laterentrant,Glo,Unknown,Totals,Totals,Notspecified,Totals,All,Standardised,Mobile/Connections/total|Publicationdate:24September2024Basedonhistoricaldatauptoquarter2of2024|TotalactivemobileconnectionsexcludingIoTthatishandsetandmobilebroadbandconnectionsonly.Activesubscribersarethosethathaveusedtheirmobileaccountinthepast3months.Connectionsmetricsrelatetotheend-of-periodfigure.OperatorNotes:ThisoperatorisclassifiedasMobile:laterentrant.Operatorattribution:mobilesubscribersarecountedonanetworkorwholesalebasis(thatiswherecustomersofserviceproviderswithouttheirownnetworkinfrastructureareallocatedtothenetworkoperator(s)thatsupport(s)theirservice).(Totalmarketvaluesarethesameforconnectionsmetricsonaretailornetworkbasissincethedifferenceisonlyintheallocationofsubscriberstooperator.)
Mobile,Connections,total,Total,Sub-SaharanAfrica,Ghana,AirtelTigo(AT),0.0,0.0,0,0,0,0,0,0,0,0,0,6306000,4847000,4888000,4925000,4863559,3675837,1616604,0,0,0,0,0,0,0,0,0,0,0,6306000,6113000,5784000,5389000,4847000,4804000,4821000,4811000,4888000,4727000,4769000,5106000,4925000,4935000,4976000,5080000,4863559,4872098,4492767,4154510,3675837,3753340,1839807,1891924,1616604,1341284,1065964,laterentrant,AirtelTigo(AT),Unknown,Totals,Totals,Notspecified,Totals,All,Standardised,Mobile/Connections/total|Publicationdate:24September2024Basedonhistoricaldatauptoquarter2of2024|TotalactivemobileconnectionsexcludingIoTthatishandsetandmobilebroadbandconnectionsonly.Activesubscribersarethosethathaveusedtheirmobileaccountinthepast3months.Connectionsmetricsrelatetotheend-of-periodfigure.OperatorNotes:ThisoperatorisclassifiedasMobile:laterentrant.Operatorattribution:mobilesubscribersarecountedonanetworkorwholesalebasis(thatiswherecustomersofserviceproviderswithouttheirownnetworkinfrastructureareallocatedtothenetworkoperator(s)thatsupport(s)theirservice).(Totalmarketvaluesarethesameforconnectionsmetricsonaretailornetworkbasissincethedifferenceisonlyintheallocationofsubscriberstooperator.)
Mobile,Connections,total,Total,Sub-SaharanAfrica,Ghana,Totalmarket,5154513.0,7604053.0,11581978,14921995,16152265,18931812,22130303,23872075,25089846,27007426,28010424,28657366,29844352,31394793,35656384,36524096,37561810,32567355,25391585,26013428,26311767,27007426,27204131,27394100,27554485,28010424,28125940,28483308,28643075,28657366,29014507,29258471,29366653,29844352,30912969,30989563,30905373,31394793,31928574,32698974,34610559,35656384,36595561,36876975,37514459,36524096,37860341,38074252,37909106,37561810,36094962,33341770,31947172,32567355,33233786,33497195,Unknown,Unknown,Unknown,Totals,Totals,Notspecified,Totals,All,Standardised,Mobile/Connections/total|Publicationdate:24September2024Basedonhistoricaldatauptoquarter2of2024|TotalactivemobileconnectionsexcludingIoTthatishandsetandmobilebroadbandconnectionsonly.Activesubscribersarethosethathaveusedtheirmobileaccountinthepast3months.Connectionsmetricsrelatetotheend-of-periodfigure.Operatorattribution:mobilesubscribersarecountedonanetworkorwholesalebasis(thatiswherecustomersofserviceproviderswithouttheirownnetworkinfrastructureareallocatedtothenetworkoperator(s)thatsupport(s)theirservice).(Totalmarketvaluesarethesameforconnectionsmetricsonaretailornetworkbasissincethedifferenceisonlyintheallocationofsubscriberstooperator.)
Mobile,Connections,total,Total,Sub-SaharanAfrica,Kenya,Safaricom,5143500.0,9245000.0,12660000,15150000,16945000,18600000,19320500,21195500,22598500,26208000,27739000,29564000,31321000,35335000,38702000,42879000,43161000,48356000,23347000,24184000,25096000,26208000,25161000,25941000,26611000,27739000,28134000,29229000,29490000,29564000,29570000,29780000,29944000,31321000,31845000,33119000,34570000,35335000,35607000,36587000,38144000,38702000,39902000,41373000,41946000,42879000,42440000,42535000,43173000,43161000,45892000,46665000,48240000,48356000,49018000,49680000,firstentrant,Safaricom,Vodafone,Totals,Totals,Notspecified,Totals,All,Standardised,Mobile/Connections/total|Publicationdate:24September2024Basedonhistoricaldatauptoquarter2of2024|TotalactivemobileconnectionsexcludingIoTthatishandsetandmobilebroadbandconnectionsonly.Activesubscribersarethosethathaveusedtheirmobileaccountinthepast3months.Connectionsmetricsrelatetotheend-of-periodfigure.OperatorNotes:ThisoperatorisclassifiedasMobile:firstentrant.March2017:ownedbyVodafoneKenya(40%)whichisitselfownedbyVodafoneGroup(87.5%)Operatorattribution:mobilesubscribersarecountedonanetworkorwholesalebasis(thatiswherecustomersofserviceproviderswithouttheirownnetworkinfrastructureareallocatedtothenetworkoperator(s)thatsupport(s)theirservice).(Totalmarketvaluesarethesameforconnectionsmetricsonaretailornetworkbasissincethedifferenceisonlyintheallocationofsubscriberstooperator.)
Mobile,Connections,total,Total,Sub-SaharanAfrica,Kenya,Airtel,1939000.0,2104000.0,3079000,2092000,3792404,4272964,5205279,5156269,7610632,8643696,8345916,9300484,13639643,15828444,18355184,17826520,19161424,20891209,7681263,7876107,8300025,8643696,8405932,8604452,9051877,8345916,8121243,8044283,8013182,9300484,10653899,11804862,12405882,13639643,15038774,14719465,15024440,15828444,16408665,17003734,17932179,18355184,18033165,18822825,18575647,17826520,18122646,18443998,18722493,19161424,19173843,19576325,20440683,20891209,21355538,21819867,secondentrant,Airtel,Airtel,Totals,Totals,Notspecified,Totals,All,Standardised,Mobile/Connections/total|Publicationdate:24September2024Basedonhistoricaldatauptoquarter2of2024|TotalactivemobileconnectionsexcludingIoTthatishandsetandmobilebroadbandconnectionsonly.Activesubscribersarethosethathaveusedtheirmobileaccountinthepast3months.Connectionsmetricsrelatetotheend-of-periodfigure.OperatorNotes:ThisoperatorisclassifiedasMobile:secondentrant.Operatorattribution:mobilesubscribersarecountedonanetworkorwholesalebasis(thatiswherecustomersofserviceproviderswithouttheirownnetworkinfrastructureareallocatedtothenetworkoperator(s)thatsupport(s)theirservice).(Totalmarketvaluesarethesameforconnectionsmetricsonaretailornetworkbasissincethedifferenceisonlyintheallocationofsubscriberstooperator.)
Mobile,Connections,total,Total,Sub-SaharanAfrica,Kenya,TelkomKenya,0.0,0.0,360000,762000,1056000,832000,807099,948000,1247000,1961000,2897545,3860559,4447945,3391946,3823457,4143693,3082450,1343276,1469000,1652000,1850000,1961000,1957000,2131450,2514498,2897545,2804509,2898511,3435976,3860559,3804996,3995365,4188517,4447945,4053699,4235632,3559243,3391946,3190661,3441362,3766346,3823457,3844443,4009758,4161354,4143693,3783019,3422345,3237473,3082450,2758192,2522887,2110079,1343276,1478668,1614060,thirdentrant,TelkomKenya,Unknown,Totals,Totals,Notspecified,Totals,All,Standardised,Mobile/Connections/total|Publicationdate:24September2024Basedonhistoricaldatauptoquarter2of2024|TotalactivemobileconnectionsexcludingIoTthatishandsetandmobilebroadbandconnectionsonly.Activesubscribersarethosethathaveusedtheirmobileaccountinthepast3months.Connectionsmetricsrelatetotheend-of-periodfigure.OperatorNotes:ThisoperatorisclassifiedasMobile:thirdentrant.Operatorattribution:mobilesubscribersarecountedonanetworkorwholesalebasis(thatiswherecustomersofserviceproviderswithouttheirownnetworkinfrastructureareallocatedtothenetworkoperator(s)thatsupport(s)theirservice).(Totalmarketvaluesarethesameforconnectionsmetricsonaretailornetworkbasissincethedifferenceisonlyintheallocationofsubscriberstooperator.)
Mobile,Connections,total,Total,Sub-SaharanAfrica,Kenya,EssarTelecom(yu),0.0,0.0,134833,1360559,2016720,2008212,2912985,2496072,0,0,0,0,0,0,0,0,0,0,0,0,0,0,0,0,0,0,0,0,0,0,0,0,0,0,0,0,0,0,0,0,0,0,0,0,0,0,0,0,0,0,0,0,0,0,0,0,fourthentrant,EssarTelecom(yu),Unknown,Totals,Totals,Notspecified,Totals,All,Standardised,Mobile/Connections/total|Publicationdate:24September2024Basedonhistoricaldatauptoquarter2of2024|TotalactivemobileconnectionsexcludingIoTthatishandsetandmobilebroadbandconnectionsonly.Activesubscribersarethosethathaveusedtheirmobileaccountinthepast3months.Connectionsmetricsrelatetotheend-of-periodfigure.OperatorNotes:ThisoperatorisclassifiedasMobile:fourthentrant.Operatorattribution:mobilesubscribersarecountedonanetworkorwholesalebasis(thatiswherecustomersofserviceproviderswithouttheirownnetworkinfrastructureareallocatedtothenetworkoperator(s)thatsupport(s)theirservice).(Totalmarketvaluesarethesameforconnectionsmetricsonaretailornetworkbasissincethedifferenceisonlyintheallocationofsubscriberstooperator.)
Mobile,Connections,total,Total,Sub-SaharanAfrica,Kenya,JamiiTelecommunications(Faiba),0.0,0.0,0,0,0,0,0,0,0,0,0,6000,62069,111495,160921,236332,332585,498068,0,0,0,0,0,0,0,0,0,0,0,6000,25000,37356,49713,62069,74426,86782,99139,111495,123852,136208,148565,160921,178065,196301,214229,236332,254314,272392,296402,332585,368250,411549,456277,498068,545819,593570,laterentrant,JamiiTelecommunications(Faiba),Unknown,Totals,Totals,Notspecified,Totals,All,Standardised,Mobile/Connections/total|Publicationdate:24September2024Basedonhistoricaldatauptoquarter2of2024|TotalactivemobileconnectionsexcludingIoTthatishandsetandmobilebroadbandconnectionsonly.Activesubscribersarethosethathaveusedtheirmobileaccountinthepast3months.Connectionsmetricsrelatetotheend-of-periodfigure.OperatorNotes:ThisoperatorisclassifiedasMobile:laterentrant.Operatorattribution:mobilesubscribersarecountedonanetworkorwholesalebasis(thatiswherecustomersofserviceproviderswithouttheirownnetworkinfrastructureareallocatedtothenetworkoperator(s)thatsupport(s)theirservice).(Totalmarketvaluesarethesameforconnectionsmetricsonaretailornetworkbasissincethedifferenceisonlyintheallocationofsubscriberstooperator.)
Mobile,Connections,total,Total,Sub-SaharanAfrica,Kenya,Totalmarket,7082500.0,11349000.0,16233833,19364559,23810124,25713176,28245863,29795841,31456132,36812696,38982461,42731043,49470657,54666885,61041562,65085545,65737459,71088553,32497263,33712107,35246025,36812696,35523932,36676902,38177375,38982461,39059752,40171794,40939158,42731043,44053895,45617583,46588112,49470657,51011899,52160879,53252822,54666885,55330178,57168304,59991090,61041562,61957673,64401884,64897230,65085545,64599979,64673735,65429368,65737459,68192285,69175761,71247039,71088553,72398025,73707497,Unknown,Unknown,Unknown,Totals,Totals,Notspecified,Totals,All,Standardised,Mobile/Connections/total|Publicationdate:24September2024Basedonhistoricaldatauptoquarter2of2024|TotalactivemobileconnectionsexcludingIoTthatishandsetandmobilebroadbandconnectionsonly.Activesubscribersarethosethathaveusedtheirmobileaccountinthepast3months.Connectionsmetricsrelatetotheend-of-periodfigure.Operatorattribution:mobilesubscribersarecountedonanetworkorwholesalebasis(thatiswherecustomersofserviceproviderswithouttheirownnetworkinfrastructureareallocatedtothenetworkoperator(s)thatsupport(s)theirservice).(Totalmarketvaluesarethesameforconnectionsmetricsonaretailornetworkbasissincethedifferenceisonlyintheallocationofsubscriberstooperator.)
Mobile,Connections,total,Total,Sub-SaharanAfrica,Nigeria,MTN,12281000.0,16511000.0,23077000,30827000,37701150,40206759,45368927,52088950,53715695,53719914,53173934,52273000,58197000,64310000,76548000,68471000,75635000,79663000,54533898,55704782,55113831,53719914,49755219,51159966,52162072,53173934,51652984,49321569,50308000,52273000,54529000,55185000,56035000,58197000,60265000,61498000,61633000,64310000,68489000,71105000,75025000,76548000,71512000,68921000,67542000,68471000,70185000,74156000,74099000,75635000,76751000,77122000,77645000,79663000,77749000,79393000,firstentrant,MTN,MTN,Totals,Totals,Notspecified,Totals,All,Standardised,Mobile/Connections/total|Publicationdate:24September2024Basedonhistoricaldatauptoquarter2of2024|TotalactivemobileconnectionsexcludingIoTthatishandsetandmobilebroadbandconnectionsonly.Activesubscribersarethosethathaveusedtheirmobileaccountinthepast3months.Connectionsmetricsrelatetotheend-of-periodfigure.OperatorNotes:ThisoperatorisclassifiedasMobile:firstentrant.Operatorattribution:mobilesubscribersarecountedonanetworkorwholesalebasis(thatiswherecustomersofserviceproviderswithouttheirownnetworkinfrastructureareallocatedtothenetworkoperator(s)thatsupport(s)theirservice).(Totalmarketvaluesarethesameforconnectionsmetricsonaretailornetworkbasissincethedifferenceisonlyintheallocationofsubscriberstooperator.)
Mobile,Connections,total,Total,Sub-SaharanAfrica,Nigeria,Airtel,6396000.0,11098000.0,17197000,14777000,15834243,18028385,23092195,24847567,27556544,32268301,34116409,37233819,44180484,50186988,55642209,53926886,60065904,61834105,28680757,29564766,31134625,32268301,33680757,31978848,32775916,34116409,34656605,34126901,34625744,37233819,38964324,39898448,41313633,44180484,45238335,45929995,48909678,50186988,51298878,52462347,55250798,55642209,50384950,50665723,51035565,53926886,55370983,58143494,58403066,60065904,60328560,60190732,60272854,61834105,63357061,64231217,firstentrant,Airtel,Airtel,Totals,Totals,Notspecified,Totals,All,Standardised,Mobile/Connections/total|Publicationdate:24September2024Basedonhistoricaldatauptoquarter2of2024|TotalactivemobileconnectionsexcludingIoTthatishandsetandmobilebroadbandconnectionsonly.Activesubscribersarethosethathaveusedtheirmobileaccountinthepast3months.Connectionsmetricsrelatetotheend-of-periodfigure.OperatorNotes:ThisoperatorisclassifiedasMobile:firstentrant.Operatorattribution:mobilesubscribersarecountedonanetworkorwholesalebasis(thatiswherecustomersofserviceproviderswithouttheirownnetworkinfrastructureareallocatedtothenetworkoperator(s)thatsupport(s)theirservice).(Totalmarketvaluesarethesameforconnectionsmetricsonaretailornetworkbasissincethedifferenceisonlyintheallocationofsubscriberstooperator.)
Mobile,Connections,total,Total,Sub-SaharanAfrica,Nigeria,Globacom,8400000.0,11310771.0,16377008,17543834,19627415,19886014,24124716,25933867,28219089,32999384,37357843,38169780,45255297,51700052,54840192,54817353,60290012,61604576,29577125,31256677,31306472,32999384,34608793,36320572,36967712,37357843,37328827,37411407,37349979,38169780,39042979,40108508,40856649,45255297,46203703,46594981,49211474,51700052,51856114,52573907,54254550,54840192,52918718,50130540,52934990,54817353,55881893,56226479,59395911,60290012,60799946,61333528,61451508,61604576,62191448,62778320,thirdentrant,Globacom,Unknown,Totals,Totals,Notspecified,Totals,All,Standardised,Mobile/Connections/total|Publicationdate:24September2024Basedonhistoricaldatauptoquarter2of2024|TotalactivemobileconnectionsexcludingIoTthatishandsetandmobilebroadbandconnectionsonly.Activesubscribersarethosethathaveusedtheirmobileaccountinthepast3months.Connectionsmetricsrelatetotheend-of-periodfigure.OperatorNotes:ThisoperatorisclassifiedasMobile:thirdentrant.Operatorattribution:mobilesubscribersarecountedonanetworkorwholesalebasis(thatiswherecustomersofserviceproviderswithouttheirownnetworkinfrastructureareallocatedtothenetworkoperator(s)thatsupport(s)theirservice).(Totalmarketvaluesarethesameforconnectionsmetricsonaretailornetworkbasissincethedifferenceisonlyintheallocationofsubscriberstooperator.)
Mobile,Connections,total,Total,Sub-SaharanAfrica,Nigeria,9Mobile,0.0,0.0,314942,2923972,6791986,10752230,14912801,17035276,21103749,22161290,20809889,16955392,15917015,13641995,12982149,12789344,12852706,13935482,22235557,22852232,23492214,22161290,21877542,22469896,22534800,20809889,19621806,18022674,17203940,16955392,16318508,15811684,15355061,15917015,16838403,15965250,15965096,13641995,12123185,12111674,12729222,12982149,12850383,12908092,12983433,12789344,12770917,12659356,12842575,12852706,13140608,13578431,13762115,13935482,11657703,10317916,fourthentrant,9Mobile,Unknown,Totals,Totals,Notspecified,Totals,All,Standardised,Mobile/Connections/total|Publicationdate:24September2024Basedonhistoricaldatauptoquarter2of2024|TotalactivemobileconnectionsexcludingIoTthatishandsetandmobilebroadbandconnectionsonly.Activesubscribersarethosethathaveusedtheirmobileaccountinthepast3months.Connectionsmetricsrelatetotheend-of-periodfigure.OperatorNotes:ThisoperatorisclassifiedasMobile:fourthentrant.Operatorattribution:mobilesubscribersarecountedonanetworkorwholesalebasis(thatiswherecustomersofserviceproviderswithouttheirownnetworkinfrastructureareallocatedtothenetworkoperator(s)thatsupport(s)theirservice).(Totalmarketvaluesarethesameforconnectionsmetricsonaretailornetworkbasissincethedifferenceisonlyintheallocationofsubscriberstooperator.)
Mobile,Connections,total,Total,Sub-SaharanAfrica,Nigeria,otheroperators,923000.0,1475840.0,6022542,7027503,6102105,4601070,2837485,2293700,2287845,2348727,524180,478040,259876,300586,265604,229248,249272,188808,2273785,2328081,2204515,2348727,1390031,689092,542499,524180,543418,537682,513660,478040,437511,398761,277181,259876,264767,283658,286328,300586,323340,369637,275174,265604,226851,230050,226754,229248,251511,263434,250517,249272,243553,223801,316200,188808,176143,163478,Unknown,Unknown,Unknown,Totals,Totals,Notspecified,Totals,All,Standardised,Mobile/Connections/total|Publicationdate:24September2024Basedonhistoricaldatauptoquarter2of2024|TotalactivemobileconnectionsexcludingIoTthatishandsetandmobilebroadbandconnectionsonly.Activesubscribersarethosethathaveusedtheirmobileaccountinthepast3months.Connectionsmetricsrelatetotheend-of-periodfigure.OperatorNotes:ThisoperatorisclassifiedasMobile:n/a.Operatorattribution:mobilesubscribersarecountedonanetworkorwholesalebasis(thatiswherecustomersofserviceproviderswithouttheirownnetworkinfrastructureareallocatedtothenetworkoperator(s)thatsupport(s)theirservice).(Totalmarketvaluesarethesameforconnectionsmetricsonaretailornetworkbasissincethedifferenceisonlyintheallocationofsubscriberstooperator.)
Mobile,Connections,total,Total,Sub-SaharanAfrica,Nigeria,Totalmarket,28000000.0,40395611.0,62988492,73099310,86056899,93474458,110336124,122199360,132882922,143497616,145982255,145110031,163809672,180139621,200278154,190233831,209092894,217225971,137301122,141706538,143251657,143497616,141312342,142618374,144982999,145982255,143803639,139420232,140001323,145110031,149292322,151402401,153837524,163809672,168810208,170271884,176005576,180139621,184090517,188622565,197534744,200278154,187892902,182855405,184722742,190233831,194460304,201448763,204991069,209092894,211263667,212448492,213447677,217225971,215131355,216883931,Unknown,Unknown,Unknown,Totals,Totals,Notspecified,Totals,All,Standardised,Mobile/Connections/total|Publicationdate:24September2024Basedonhistoricaldatauptoquarter2of2024|TotalactivemobileconnectionsexcludingIoTthatishandsetandmobilebroadbandconnectionsonly.Activesubscribersarethosethathaveusedtheirmobileaccountinthepast3months.Connectionsmetricsrelatetotheend-of-periodfigure.Operatorattribution:mobilesubscribersarecountedonanetworkorwholesalebasis(thatiswherecustomersofserviceproviderswithouttheirownnetworkinfrastructureareallocatedtothenetworkoperator(s)thatsupport(s)theirservice).(Totalmarketvaluesarethesameforconnectionsmetricsonaretailornetworkbasissincethedifferenceisonlyintheallocationofsubscriberstooperator.)
Mobile,Connections,total,Total,Sub-SaharanAfrica,Rwanda,MTN,0.0,636646.0,1125083,1786672,2432423,2728354,3196721,3256410,3426009,3542974,3356566,3413000,4465000,5203000,6076000,6435000,6816000,7261000,3451074,3475615,3484875,3542974,3418539,3362346,3416593,3356566,3445000,3510000,3575000,3413000,3574000,3805000,4203000,4465000,4600000,4677000,4906000,5203000,5205000,5407000,5896000,6076000,6162000,6475000,6428000,6435000,6468000,6585000,6792000,6816000,6919000,6977000,7170000,7261000,7405000,7501000,firstentrant,MTN,MTN,Totals,Totals,Notspecified,Totals,All,Standardised,Mobile/Connections/total|Publicationdate:24September2024Basedonhistoricaldatauptoquarter2of2024|TotalactivemobileconnectionsexcludingIoTthatishandsetandmobilebroadbandconnectionsonly.Activesubscribersarethosethathaveusedtheirmobileaccountinthepast3months.Connectionsmetricsrelatetotheend-of-periodfigure.OperatorNotes:ThisoperatorisclassifiedasMobile:firstentrant.Operatorattribution:mobilesubscribersarecountedonanetworkorwholesalebasis(thatiswherecustomersofserviceproviderswithouttheirownnetworkinfrastructureareallocatedtothenetworkoperator(s)thatsupport(s)theirservice).(Totalmarketvaluesarethesameforconnectionsmetricsonaretailornetworkbasissincethedifferenceisonlyintheallocationofsubscriberstooperator.)
Mobile,Connections,total,Total,Sub-SaharanAfrica,Rwanda,MillicomRwanda(Tigo),0.0,0.0,0,74785,549532,1192259,1192259,1938000,2499395,2742000,2905000,2836000,0,0,0,0,0,0,2484000,2565000,2663000,2742000,2743000,2747000,2868000,2905000,2888000,2856433,2903000,2836000,2901000,2967490,3035503,0,0,0,0,0,0,0,0,0,0,0,0,0,0,0,0,0,0,0,0,0,0,0,thirdentrant,MillicomRwanda(Tigo),Unknown,Totals,Totals,Notspecified,Totals,All,Standardised,Mobile/Connections/total|Publicationdate:24September2024Basedonhistoricaldatauptoquarter2of2024|TotalactivemobileconnectionsexcludingIoTthatishandsetandmobilebroadbandconnectionsonly.Activesubscribersarethosethathaveusedtheirmobileaccountinthepast3months.Connectionsmetricsrelatetotheend-of-periodfigure.OperatorNotes:ThisoperatorisclassifiedasMobile:thirdentrant.Operatorattribution:mobilesubscribersarecountedonanetworkorwholesalebasis(thatiswherecustomersofserviceproviderswithouttheirownnetworkinfrastructureareallocatedtothenetworkoperator(s)thatsupport(s)theirservice).(Totalmarketvaluesarethesameforconnectionsmetricsonaretailornetworkbasissincethedifferenceisonlyintheallocationofsubscriberstooperator.)
Mobile,Connections,total,Total,Sub-SaharanAfrica,Rwanda,AirtelRwanda,0.0,0.0,0,0,0,0,391072,957630,1159510,1578789,1596385,1634379,5032407,4286149,4057335,3948466,3913172,4870530,1232640,1336679,1510304,1578789,1676372,1832964,1581378,1596385,1597247,1586018,1628510,1634379,1665253,1594876,1548520,5032407,4511745,4165530,4293321,4286149,4402971,3965826,4101342,4057335,4016609,4048629,4072370,3948466,3714934,3636488,3755693,3913172,4173475,4465810,4785506,4870530,5062975,5255420,fourthentrant,AirtelRwanda,Airtel,Totals,Totals,Notspecified,Totals,All,Standardised,Mobile/Connections/total|Publicationdate:24September2024Basedonhistoricaldatauptoquarter2of2024|TotalactivemobileconnectionsexcludingIoTthatishandsetandmobilebroadbandconnectionsonly.Activesubscribersarethosethathaveusedtheirmobileaccountinthepast3months.Connectionsmetricsrelatetotheend-of-periodfigure.OperatorNotes:ThisoperatorisclassifiedasMobile:fourthentrant.Operatorattribution:mobilesubscribersarecountedonanetworkorwholesalebasis(thatiswherecustomersofserviceproviderswithouttheirownnetworkinfrastructureareallocatedtothenetworkoperator(s)thatsupport(s)theirservice).(Totalmarketvaluesarethesameforconnectionsmetricsonaretailornetworkbasissincethedifferenceisonlyintheallocationofsubscriberstooperator.)
Mobile,Connections,total,Total,Sub-SaharanAfrica,Rwanda,RwandaTel,0.0,0.0,197554,298543,306706,0,0,0,0,0,0,0,0,0,0,0,0,0,0,0,0,0,0,0,0,0,0,0,0,0,0,0,0,0,0,0,0,0,0,0,0,0,0,0,0,0,0,0,0,0,0,0,0,0,0,0,secondentrant,RwandaTel,Unknown,Totals,Totals,Notspecified,Totals,All,Standardised,Mobile/Connections/total|Publicationdate:24September2024Basedonhistoricaldatauptoquarter2of2024|TotalactivemobileconnectionsexcludingIoTthatishandsetandmobilebroadbandconnectionsonly.Activesubscribersarethosethathaveusedtheirmobileaccountinthepast3months.Connectionsmetricsrelatetotheend-of-periodfigure.OperatorNotes:ThisoperatorisclassifiedasMobile:secondentrant.Operatorattribution:mobilesubscribersarecountedonanetworkorwholesalebasis(thatiswherecustomersofserviceproviderswithouttheirownnetworkinfrastructureareallocatedtothenetworkoperator(s)thatsupport(s)theirservice).(Totalmarketvaluesarethesameforconnectionsmetricsonaretailornetworkbasissincethedifferenceisonlyintheallocationofsubscriberstooperator.)
Mobile,Connections,total,Total,Sub-SaharanAfrica,Rwanda,Totalmarket,0.0,636646.0,1322637,2160000,3288661,3920613,4780052,6152040,7084914,7863763,7857951,7883379,9497407,9489149,10133335,10383466,10729172,12131530,7167714,7377294,7658179,7863763,7837911,7942310,7865971,7857951,7930247,7952451,8106510,7883379,8140253,8367366,8787023,9497407,9111745,8842530,9199321,9489149,9607971,9372826,9997342,10133335,10178609,10523629,10500370,10383466,10182934,10221488,10547693,10729172,11092475,11442810,11955506,12131530,12467975,12756420,Unknown,Unknown,Unknown,Totals,Totals,Notspecified,Totals,All,Standardised,Mobile/Connections/total|Publicationdate:24September2024Basedonhistoricaldatauptoquarter2of2024|TotalactivemobileconnectionsexcludingIoTthatishandsetandmobilebroadbandconnectionsonly.Activesubscribersarethosethathaveusedtheirmobileaccountinthepast3months.Connectionsmetricsrelatetotheend-of-periodfigure.Operatorattribution:mobilesubscribersarecountedonanetworkorwholesalebasis(thatiswherecustomersofserviceproviderswithouttheirownnetworkinfrastructureareallocatedtothenetworkoperator(s)thatsupport(s)theirservice).(Totalmarketvaluesarethesameforconnectionsmetricsonaretailornetworkbasissincethedifferenceisonlyintheallocationofsubscriberstooperator.)
Mobile,Connections,total,Total,Sub-SaharanAfrica,SouthAfrica,Vodacom,19204471.0,21162094.0,23458128,23893875,22332923,26469667,29421000,30964000,31379000,34103000,36400000,41602000,43838000,44341000,44312000,45772000,44668000,51256000,32115000,33309000,33745000,34103000,34178000,33734000,35685000,36400000,37131000,39381000,40000000,41602000,41635000,43107000,44089000,43838000,43166000,43774000,43859000,44341000,41312000,39433000,42862000,44312000,44061000,44601000,45428000,45772000,45459000,45086000,45512000,44668000,44230000,44812000,47256000,51256000,51654000,48974000,firstentrant,Vodacom,Vodafone,Totals,Totals,Notspecified,Totals,All,Standardised,Mobile/Connections/total|Publicationdate:24September2024Basedonhistoricaldatauptoquarter2of2024|TotalactivemobileconnectionsexcludingIoTthatishandsetandmobilebroadbandconnectionsonly.Activesubscribersarethosethathaveusedtheirmobileaccountinthepast3months.Connectionsmetricsrelatetotheend-of-periodfigure.OperatorNotes:ThisoperatorisclassifiedasMobile:firstentrant.Operatorattribution:mobilesubscribersarecountedonanetworkorwholesalebasis(thatiswherecustomersofserviceproviderswithouttheirownnetworkinfrastructureareallocatedtothenetworkoperator(s)thatsupport(s)theirservice).(Totalmarketvaluesarethesameforconnectionsmetricsonaretailornetworkbasissincethedifferenceisonlyintheallocationofsubscriberstooperator.)
Mobile,Connections,total,Total,Sub-SaharanAfrica,SouthAfrica,MTN,12656000.0,14799000.0,17169000,16067000,18842000,22033000,25421000,25700000,27993000,30588000,30764000,29516000,31191000,28890000,32095000,34994000,36538000,37431000,27957000,28504000,29078000,30588000,30070000,29805000,29668000,30764000,30231000,31216000,30908000,29516000,29806000,30176000,29472000,31191000,30010000,29248000,28948000,28890000,28966000,29069000,30896000,32095000,32214000,32667000,33516000,34994000,34508000,35345000,35879000,36538000,35924000,36739000,36798000,37431000,37094000,38465000,firstentrant,MTN,MTN,Totals,Totals,Notspecified,Totals,All,Standardised,Mobile/Connections/total|Publicationdate:24September2024Basedonhistoricaldatauptoquarter2of2024|TotalactivemobileconnectionsexcludingIoTthatishandsetandmobilebroadbandconnectionsonly.Activesubscribersarethosethathaveusedtheirmobileaccountinthepast3months.Connectionsmetricsrelatetotheend-of-periodfigure.OperatorNotes:ThisoperatorisclassifiedasMobile:firstentrant.Operatorattribution:mobilesubscribersarecountedonanetworkorwholesalebasis(thatiswherecustomersofserviceproviderswithouttheirownnetworkinfrastructureareallocatedtothenetworkoperator(s)thatsupport(s)theirservice).(Totalmarketvaluesarethesameforconnectionsmetricsonaretailornetworkbasissincethedifferenceisonlyintheallocationofsubscriberstooperator.)
Mobile,Connections,total,Total,Sub-SaharanAfrica,SouthAfrica,CellC,2058195.0,3393383.0,4264960,5865000,6970000,7777500,8585000,11560000,16660000,14598316,15300000,16300000,16829000,14024000,12193000,12498919,12681959,10071239,16915000,16516487,15623523,14598316,13803073,13600000,14211406,15300000,15550000,15800000,16050000,16300000,16470887,16564500,16696750,16829000,16409172,15739063,14920602,14024000,12704000,11384000,11838412,12193000,12381388,12471000,12530401,12498919,12349149,12316003,12560024,12681959,12269213,11415609,10341577,10071239,9807968,9551579,thirdentrant,CellC,Unknown,Totals,Totals,Notspecified,Totals,All,Standardised,Mobile/Connections/total|Publicationdate:24September2024Basedonhistoricaldatauptoquarter2of2024|TotalactivemobileconnectionsexcludingIoTthatishandsetandmobilebroadbandconnectionsonly.Activesubscribersarethosethathaveusedtheirmobileaccountinthepast3months.Connectionsmetricsrelatetotheend-of-periodfigure.OperatorNotes:ThisoperatorisclassifiedasMobile:thirdentrant.Operatorattribution:mobilesubscribersarecountedonanetworkorwholesalebasis(thatiswherecustomersofserviceproviderswithouttheirownnetworkinfrastructureareallocatedtothenetworkoperator(s)thatsupport(s)theirservice).(Totalmarketvaluesarethesameforconnectionsmetricsonaretailornetworkbasissincethedifferenceisonlyintheallocationofsubscriberstooperator.)
Mobile,Connections,total,Total,Sub-SaharanAfrica,SouthAfrica,Telkom,0.0,0.0,0,0,100000,1311848,1514674,1700924,2105635,2565793,3605556,4786192,8112913,11748370,14506136,16597661,18142928,18298082,2186774,2221589,2256404,2565793,2706687,2959593,3212499,3605556,3998613,4181561,4364508,4786192,5207876,5876489,6545101,8112913,9680725,10591092,11501458,11748370,11995281,12840985,13686689,14506136,15325582,15792220,16258857,16597661,16936464,17479994,18023524,18142928,18262331,18274246,18286160,18298082,18310012,18321950,fourthentrant,Telkom,Unknown,Totals,Totals,Notspecified,Totals,All,Standardised,Mobile/Connections/total|Publicationdate:24September2024Basedonhistoricaldatauptoquarter2of2024|TotalactivemobileconnectionsexcludingIoTthatishandsetandmobilebroadbandconnectionsonly.Activesubscribersarethosethathaveusedtheirmobileaccountinthepast3months.Connectionsmetricsrelatetotheend-of-periodfigure.OperatorNotes:ThisoperatorisclassifiedasMobile:fourthentrant.Operatorattribution:mobilesubscribersarecountedonanetworkorwholesalebasis(thatiswherecustomersofserviceproviderswithouttheirownnetworkinfrastructureareallocatedtothenetworkoperator(s)thatsupport(s)theirservice).(Totalmarketvaluesarethesameforconnectionsmetricsonaretailornetworkbasissincethedifferenceisonlyintheallocationofsubscriberstooperator.)
Mobile,Connections,total,Total,Sub-SaharanAfrica,SouthAfrica,Rain,0.0,0.0,0,0,0,0,0,0,0,0,0,0,19578,45683,368715,525015,652065,812604,0,0,0,0,0,0,0,0,0,0,0,0,0,6526,13052,19578,26105,32631,39157,45683,52209,168253,285620,368715,411207,448170,485054,525015,563179,597721,626729,652065,683529,708100,753513,812604,875056,943674,laterentrant,Rain,Unknown,Totals,Totals,Notspecified,Totals,All,Standardised,Mobile/Connections/total|Publicationdate:24September2024Basedonhistoricaldatauptoquarter2of2024|TotalactivemobileconnectionsexcludingIoTthatishandsetandmobilebroadbandconnectionsonly.Activesubscribersarethosethathaveusedtheirmobileaccountinthepast3months.Connectionsmetricsrelatetotheend-of-periodfigure.OperatorNotes:ThisoperatorisclassifiedasMobile:laterentrant.Operatorattribution:mobilesubscribersarecountedonanetworkorwholesalebasis(thatiswherecustomersofserviceproviderswithouttheirownnetworkinfrastructureareallocatedtothenetworkoperator(s)thatsupport(s)theirservice).(Totalmarketvaluesarethesameforconnectionsmetricsonaretailornetworkbasissincethedifferenceisonlyintheallocationofsubscriberstooperator.)
Mobile,Connections,total,Total,Sub-SaharanAfrica,SouthAfrica,Totalmarket,33918666.0,39354478.0,44892088,45825875,48244923,57592015,64941674,69924924,78137635,81855109,86069556,92204192,99990491,99049052,103474850,110387594,112682952,117868925,79173774,80551076,80702927,81855109,80757760,80098593,82776905,86069556,86910613,90578561,91322508,92204192,93119763,95730515,96815903,99990491,99292001,99384785,99268216,99049052,95029490,92895238,99568722,103474850,104393177,105979389,108218312,110387594,109815792,110824718,112601277,112682952,111369073,111948955,113435250,117868925,117741036,116256204,Unknown,Unknown,Unknown,Totals,Totals,Notspecified,Totals,All,Standardised,Mobile/Connections/total|Publicationdate:24September2024Basedonhistoricaldatauptoquarter2of2024|TotalactivemobileconnectionsexcludingIoTthatishandsetandmobilebroadbandconnectionsonly.Activesubscribersarethosethathaveusedtheirmobileaccountinthepast3months.Connectionsmetricsrelatetotheend-of-periodfigure.Operatorattribution:mobilesubscribersarecountedonanetworkorwholesalebasis(thatiswherecustomersofserviceproviderswithouttheirownnetworkinfrastructureareallocatedtothenetworkoperator(s)thatsupport(s)theirservice).(Totalmarketvaluesarethesameforconnectionsmetricsonaretailornetworkbasissincethedifferenceisonlyintheallocationofsubscriberstooperator.)
Mobile,Connections,total,Total,Sub-SaharanAfrica,Tanzania,Vodacom,5975580.0,3909942.0,5505826,7031755,8901988,12010096,9747575,10853346,12471029,13411706,13158958,13661137,14969050,16525084,16431532,16713284,19019181,22173937,12860233,12680990,13228362,13411706,13077733,12770222,13080438,13158958,13420247,13373322,13646776,13661137,13665417,14074918,14816901,14969050,15032136,15235940,15680353,16525084,16424134,15558540,15792582,16431532,16781855,16789328,16892854,16713284,17563723,18032438,18558168,19019181,19391367,19961120,21445390,22173937,23024261,24027202,secondentrant,Vodacom,Vodafone,Totals,Totals,Notspecified,Totals,All,Standardised,Mobile/Connections/total|Publicationdate:24September2024Basedonhistoricaldatauptoquarter2of2024|TotalactivemobileconnectionsexcludingIoTthatishandsetandmobilebroadbandconnectionsonly.Activesubscribersarethosethathaveusedtheirmobileaccountinthepast3months.Connectionsmetricsrelatetotheend-of-periodfigure.OperatorNotes:ThisoperatorisclassifiedasMobile:secondentrant.Operatorattribution:mobilesubscribersarecountedonanetworkorwholesalebasis(thatiswherecustomersofserviceproviderswithouttheirownnetworkinfrastructureareallocatedtothenetworkoperator(s)thatsupport(s)theirservice).(Totalmarketvaluesarethesameforconnectionsmetricsonaretailornetworkbasissincethedifferenceisonlyintheallocationofsubscriberstooperator.)
Mobile,Connections,total,Total,Sub-SaharanAfrica,Tanzania,AxianTelecom,760874.0,1203715.0,2615795,4267976,4597033,5630957,6636246,6642709,9107326,13661727,13520344,12739359,14538940,14490627,14782247,15204306,16675345,20533006,9788183,10610147,11241004,13661727,13981210,13780201,14010803,13520344,13006555,13103725,12680109,12739359,13123997,13863489,14252692,14538940,14491400,13637994,13617252,14490627,14292216,14269358,14144543,14782247,15321118,14862016,15246965,15204306,15634334,15652133,16084624,16675345,17348381,18257214,18968121,20533006,21116822,22392131,secondentrant,AxianTelecom,Unknown,Totals,Totals,Notspecified,Totals,All,Standardised,Mobile/Connections/total|Publicationdate:24September2024Basedonhistoricaldatauptoquarter2of2024|TotalactivemobileconnectionsexcludingIoTthatishandsetandmobilebroadbandconnectionsonly.Activesubscribersarethosethathaveusedtheirmobileaccountinthepast3months.Connectionsmetricsrelatetotheend-of-periodfigure.OperatorNotes:ThisoperatorisclassifiedasMobile:secondentrant.PreviouslyTigo.TheacquisitiondealofTigobyAxianwassignedinApril2022andapprovedbytheregulatorinJuly2022.Operatorattribution:mobilesubscribersarecountedonanetworkorwholesalebasis(thatiswherecustomersofserviceproviderswithouttheirownnetworkinfrastructureareallocatedtothenetworkoperator(s)thatsupport(s)theirservice).(Totalmarketvaluesarethesameforconnectionsmetricsonaretailornetworkbasissincethedifferenceisonlyintheallocationofsubscriberstooperator.)
Mobile,Connections,total,Total,Sub-SaharanAfrica,Tanzania,ZanzibarTelecom(Zantel),355246.0,685617.0,1076697,1408254,1745922,1573246,3201740,1907574,1815440,0,0,0,0,0,0,0,0,0,1827138,1721184,1650406,0,0,0,0,0,0,0,0,0,0,0,0,0,0,0,0,0,0,0,0,0,0,0,0,0,0,0,0,0,0,0,0,0,0,0,firstentrant,ZanzibarTelecom(Zantel),Unknown,Totals,Totals,Notspecified,Totals,All,Standardised,Mobile/Connections/total|Publicationdate:24September2024Basedonhistoricaldatauptoquarter2of2024|TotalactivemobileconnectionsexcludingIoTthatishandsetandmobilebroadbandconnectionsonly.Activesubscribersarethosethathaveusedtheirmobileaccountinthepast3months.Connectionsmetricsrelatetotheend-of-periodfigure.OperatorNotes:ThisoperatorisclassifiedasMobile:firstentrant.Operatorattribution:mobilesubscribersarecountedonanetworkorwholesalebasis(thatiswherecustomersofserviceproviderswithouttheirownnetworkinfrastructureareallocatedtothenetworkoperator(s)thatsupport(s)theirservice).(Totalmarketvaluesarethesameforconnectionsmetricsonaretailornetworkbasissincethedifferenceisonlyintheallocationofsubscriberstooperator.)
Mobile,Connections,total,Total,Sub-SaharanAfrica,Tanzania,Airtel,1516832.0,2530855.0,3931919,5016000,6181818,7224605,8704266,9489266,10086565,11653486,11078742,11526816,11593909,13414407,14540608,15439191,17382634,19957357,10252726,10865705,11503161,11653486,11324707,10914974,11123314,11078742,10836359,10974915,11224545,11526816,11675819,11803198,11568456,11593909,12118004,12214814,12595343,13414407,14105268,13845583,14311357,14540608,14524565,14878618,15382365,15439191,15471668,16037823,17013408,17382634,17824631,18278884,19285249,19957357,19939275,20300502,fourthentrant,Airtel,Airtel,Totals,Totals,Notspecified,Totals,All,Standardised,Mobile/Connections/total|Publicationdate:24September2024Basedonhistoricaldatauptoquarter2of2024|TotalactivemobileconnectionsexcludingIoTthatishandsetandmobilebroadbandconnectionsonly.Activesubscribersarethosethathaveusedtheirmobileaccountinthepast3months.Connectionsmetricsrelatetotheend-of-periodfigure.OperatorNotes:ThisoperatorisclassifiedasMobile:fourthentrant.Operatorattribution:mobilesubscribersarecountedonanetworkorwholesalebasis(thatiswherecustomersofserviceproviderswithouttheirownnetworkinfrastructureareallocatedtothenetworkoperator(s)thatsupport(s)theirservice).(Totalmarketvaluesarethesameforconnectionsmetricsonaretailornetworkbasissincethedifferenceisonlyintheallocationofsubscriberstooperator.)
Mobile,Connections,total,Total,Sub-SaharanAfrica,Tanzania,Halotel,0.0,0.0,0,0,0,0,0,0,0,1293964,3643260,4034499,4172297,4894244,7171798,7561981,8398296,8891387,0,0,0,1293964,1900600,2823373,3275644,3643260,3711775,4030255,3998039,4034499,3766611,3868983,4129448,4172297,3925377,4465982,4583238,4894244,5476785,6347708,6721258,7171798,7777343,7965216,7740502,7561981,7449883,7364458,7638329,8398296,8513779,8781761,8624076,8891387,9684582,10220900,laterentrant,Halotel,Unknown,Totals,Totals,Notspecified,Totals,All,Standardised,Mobile/Connections/total|Publicationdate:24September2024Basedonhistoricaldatauptoquarter2of2024|TotalactivemobileconnectionsexcludingIoTthatishandsetandmobilebroadbandconnectionsonly.Activesubscribersarethosethathaveusedtheirmobileaccountinthepast3months.Connectionsmetricsrelatetotheend-of-periodfigure.OperatorNotes:ThisoperatorisclassifiedasMobile:laterentrant.Operatorattribution:mobilesubscribersarecountedonanetworkorwholesalebasis(thatiswherecustomersofserviceproviderswithouttheirownnetworkinfrastructureareallocatedtothenetworkoperator(s)thatsupport(s)theirservice).(Totalmarketvaluesarethesameforconnectionsmetricsonaretailornetworkbasissincethedifferenceisonlyintheallocationofsubscriberstooperator.)
Mobile,Connections,total,Total,Sub-SaharanAfrica,Tanzania,TanzaniaTelecommunicationsCompany(TTCL),0.0,0.0,0,0,0,0,0,0,164970,174536,176291,321433,621458,954011,937115,1829423,1475933,1634928,169390,172953,174380,174536,176262,177033,176327,176291,222378,298843,234278,321433,366333,462068,447729,621458,765126,675187,819170,954011,1174003,659822,799881,937115,1068592,1291054,1481718,1829423,1890403,1795274,1482518,1475933,1490864,1540910,1604498,1634928,1658616,1696064,laterentrant,TanzaniaTelecommunicationsCompany(TTCL),Unknown,Totals,Totals,Notspecified,Totals,All,Standardised,Mobile/Connections/total|Publicationdate:24September2024Basedonhistoricaldatauptoquarter2of2024|TotalactivemobileconnectionsexcludingIoTthatishandsetandmobilebroadbandconnectionsonly.Activesubscribersarethosethathaveusedtheirmobileaccountinthepast3months.Connectionsmetricsrelatetotheend-of-periodfigure.OperatorNotes:ThisoperatorisclassifiedasMobile:laterentrant.Operatorattribution:mobilesubscribersarecountedonanetworkorwholesalebasis(thatiswherecustomersofserviceproviderswithouttheirownnetworkinfrastructureareallocatedtothenetworkoperator(s)thatsupport(s)theirservice).(Totalmarketvaluesarethesameforconnectionsmetricsonaretailornetworkbasissincethedifferenceisonlyintheallocationofsubscriberstooperator.)
Mobile,Connections,total,Total,Sub-SaharanAfrica,Tanzania,otheroperators,0.0,3333.0,3054,3168,27950,7626,755,0,633580,1645931,851082,139627,140012,0,0,0,0,0,950872,1268499,1479134,1645931,1218461,933668,657866,851082,940183,878867,541258,139627,140121,140222,140070,140012,140103,140285,0,0,0,0,0,0,0,0,0,0,0,0,0,0,0,0,0,0,0,0,Unknown,Unknown,Unknown,Totals,Totals,Notspecified,Totals,All,Standardised,Mobile/Connections/total|Publicationdate:24September2024Basedonhistoricaldatauptoquarter2of2024|TotalactivemobileconnectionsexcludingIoTthatishandsetandmobilebroadbandconnectionsonly.Activesubscribersarethosethathaveusedtheirmobileaccountinthepast3months.Connectionsmetricsrelatetotheend-of-periodfigure.OperatorNotes:ThisoperatorisclassifiedasMobile:n/a.Operatorattribution:mobilesubscribersarecountedonanetworkorwholesalebasis(thatiswherecustomersofserviceproviderswithouttheirownnetworkinfrastructureareallocatedtothenetworkoperator(s)thatsupport(s)theirservice).(Totalmarketvaluesarethesameforconnectionsmetricsonaretailornetworkbasissincethedifferenceisonlyintheallocationofsubscriberstooperator.)
Mobile,Connections,total,Total,Sub-SaharanAfrica,Tanzania,Totalmarket,8608532.0,8333463.0,13133291,17727152,21454710,26446530,28290581,28892895,34278910,41841350,42428678,42422871,46035668,50278374,53863299,56748185,62951389,73190614,35848542,37319478,39276447,41841350,41678974,41399471,42324392,42428678,42137497,42659928,42325006,42422871,42738298,44212878,45355295,46035668,46472146,46370203,47295356,50278374,51472406,50681011,51769621,53863299,55473473,55786233,56744403,56748185,58010012,58882125,60777047,62951389,64569022,66819888,69927334,73190614,75423557,78636799,Unknown,Unknown,Unknown,Totals,Totals,Notspecified,Totals,All,Standardised,Mobile/Connections/total|Publicationdate:24September2024Basedonhistoricaldatauptoquarter2of2024|TotalactivemobileconnectionsexcludingIoTthatishandsetandmobilebroadbandconnectionsonly.Activesubscribersarethosethathaveusedtheirmobileaccountinthepast3months.Connectionsmetricsrelatetotheend-of-periodfigure.Operatorattribution:mobilesubscribersarecountedonanetworkorwholesalebasis(thatiswherecustomersofserviceproviderswithouttheirownnetworkinfrastructureareallocatedtothenetworkoperator(s)thatsupport(s)theirservice).(Totalmarketvaluesarethesameforconnectionsmetricsonaretailornetworkbasissincethedifferenceisonlyintheallocationofsubscriberstooperator.)
Mobile,Connections,total,Total,Sub-SaharanAfrica,Uganda,MTN,1595000.0,2362000.0,3523000,5222000,6463000,7629000,7702000,8808000,10396000,8929000,10549000,10707000,11270000,12642000,14198000,15716000,17170000,19458000,10791000,11146000,11524000,8929000,9624000,9891000,10180000,10549000,10861000,11158000,10806000,10707000,10856000,10511000,10828000,11270000,11713000,11937000,12124000,12642000,13196000,13016000,13701000,14198000,14667000,14932000,15295000,15716000,15920000,16255000,16701000,17170000,17769000,18080000,19017000,19458000,19902000,20724000,secondentrant,MTN,MTN,Totals,Totals,Notspecified,Totals,All,Standardised,Mobile/Connections/total|Publicationdate:24September2024Basedonhistoricaldatauptoquarter2of2024|TotalactivemobileconnectionsexcludingIoTthatishandsetandmobilebroadbandconnectionsonly.Activesubscribersarethosethathaveusedtheirmobileaccountinthepast3months.Connectionsmetricsrelatetotheend-of-periodfigure.OperatorNotes:ThisoperatorisclassifiedasMobile:secondentrant.Operatorattribution:mobilesubscribersarecountedonanetworkorwholesalebasis(thatiswherecustomersofserviceproviderswithouttheirownnetworkinfrastructureareallocatedtothenetworkoperator(s)thatsupport(s)theirservice).(Totalmarketvaluesarethesameforconnectionsmetricsonaretailornetworkbasissincethedifferenceisonlyintheallocationofsubscriberstooperator.)
Mobile,Connections,total,Total,Sub-SaharanAfrica,Uganda,Airtel,470000.0,1435000.0,2078000,1925000,2565653,3506368,3917766,6649262,7433568,7777227,8939953,10272727,9771835,10102191,9784934,12685000,14757833,18224780,7945797,8226524,8612121,7777227,8190752,8620879,8626868,8939953,9291242,8820573,9754393,10272727,9374090,10129958,9168461,9771835,9444561,9859563,9733843,10102191,11186743,8565127,8966497,9784934,10047436,10522859,10151602,12685000,12416931,12608026,13311470,14757833,16109117,17022213,17352940,18224780,19140255,19725928,firstentrant,Airtel,Airtel,Totals,Totals,Notspecified,Totals,All,Standardised,Mobile/Connections/total|Publicationdate:24September2024Basedonhistoricaldatauptoquarter2of2024|TotalactivemobileconnectionsexcludingIoTthatishandsetandmobilebroadbandconnectionsonly.Activesubscribersarethosethathaveusedtheirmobileaccountinthepast3months.Connectionsmetricsrelatetotheend-of-periodfigure.OperatorNotes:ThisoperatorisclassifiedasMobile:firstentrant.Operatorattribution:mobilesubscribersarecountedonanetworkorwholesalebasis(thatiswherecustomersofserviceproviderswithouttheirownnetworkinfrastructureareallocatedtothenetworkoperator(s)thatsupport(s)theirservice).(Totalmarketvaluesarethesameforconnectionsmetricsonaretailornetworkbasissincethedifferenceisonlyintheallocationofsubscriberstooperator.)
Mobile,Connections,total,Total,Sub-SaharanAfrica,Uganda,WaridTelecom,0.0,0.0,941035,1126048,1667674,2337579,2500701,0,0,0,0,0,0,0,0,0,0,0,0,0,0,0,0,0,0,0,0,0,0,0,0,0,0,0,0,0,0,0,0,0,0,0,0,0,0,0,0,0,0,0,0,0,0,0,0,0,fourthentrant,WaridTelecom,Unknown,Totals,Totals,Notspecified,Totals,All,Standardised,Mobile/Connections/total|Publicationdate:24September2024Basedonhistoricaldatauptoquarter2of2024|TotalactivemobileconnectionsexcludingIoTthatishandsetandmobilebroadbandconnectionsonly.Activesubscribersarethosethathaveusedtheirmobileaccountinthepast3months.Connectionsmetricsrelatetotheend-of-periodfigure.OperatorNotes:ThisoperatorisclassifiedasMobile:fourthentrant.In2013WariddiscontinuedoperationswhenitwastakenoverbyAirtelOperatorattribution:mobilesubscribersarecountedonanetworkorwholesalebasis(thatiswherecustomersofserviceproviderswithouttheirownnetworkinfrastructureareallocatedtothenetworkoperator(s)thatsupport(s)theirservice).(Totalmarketvaluesarethesameforconnectionsmetricsonaretailornetworkbasissincethedifferenceisonlyintheallocationofsubscriberstooperator.)
Mobile,Connections,total,Total,Sub-SaharanAfrica,Uganda,UgandaTelecommunicationsCorporationLtd(UTel),632616.0,1366414.0,2012829,751302,1458796,2518560,1942985,1773386,1456373,1962278,1365739,1472962,1422778,1534873,1580853,1703497,1897716,2221185,1601694,1280054,1111603,1962278,1622992,1762791,1319787,1365739,1410562,1402633,1442778,1472962,1414069,1390861,1353576,1422778,1433724,1475940,1481078,1534873,1631992,1455705,1513220,1580853,1610131,1637999,1619880,1703497,1695739,1723292,1787871,1897716,2009235,2077458,2148080,2221185,2296862,2375204,thirdentrant,UgandaTelecommunicationsCorporationLtd(Utel),Unknown,Totals,Totals,Notspecified,Totals,All,Standardised,Mobile/Connections/total|Publicationdate:24September2024Basedonhistoricaldatauptoquarter2of2024|TotalactivemobileconnectionsexcludingIoTthatishandsetandmobilebroadbandconnectionsonly.Activesubscribersarethosethathaveusedtheirmobileaccountinthepast3months.Connectionsmetricsrelatetotheend-of-periodfigure.OperatorNotes:ThisoperatorisclassifiedasMobile:thirdentrant.Operatorattribution:mobilesubscribersarecountedonanetworkorwholesalebasis(thatiswherecustomersofserviceproviderswithouttheirownnetworkinfrastructureareallocatedtothenetworkoperator(s)thatsupport(s)theirservice).(Totalmarketvaluesarethesameforconnectionsmetricsonaretailornetworkbasissincethedifferenceisonlyintheallocationofsubscriberstooperator.)
Mobile,Connections,total,Total,Sub-SaharanAfrica,Uganda,Africell,0.0,0.0,0,350000,609000,622000,507891,718000,900000,1201768,1543757,1966189,1924131,2326357,2115254,0,0,0,973871,1048370,1124126,1201768,1281923,1365221,1452289,1543757,1640252,1742404,1850840,1966189,2090396,1670141,1785000,1924131,2055547,2171533,2264375,2326357,2349766,2326885,2250000,2115254,1934219,1722324,1495000,0,0,0,0,0,0,0,0,0,0,0,fourthentrant,Africell,Unknown,Totals,Totals,Notspecified,Totals,All,Standardised,Mobile/Connections/total|Publicationdate:24September2024Basedonhistoricaldatauptoquarter2of2024|TotalactivemobileconnectionsexcludingIoTthatishandsetandmobilebroadbandconnectionsonly.Activesubscribersarethosethathaveusedtheirmobileaccountinthepast3months.Connectionsmetricsrelatetotheend-of-periodfigure.OperatorNotes:ThisoperatorisclassifiedasMobile:fourthentrant.AfricellhascompletedtheacquisitionofOrangeUgandaatNovember2014anditsoperatingunderthenameAfricell(includesMVNOK2)Operatorattribution:mobilesubscribersarecountedonanetworkorwholesalebasis(thatiswherecustomersofserviceproviderswithouttheirownnetworkinfrastructureareallocatedtothenetworkoperator(s)thatsupport(s)theirservice).(Totalmarketvaluesarethesameforconnectionsmetricsonaretailornetworkbasissincethedifferenceisonlyintheallocationofsubscriberstooperator.)
Mobile,Connections,total,Total,Sub-SaharanAfrica,Uganda,SmartTelecom,0.0,0.0,0,0,0,0,0,0,100000,200000,240000,280000,0,0,0,0,0,0,125000,150000,175000,200000,210000,220000,230000,240000,250000,260000,270000,280000,290370,0,0,0,0,0,0,0,0,0,0,0,0,0,0,0,0,0,0,0,0,0,0,0,0,0,laterentrant,SmartTelecom,Unknown,Totals,Totals,Notspecified,Totals,All,Standardised,Mobile/Connections/total|Publicationdate:24September2024Basedonhistoricaldatauptoquarter2of2024|TotalactivemobileconnectionsexcludingIoTthatishandsetandmobilebroadbandconnectionsonly.Activesubscribersarethosethathaveusedtheirmobileaccountinthepast3months.Connectionsmetricsrelatetotheend-of-periodfigure.OperatorNotes:ThisoperatorisclassifiedasMobile:laterentrant.Operatorattribution:mobilesubscribersarecountedonanetworkorwholesalebasis(thatiswherecustomersofserviceproviderswithouttheirownnetworkinfrastructureareallocatedtothenetworkoperator(s)thatsupport(s)theirservice).(Totalmarketvaluesarethesameforconnectionsmetricsonaretailornetworkbasissincethedifferenceisonlyintheallocationofsubscriberstooperator.)
Mobile,Connections,total,Total,Sub-SaharanAfrica,Uganda,AfrimaxUganda,0.0,0.0,0,0,0,0,0,0,0,150000,200000,250000,0,0,0,0,0,0,20000,60000,100000,150000,162500,175000,187500,200000,212500,225000,237500,250000,0,0,0,0,0,0,0,0,0,0,0,0,0,0,0,0,0,0,0,0,0,0,0,0,0,0,laterentrant,AfrimaxUganda,Unknown,Totals,Totals,Notspecified,Totals,All,Standardised,Mobile/Connections/total|Publicationdate:24September2024Basedonhistoricaldatauptoquarter2of2024|TotalactivemobileconnectionsexcludingIoTthatishandsetandmobilebroadbandconnectionsonly.Activesubscribersarethosethathaveusedtheirmobileaccountinthepast3months.Connectionsmetricsrelatetotheend-of-periodfigure.OperatorNotes:ThisoperatorisclassifiedasMobile:laterentrant.Operatorattribution:mobilesubscribersarecountedonanetworkorwholesalebasis(thatiswherecustomersofserviceproviderswithouttheirownnetworkinfrastructureareallocatedtothenetworkoperator(s)thatsupport(s)theirservice).(Totalmarketvaluesarethesameforconnectionsmetricsonaretailornetworkbasissincethedifferenceisonlyintheallocationofsubscriberstooperator.)
Mobile,Connections,total,Total,Sub-SaharanAfrica,Uganda,otheroperators,0.0,0.0,0,9384,64141,83485,100000,120000,80000,0,0,0,0,0,9946,23207,41283,69725,0,0,0,0,0,0,0,0,0,0,0,0,0,0,0,0,0,0,0,0,0,3315,6631,9946,13261,16576,19892,23207,27384,31766,36213,41283,47062,53651,61162,69725,79486,90615,Unknown,Unknown,Unknown,Totals,Totals,Notspecified,Totals,All,Standardised,Mobile/Connections/total|Publicationdate:24September2024Basedonhistoricaldatauptoquarter2of2024|TotalactivemobileconnectionsexcludingIoTthatishandsetandmobilebroadbandconnectionsonly.Activesubscribersarethosethathaveusedtheirmobileaccountinthepast3months.Connectionsmetricsrelatetotheend-of-periodfigure.OperatorNotes:ThisoperatorisclassifiedasMobile:n/a.Operatorattribution:mobilesubscribersarecountedonanetworkorwholesalebasis(thatiswherecustomersofserviceproviderswithouttheirownnetworkinfrastructureareallocatedtothenetworkoperator(s)thatsupport(s)theirservice).(Totalmarketvaluesarethesameforconnectionsmetricsonaretailornetworkbasissincethedifferenceisonlyintheallocationofsubscriberstooperator.)
Mobile,Connections,total,Total,Sub-SaharanAfrica,Uganda,Totalmarket,2697616.0,5163414.0,8554864,9383734,12828264,16696992,16671343,18068648,20365941,20220273,22838449,24948878,24388744,26605421,27688987,30127704,33866832,39973689,21457361,21910948,22646850,20220273,21092167,22034891,21996444,22838449,23665556,23608610,24361511,24948878,24024925,23701960,23135037,24388744,24646832,25444036,25603296,26605421,28364500,25367032,26437348,27688987,28272047,28831759,28581374,30127704,30060054,30618084,31836554,33866832,35934414,37233322,38579182,39973689,41418603,42915747,Unknown,Unknown,Unknown,Totals,Totals,Notspecified,Totals,All,Standardised,Mobile/Connections/total|Publicationdate:24September2024Basedonhistoricaldatauptoquarter2of2024|TotalactivemobileconnectionsexcludingIoTthatishandsetandmobilebroadbandconnectionsonly.Activesubscribersarethosethathaveusedtheirmobileaccountinthepast3months.Connectionsmetricsrelatetotheend-of-periodfigure.Operatorattribution:mobilesubscribersarecountedonanetworkorwholesalebasis(thatiswherecustomersofserviceproviderswithouttheirownnetworkinfrastructureareallocatedtothenetworkoperator(s)thatsupport(s)theirservice).(Totalmarketvaluesarethesameforconnectionsmetricsonaretailornetworkbasissincethedifferenceisonlyintheallocationofsubscriberstooperator.)
Mobile,Connections,total,Total,Sub-SaharanAfrica,Zambia,Airtel,0.0,2324220.0,2669064,3089307,3767139,4229714,4725705,4544218,3675360,4634648,4919496,5332000,5574500,5836000,6700000,8000000,9100000,10200000,3915182,4155004,4270172,4634648,4860105,4905135,4886134,4919496,5073879,5228263,5280131,5332000,5283071,5360000,5320672,5574500,5826631,5789000,5777890,5836000,5918000,6000000,6350000,6700000,6923913,7147826,7573913,8000000,8110000,8220000,8660000,9100000,9310000,9520000,9860000,10200000,10335000,10470000,firstentrant,Airtel,Airtel,Totals,Totals,Notspecified,Totals,All,Standardised,Mobile/Connections/total|Publicationdate:24September2024Basedonhistoricaldatauptoquarter2of2024|TotalactivemobileconnectionsexcludingIoTthatishandsetandmobilebroadbandconnectionsonly.Activesubscribersarethosethathaveusedtheirmobileaccountinthepast3months.Connectionsmetricsrelatetotheend-of-periodfigure.OperatorNotes:ThisoperatorisclassifiedasMobile:firstentrant.Operatorattribution:mobilesubscribersarecountedonanetworkorwholesalebasis(thatiswherecustomersofserviceproviderswithouttheirownnetworkinfrastructureareallocatedtothenetworkoperator(s)thatsupport(s)theirservice).(Totalmarketvaluesarethesameforconnectionsmetricsonaretailornetworkbasissincethedifferenceisonlyintheallocationofsubscriberstooperator.)
Mobile,Connections,total,Total,Sub-SaharanAfrica,Zambia,MTN,0.0,262000.0,693000,1165000,1900000,2704000,4074000,4410000,4883168,5117696,5578641,5485000,6459000,6989000,8203000,8056000,7112000,6886000,5280392,4791455,4899948,5117696,5038536,5237292,5198733,5578641,5278545,5331033,5430915,5485000,5638000,5747000,6052000,6459000,6381000,6751000,7004000,6989000,6941000,7263000,7815000,8203000,8374000,8295000,8260000,8056000,7297000,6812000,7117000,7112000,7031000,7085000,6950000,6886000,6866000,6897000,secondentrant,MTN,MTN,Totals,Totals,Notspecified,Totals,All,Standardised,Mobile/Connections/total|Publicationdate:24September2024Basedonhistoricaldatauptoquarter2of2024|TotalactivemobileconnectionsexcludingIoTthatishandsetandmobilebroadbandconnectionsonly.Activesubscribersarethosethathaveusedtheirmobileaccountinthepast3months.Connectionsmetricsrelatetotheend-of-periodfigure.OperatorNotes:ThisoperatorisclassifiedasMobile:secondentrant.Operatorattribution:mobilesubscribersarecountedonanetworkorwholesalebasis(thatiswherecustomersofserviceproviderswithouttheirownnetworkinfrastructureareallocatedtothenetworkoperator(s)thatsupport(s)theirservice).(Totalmarketvaluesarethesameforconnectionsmetricsonaretailornetworkbasissincethedifferenceisonlyintheallocationofsubscriberstooperator.)
Mobile,Connections,total,Total,Sub-SaharanAfrica,Zambia,ZamtelMobile(Zamtel),0.0,52780.0,300000,154245,100769,1230991,1724585,1470755,1507829,1805381,1244117,2621539,3436770,4395607,4201208,4191111,3626000,2837309,1642426,1657541,1667880,1805381,1714730,1527623,1598953,1244117,1564446,1870379,2260307,2621539,2569108,2729616,3105208,3436770,3491925,3367700,4107248,4395607,4208096,4659770,4454952,4201208,3963317,4243019,4132565,4191111,3985574,3676450,3490869,3626000,3312681,3468710,2924270,2837309,2913159,2939837,thirdentrant,ZamtelMobile(Zamtel),Unknown,Totals,Totals,Notspecified,Totals,All,Standardised,Mobile/Connections/total|Publicationdate:24September2024Basedonhistoricaldatauptoquarter2of2024|TotalactivemobileconnectionsexcludingIoTthatishandsetandmobilebroadbandconnectionsonly.Activesubscribersarethosethathaveusedtheirmobileaccountinthepast3months.Connectionsmetricsrelatetotheend-of-periodfigure.OperatorNotes:ThisoperatorisclassifiedasMobile:thirdentrant.Operatorattribution:mobilesubscribersarecountedonanetworkorwholesalebasis(thatiswherecustomersofserviceproviderswithouttheirownnetworkinfrastructureareallocatedtothenetworkoperator(s)thatsupport(s)theirservice).(Totalmarketvaluesarethesameforconnectionsmetricsonaretailornetworkbasissincethedifferenceisonlyintheallocationofsubscriberstooperator.)
Mobile,Connections,total,Total,Sub-SaharanAfrica,Zambia,Totalmarket,0.0,2639000.0,3662064,4408552,5767908,8164705,10524290,10424973,10066357,11557725,11742254,13438539,15470270,17220607,19104208,20247111,19838000,19923309,10838000,10604000,10838000,11557725,11613370,11670051,11683821,11742254,11916871,12429675,12971354,13438539,13490179,13836616,14477880,15470270,15699556,15907700,16889138,17220607,17067096,17922770,18619952,19104208,19261230,19685845,19966478,20247111,19392574,18708450,19267869,19838000,19653681,20073710,19734270,19923309,20114159,20306837,Unknown,Unknown,Unknown,Totals,Totals,Notspecified,Totals,All,Standardised,Mobile/Connections/total|Publicationdate:24September2024Basedonhistoricaldatauptoquarter2of2024|TotalactivemobileconnectionsexcludingIoTthatishandsetandmobilebroadbandconnectionsonly.Activesubscribersarethosethathaveusedtheirmobileaccountinthepast3months.Connectionsmetricsrelatetotheend-of-periodfigure.Operatorattribution:mobilesubscribersarecountedonanetworkorwholesalebasis(thatiswherecustomersofserviceproviderswithouttheirownnetworkinfrastructureareallocatedtothenetworkoperator(s)thatsupport(s)theirservice).(Totalmarketvaluesarethesameforconnectionsmetricsonaretailornetworkbasissincethedifferenceisonlyintheallocationofsubscriberstooperator.)
Mobile,Connections,total–prepaid,Total,Sub-SaharanAfrica,Cameroon,MTN,0.0,2428752.0,3328670,3988702,4283854,5085212,6283428,7393257,8001121,7456453,7786255,6934098,7555348,10019384,10120174,10462887,10519252,11104197,8328825,8508463,8126312,7456453,7655384,7741574,7578750,7786255,7604135,7347945,7179179,6934098,6483347,6523178,6804046,7555348,8599456,9211445,9057523,10019384,10037648,10176103,10620486,10120174,9933798,9854789,10104979,10462887,10143277,10453874,10439253,10519252,10649402,10893621,10872036,11104197,11258527,11293831,firstentrant,MTN,MTN,Totals,Totals,Notspecified,Totals,Prepaid,Standardised,Mobile/Connections/total–prepaid|Publicationdate:24September2024Basedonhistoricaldatauptoquarter2of2024|TotalactiveprepaidmobileconnectionsexcludingIoTthatishandsetandmobilebroadbandconnectionsonly.Activesubscribersarethosethathaveusedtheirmobileaccountinthepast3months.Connectionsmetricsrelatetotheend-of-periodfigure.OperatorNotes:ThisoperatorisclassifiedasMobile:firstentrant.Operatorattribution:mobilesubscribersarecountedonaretailbasisforWesternEurope(thatisincludingonlycustomersofeachserviceprovider(beitMNOorMVNO).Forallothergeographiesmobilesubscribersarecountedonanetworkorwholesalebasis(thatiswherecustomersofserviceproviderswithouttheirownnetworkinfrastructureareallocatedtothenetworkoperator(s)thatsupport(s)theirservice).
Mobile,Connections,total–prepaid,Total,Sub-SaharanAfrica,Cameroon,Orange,0.0,1845693.0,1998308,2604023,3312787,4344089,5485217,5667419,5743967,6503593,5488808,6589092,6870469,7807900,9206651,9868122,11176896,12130877,5986299,6509017,6958094,6503593,6291868,6264876,5975265,5488808,5525078,5862869,6606496,6589092,6808208,6500692,6552197,6870469,7118926,7395953,7622976,7807900,8367759,8463971,9135386,9206651,9404904,9434553,9322875,9868122,10296595,10389665,10724000,11176896,11580781,11718232,12067141,12130877,12467790,12705705,firstentrant,Orange,Orange,Totals,Totals,Notspecified,Totals,Prepaid,Standardised,Mobile/Connections/total–prepaid|Publicationdate:24September2024Basedonhistoricaldatauptoquarter2of2024|TotalactiveprepaidmobileconnectionsexcludingIoTthatishandsetandmobilebroadbandconnectionsonly.Activesubscribersarethosethathaveusedtheirmobileaccountinthepast3months.Connectionsmetricsrelatetotheend-of-periodfigure.OperatorNotes:ThisoperatorisclassifiedasMobile:firstentrant.Operatorattribution:mobilesubscribersarecountedonaretailbasisforWesternEurope(thatisincludingonlycustomersofeachserviceprovider(beitMNOorMVNO).Forallothergeographiesmobilesubscribersarecountedonanetworkorwholesalebasis(thatiswherecustomersofserviceproviderswithouttheirownnetworkinfrastructureareallocatedtothenetworkoperator(s)thatsupport(s)theirservice).
Mobile,Connections,total–prepaid,Total,Sub-SaharanAfrica,Cameroon,Viettel(Nexttel),0.0,0.0,0,0,0,0,0,0,547951,2377672,3067137,4290337,4073444,3431159,3221517,2049867,1678352,1576182,1265475,1982564,2179773,2377672,2551636,2724183,2897068,3067137,3374037,3679828,3985139,4290337,4562895,4699420,4576709,4073444,3385042,3406841,3426982,3431159,3443113,3365696,3372439,3221517,2966306,2648742,2325740,2049867,1863670,1759477,1705861,1678352,1651578,1626522,1600243,1576182,1551264,1526693,thirdentrant,Viettel(Nexttel),Unknown,Totals,Totals,Notspecified,Totals,Prepaid,Standardised,Mobile/Connections/total–prepaid|Publicationdate:24September2024Basedonhistoricaldatauptoquarter2of2024|TotalactiveprepaidmobileconnectionsexcludingIoTthatishandsetandmobilebroadbandconnectionsonly.Activesubscribersarethosethathaveusedtheirmobileaccountinthepast3months.Connectionsmetricsrelatetotheend-of-periodfigure.OperatorNotes:ThisoperatorisclassifiedasMobile:thirdentrant.Operatorattribution:mobilesubscribersarecountedonaretailbasisforWesternEurope(thatisincludingonlycustomersofeachserviceprovider(beitMNOorMVNO).Forallothergeographiesmobilesubscribersarecountedonanetworkorwholesalebasis(thatiswherecustomersofserviceproviderswithouttheirownnetworkinfrastructureareallocatedtothenetworkoperator(s)thatsupport(s)theirservice).
Mobile,Connections,total–prepaid,Total,Sub-SaharanAfrica,Cameroon,Camtel,0.0,0.0,0,0,0,0,0,0,0,0,9903,69078,195861,304489,399459,483924,563218,629856,0,0,0,0,0,495,4951,9903,19792,29659,39500,69078,102748,135052,166062,195861,224544,252152,278773,304489,329374,353476,376829,399459,421396,442719,463527,483924,504016,523882,543592,563218,581802,599196,615258,629856,642866,654177,fourthentrant,Camtel,Unknown,Totals,Totals,Notspecified,Totals,Prepaid,Standardised,Mobile/Connections/total–prepaid|Publicationdate:24September2024Basedonhistoricaldatauptoquarter2of2024|TotalactiveprepaidmobileconnectionsexcludingIoTthatishandsetandmobilebroadbandconnectionsonly.Activesubscribersarethosethathaveusedtheirmobileaccountinthepast3months.Connectionsmetricsrelatetotheend-of-periodfigure.OperatorNotes:ThisoperatorisclassifiedasMobile:fourthentrant.Operatorattribution:mobilesubscribersarecountedonaretailbasisforWesternEurope(thatisincludingonlycustomersofeachserviceprovider(beitMNOorMVNO).Forallothergeographiesmobilesubscribersarecountedonanetworkorwholesalebasis(thatiswherecustomersofserviceproviderswithouttheirownnetworkinfrastructureareallocatedtothenetworkoperator(s)thatsupport(s)theirservice).
Mobile,Connections,total–prepaid,Total,Sub-SaharanAfrica,Cameroon,Totalmarket,0.0,4274445.0,5326977,6592725,7596642,9429301,11768645,13060676,14293039,16337718,16352103,17882605,18695122,21562932,22947800,22864801,23937718,25441113,15580599,17000044,17264178,16337718,16498888,16731128,16456033,16352103,16523042,16920300,17810314,17882605,17957199,17858341,18099014,18695122,19327968,20266391,20386253,21562932,22177894,22359245,23505141,22947800,22726404,22380804,22217122,22864801,22807558,23126898,23412707,23937718,24463562,24837570,25154678,25441113,25920447,26180406,Unknown,Unknown,Unknown,Totals,Totals,Notspecified,Totals,Prepaid,Standardised,Mobile/Connections/total–prepaid|Publicationdate:24September2024Basedonhistoricaldatauptoquarter2of2024|TotalactiveprepaidmobileconnectionsexcludingIoTthatishandsetandmobilebroadbandconnectionsonly.Activesubscribersarethosethathaveusedtheirmobileaccountinthepast3months.Connectionsmetricsrelatetotheend-of-periodfigure.Operatorattribution:mobilesubscribersarecountedonaretailbasisforWesternEurope(thatisincludingonlycustomersofeachserviceprovider(beitMNOorMVNO).Forallothergeographiesmobilesubscribersarecountedonanetworkorwholesalebasis(thatiswherecustomersofserviceproviderswithouttheirownnetworkinfrastructureareallocatedtothenetworkoperator(s)thatsupport(s)theirservice).
Mobile,Connections,total–prepaid,Total,Sub-SaharanAfrica,CôtedIvoire,MTN,0.0,0.0,3558732,4479356,5133940,5516079,6017177,6936938,7942973,8120567,9050367,10871870,11036377,12380725,13189789,14603190,16293896,16919463,8094294,8260979,8123780,8120567,7894022,7949963,8191264,9050367,9799082,10591617,11164946,10871870,10949226,11236558,11193812,11036377,11341941,11723669,11982044,12380725,12190979,12188607,12757622,13189789,13567756,13681145,13646786,14603190,15316859,15431404,16113890,16293896,16578408,16634216,16913702,16919463,16166269,15849472,firstentrant,MTN,MTN,Totals,Totals,Notspecified,Totals,Prepaid,Standardised,Mobile/Connections/total–prepaid|Publicationdate:24September2024Basedonhistoricaldatauptoquarter2of2024|TotalactiveprepaidmobileconnectionsexcludingIoTthatishandsetandmobilebroadbandconnectionsonly.Activesubscribersarethosethathaveusedtheirmobileaccountinthepast3months.Connectionsmetricsrelatetotheend-of-periodfigure.OperatorNotes:ThisoperatorisclassifiedasMobile:firstentrant.Operatorattribution:mobilesubscribersarecountedonaretailbasisforWesternEurope(thatisincludingonlycustomersofeachserviceprovider(beitMNOorMVNO).Forallothergeographiesmobilesubscribersarecountedonanetworkorwholesalebasis(thatiswherecustomersofserviceproviderswithouttheirownnetworkinfrastructureareallocatedtothenetworkoperator(s)thatsupport(s)theirservice).
Mobile,Connections,total–prepaid,Total,Sub-SaharanAfrica,CôtedIvoire,Orange,0.0,0.0,3393562,3169055,4650830,5003863,5332446,6056973,7728722,9431193,11390836,12537918,12650804,12734313,14340251,15267421,14840066,16714201,8133123,8624102,9018859,9431193,9892890,10159751,11069524,11390836,11294596,11683176,11938570,12537918,12621908,13099249,12638126,12650804,12044101,12419565,12273085,12734313,13752987,14096203,13850322,14340251,14683252,14908747,14976976,15267421,15124262,14465951,14520781,14840066,15183754,15738479,16039499,16714201,17318954,17954286,firstentrant,Orange,Orange,Totals,Totals,Notspecified,Totals,Prepaid,Standardised,Mobile/Connections/total–prepaid|Publicationdate:24September2024Basedonhistoricaldatauptoquarter2of2024|TotalactiveprepaidmobileconnectionsexcludingIoTthatishandsetandmobilebroadbandconnectionsonly.Activesubscribersarethosethathaveusedtheirmobileaccountinthepast3months.Connectionsmetricsrelatetotheend-of-periodfigure.OperatorNotes:ThisoperatorisclassifiedasMobile:firstentrant.Operatorattribution:mobilesubscribersarecountedonaretailbasisforWesternEurope(thatisincludingonlycustomersofeachserviceprovider(beitMNOorMVNO).Forallothergeographiesmobilesubscribersarecountedonanetworkorwholesalebasis(thatiswherecustomersofserviceproviderswithouttheirownnetworkinfrastructureareallocatedtothenetworkoperator(s)thatsupport(s)theirservice).
Mobile,Connections,total–prepaid,Total,Sub-SaharanAfrica,CôtedIvoire,MarocTelecom(Moov),0.0,0.0,1839008,2390331,2680441,3304003,4007360,4227353,3602882,5405352,5944722,7676200,8593344,8921583,10000025,10445170,10804989,10221260,3655900,4414197,4995169,5405352,5363697,5464547,5681539,5944722,6972410,7056902,7531966,7676200,7763933,8103940,8153251,8593344,8680396,8835401,8974913,8921583,9147815,9180654,9653451,10000025,10022088,9966546,9832081,10445170,10683718,10205189,10493373,10804989,10155141,9473135,9667133,10221260,10612346,11018396,thirdentrant,MarocTelecom(Moov),Etisalat,Totals,Totals,Notspecified,Totals,Prepaid,Standardised,Mobile/Connections/total–prepaid|Publicationdate:24September2024Basedonhistoricaldatauptoquarter2of2024|TotalactiveprepaidmobileconnectionsexcludingIoTthatishandsetandmobilebroadbandconnectionsonly.Activesubscribersarethosethathaveusedtheirmobileaccountinthepast3months.Connectionsmetricsrelatetotheend-of-periodfigure.OperatorNotes:ThisoperatorisclassifiedasMobile:thirdentrant.Operatorattribution:mobilesubscribersarecountedonaretailbasisforWesternEurope(thatisincludingonlycustomersofeachserviceprovider(beitMNOorMVNO).Forallothergeographiesmobilesubscribersarecountedonanetworkorwholesalebasis(thatiswherecustomersofserviceproviderswithouttheirownnetworkinfrastructureareallocatedtothenetworkoperator(s)thatsupport(s)theirservice).
Mobile,Connections,total–prepaid,Total,Sub-SaharanAfrica,CôtedIvoire,Comium,0.0,0.0,903366,1122886,1512763,1722416,1452229,820723,892102,710399,0,0,0,0,0,0,0,0,651463,782866,754178,710399,0,0,0,0,0,0,0,0,0,0,0,0,0,0,0,0,0,0,0,0,0,0,0,0,0,0,0,0,0,0,0,0,0,0,fourthentrant,Comium,Unknown,Totals,Totals,Notspecified,Totals,Prepaid,Standardised,Mobile/Connections/total–prepaid|Publicationdate:24September2024Basedonhistoricaldatauptoquarter2of2024|TotalactiveprepaidmobileconnectionsexcludingIoTthatishandsetandmobilebroadbandconnectionsonly.Activesubscribersarethosethathaveusedtheirmobileaccountinthepast3months.Connectionsmetricsrelatetotheend-of-periodfigure.OperatorNotes:ThisoperatorisclassifiedasMobile:fourthentrant.Operatorattribution:mobilesubscribersarecountedonaretailbasisforWesternEurope(thatisincludingonlycustomersofeachserviceprovider(beitMNOorMVNO).Forallothergeographiesmobilesubscribersarecountedonanetworkorwholesalebasis(thatiswherecustomersofserviceproviderswithouttheirownnetworkinfrastructureareallocatedtothenetworkoperator(s)thatsupport(s)theirservice).
Mobile,Connections,total–prepaid,Total,Sub-SaharanAfrica,CôtedIvoire,GreenN,0.0,0.0,0,809609,507957,360218,352500,289251,846930,359308,0,0,0,0,0,0,0,0,785108,595658,472683,359308,0,0,0,0,0,0,0,0,0,0,0,0,0,0,0,0,0,0,0,0,0,0,0,0,0,0,0,0,0,0,0,0,0,0,laterentrant,GreenN,Unknown,Totals,Totals,Notspecified,Totals,Prepaid,Standardised,Mobile/Connections/total–prepaid|Publicationdate:24September2024Basedonhistoricaldatauptoquarter2of2024|TotalactiveprepaidmobileconnectionsexcludingIoTthatishandsetandmobilebroadbandconnectionsonly.Activesubscribersarethosethathaveusedtheirmobileaccountinthepast3months.Connectionsmetricsrelatetotheend-of-periodfigure.OperatorNotes:ThisoperatorisclassifiedasMobile:laterentrant.Operatorattribution:mobilesubscribersarecountedonaretailbasisforWesternEurope(thatisincludingonlycustomersofeachserviceprovider(beitMNOorMVNO).Forallothergeographiesmobilesubscribersarecountedonanetworkorwholesalebasis(thatiswherecustomersofserviceproviderswithouttheirownnetworkinfrastructureareallocatedtothenetworkoperator(s)thatsupport(s)theirservice).
Mobile,Connections,total–prepaid,Total,Sub-SaharanAfrica,CôtedIvoire,Totalmarket,0.0,0.0,9694667,11971237,14485931,15906579,17161712,18331238,21013609,24026819,26385925,31085988,32280525,34036621,37530066,40315781,41938951,43854923,21319888,22677802,23364669,24026819,23150609,23574261,24942328,26385925,28066088,29331695,30635482,31085988,31335066,32439747,31985189,32280525,32066438,32978635,33230042,34036621,35091782,35465465,36261395,37530066,38273096,38556438,38455842,40315781,41124839,40102544,41128044,41938951,41917304,41845829,42620335,43854923,44097569,44822155,Unknown,Unknown,Unknown,Totals,Totals,Notspecified,Totals,Prepaid,Standardised,Mobile/Connections/total–prepaid|Publicationdate:24September2024Basedonhistoricaldatauptoquarter2of2024|TotalactiveprepaidmobileconnectionsexcludingIoTthatishandsetandmobilebroadbandconnectionsonly.Activesubscribersarethosethathaveusedtheirmobileaccountinthepast3months.Connectionsmetricsrelatetotheend-of-periodfigure.Operatorattribution:mobilesubscribersarecountedonaretailbasisforWesternEurope(thatisincludingonlycustomersofeachserviceprovider(beitMNOorMVNO).Forallothergeographiesmobilesubscribersarecountedonanetworkorwholesalebasis(thatiswherecustomersofserviceproviderswithouttheirownnetworkinfrastructureareallocatedtothenetworkoperator(s)thatsupport(s)theirservice).
Mobile,Connections,total–prepaid,Total,Sub-SaharanAfrica,Ghana,MTN,2503895.0,4007387.0,6413669,7663381,8066532,9181481,10355867,11162802,11677890,12906056,14425936,15118734,17166610,19166503,23673468,24561452,27623205,25684751,11802524,12182710,12489846,12906056,13294425,13531594,13682666,14425936,14499389,14752246,14801133,15118734,15578865,15944126,16485383,17166610,17976556,18267959,18579028,19166503,20048137,20873635,22688821,23673468,24235040,24115102,24450989,24561452,26223277,26862848,27560915,27623205,26399141,26229001,24764631,25684751,26607976,27139579,thirdentrant,MTN,MTN,Totals,Totals,Notspecified,Totals,Prepaid,Standardised,Mobile/Connections/total–prepaid|Publicationdate:24September2024Basedonhistoricaldatauptoquarter2of2024|TotalactiveprepaidmobileconnectionsexcludingIoTthatishandsetandmobilebroadbandconnectionsonly.Activesubscribersarethosethathaveusedtheirmobileaccountinthepast3months.Connectionsmetricsrelatetotheend-of-periodfigure.OperatorNotes:ThisoperatorisclassifiedasMobile:thirdentrant.Operatorattribution:mobilesubscribersarecountedonaretailbasisforWesternEurope(thatisincludingonlycustomersofeachserviceprovider(beitMNOorMVNO).Forallothergeographiesmobilesubscribersarecountedonanetworkorwholesalebasis(thatiswherecustomersofserviceproviderswithouttheirownnetworkinfrastructureareallocatedtothenetworkoperator(s)thatsupport(s)theirservice).
Mobile,Connections,total–prepaid,Total,Sub-SaharanAfrica,Ghana,Expresso,212052.0,289066.0,394051,262259,239815,186751,165863,133633,119059,125263,93599,23264,0,0,0,0,0,0,126202,132855,132982,125263,110549,103960,102566,93599,40111,22293,22293,23264,0,0,0,0,0,0,0,0,0,0,0,0,0,0,0,0,0,0,0,0,0,0,0,0,0,0,secondentrant,Expresso,Unknown,Totals,Totals,Notspecified,Totals,Prepaid,Standardised,Mobile/Connections/total–prepaid|Publicationdate:24September2024Basedonhistoricaldatauptoquarter2of2024|TotalactiveprepaidmobileconnectionsexcludingIoTthatishandsetandmobilebroadbandconnectionsonly.Activesubscribersarethosethathaveusedtheirmobileaccountinthepast3months.Connectionsmetricsrelatetotheend-of-periodfigure.OperatorNotes:ThisoperatorisclassifiedasMobile:secondentrant.Operatorattribution:mobilesubscribersarecountedonaretailbasisforWesternEurope(thatisincludingonlycustomersofeachserviceprovider(beitMNOorMVNO).Forallothergeographiesmobilesubscribersarecountedonanetworkorwholesalebasis(thatiswherecustomersofserviceproviderswithouttheirownnetworkinfrastructureareallocatedtothenetworkoperator(s)thatsupport(s)theirservice).
Mobile,Connections,total–prepaid,Total,Sub-SaharanAfrica,Ghana,Tigo,1417244.0,2023091.0,2887927,3094176,3507520,3473288,3130375,3628075,3771093,3928853,3668439,0,0,0,0,0,0,0,3859666,3992214,3930860,3928853,3782515,3757199,3803390,3668439,3662219,3738367,3630875,0,0,0,0,0,0,0,0,0,0,0,0,0,0,0,0,0,0,0,0,0,0,0,0,0,0,0,firstentrant,Tigo,Unknown,Totals,Totals,Notspecified,Totals,Prepaid,Standardised,Mobile/Connections/total–prepaid|Publicationdate:24September2024Basedonhistoricaldatauptoquarter2of2024|TotalactiveprepaidmobileconnectionsexcludingIoTthatishandsetandmobilebroadbandconnectionsonly.Activesubscribersarethosethathaveusedtheirmobileaccountinthepast3months.Connectionsmetricsrelatetotheend-of-periodfigure.OperatorNotes:ThisoperatorisclassifiedasMobile:firstentrant.Operatorattribution:mobilesubscribersarecountedonaretailbasisforWesternEurope(thatisincludingonlycustomersofeachserviceprovider(beitMNOorMVNO).Forallothergeographiesmobilesubscribersarecountedonanetworkorwholesalebasis(thatiswherecustomersofserviceproviderswithouttheirownnetworkinfrastructureareallocatedtothenetworkoperator(s)thatsupport(s)theirservice).
Mobile,Connections,total–prepaid,Total,Sub-SaharanAfrica,Ghana,TelecelGroup(Vodafone),1010619.0,1268581.0,1592388,2590760,2540402,3745776,4356160,4816200,5337607,5443748,5558200,5880350,6291000,5803886,5315752,5174480,4657866,3834052,5334327,5366834,5363688,5443748,5599374,5546220,5520230,5558200,5724340,5825640,5980650,5880350,5894223,6043445,5915050,6291000,6609080,6388940,6002440,5803886,5574420,5399100,5106222,5315752,5655800,5920500,6033100,5174480,4794444,4517674,4620216,4657866,4325690,3778082,3890901,3834052,3758859,3721415,fourthentrant,TelecelGroup(Vodafone),Unknown,Totals,Totals,Notspecified,Totals,Prepaid,Standardised,Mobile/Connections/total–prepaid|Publicationdate:24September2024Basedonhistoricaldatauptoquarter2of2024|TotalactiveprepaidmobileconnectionsexcludingIoTthatishandsetandmobilebroadbandconnectionsonly.Activesubscribersarethosethathaveusedtheirmobileaccountinthepast3months.Connectionsmetricsrelatetotheend-of-periodfigure.OperatorNotes:ThisoperatorisclassifiedasMobile:fourthentrant.Operatorattribution:mobilesubscribersarecountedonaretailbasisforWesternEurope(thatisincludingonlycustomersofeachserviceprovider(beitMNOorMVNO).Forallothergeographiesmobilesubscribersarecountedonanetworkorwholesalebasis(thatiswherecustomersofserviceproviderswithouttheirownnetworkinfrastructureareallocatedtothenetworkoperator(s)thatsupport(s)theirservice).
Mobile,Connections,total–prepaid,Total,Sub-SaharanAfrica,Ghana,Airtel,0.0,0.0,269000,1277868,1711674,2221849,2381616,2463542,2541424,2811521,2777497,0,0,0,0,0,0,0,2536825,2603251,2672230,2811521,2888349,2881816,2867993,2777497,2620729,2546830,2513560,0,0,0,0,0,0,0,0,0,0,0,0,0,0,0,0,0,0,0,0,0,0,0,0,0,0,0,laterentrant,Airtel,Unknown,Totals,Totals,Notspecified,Totals,Prepaid,Standardised,Mobile/Connections/total–prepaid|Publicationdate:24September2024Basedonhistoricaldatauptoquarter2of2024|TotalactiveprepaidmobileconnectionsexcludingIoTthatishandsetandmobilebroadbandconnectionsonly.Activesubscribersarethosethathaveusedtheirmobileaccountinthepast3months.Connectionsmetricsrelatetotheend-of-periodfigure.OperatorNotes:ThisoperatorisclassifiedasMobile:laterentrant.Operatorattribution:mobilesubscribersarecountedonaretailbasisforWesternEurope(thatisincludingonlycustomersofeachserviceprovider(beitMNOorMVNO).Forallothergeographiesmobilesubscribersarecountedonanetworkorwholesalebasis(thatiswherecustomersofserviceproviderswithouttheirownnetworkinfrastructureareallocatedtothenetworkoperator(s)thatsupport(s)theirservice).
Mobile,Connections,total–prepaid,Total,Sub-SaharanAfrica,Ghana,Glo,0.0,0.0,0,0,0,0,1552334,1483031,1421374,1335167,676533,609549,716440,701838,753813,815764,296544,10528,1450413,1413198,1350946,1335167,1021895,873758,806216,676533,748457,711974,758764,609549,677688,720740,755832,716440,701096,698542,696548,701838,703779,721502,736392,753813,756935,785191,853089,815764,757501,952413,339547,296544,213012,107539,37619,10528,0,0,laterentrant,Glo,Unknown,Totals,Totals,Notspecified,Totals,Prepaid,Standardised,Mobile/Connections/total–prepaid|Publicationdate:24September2024Basedonhistoricaldatauptoquarter2of2024|TotalactiveprepaidmobileconnectionsexcludingIoTthatishandsetandmobilebroadbandconnectionsonly.Activesubscribersarethosethathaveusedtheirmobileaccountinthepast3months.Connectionsmetricsrelatetotheend-of-periodfigure.OperatorNotes:ThisoperatorisclassifiedasMobile:laterentrant.Operatorattribution:mobilesubscribersarecountedonaretailbasisforWesternEurope(thatisincludingonlycustomersofeachserviceprovider(beitMNOorMVNO).Forallothergeographiesmobilesubscribersarecountedonanetworkorwholesalebasis(thatiswherecustomersofserviceproviderswithouttheirownnetworkinfrastructureareallocatedtothenetworkoperator(s)thatsupport(s)theirservice).
Mobile,Connections,total–prepaid,Total,Sub-SaharanAfrica,Ghana,AirtelTigo(AT),0.0,0.0,0,0,0,0,0,0,0,0,0,6027185,4627504,4647395,4653023,4561359,3421382,1493324,0,0,0,0,0,0,0,0,0,0,0,6027185,5840058,5525521,5141409,4627504,4588699,4600683,4582105,4647395,4477274,4490851,4808710,4653023,4669125,4682148,4786415,4561359,4534834,4177269,3883538,3421382,3467116,1697681,1755159,1493324,1229636,976184,laterentrant,AirtelTigo(AT),Unknown,Totals,Totals,Notspecified,Totals,Prepaid,Standardised,Mobile/Connections/total–prepaid|Publicationdate:24September2024Basedonhistoricaldatauptoquarter2of2024|TotalactiveprepaidmobileconnectionsexcludingIoTthatishandsetandmobilebroadbandconnectionsonly.Activesubscribersarethosethathaveusedtheirmobileaccountinthepast3months.Connectionsmetricsrelatetotheend-of-periodfigure.OperatorNotes:ThisoperatorisclassifiedasMobile:laterentrant.Operatorattribution:mobilesubscribersarecountedonaretailbasisforWesternEurope(thatisincludingonlycustomersofeachserviceprovider(beitMNOorMVNO).Forallothergeographiesmobilesubscribersarecountedonanetworkorwholesalebasis(thatiswherecustomersofserviceproviderswithouttheirownnetworkinfrastructureareallocatedtothenetworkoperator(s)thatsupport(s)theirservice).
Mobile,Connections,total–prepaid,Total,Sub-SaharanAfrica,Ghana,Totalmarket,5143810.0,7588125.0,11557035,14888444,16065944,18809145,21942215,23687283,24868448,26550607,27200203,27659082,28801554,30319621,34396057,35113055,35998997,31022655,25109957,25691062,25940553,26550607,26697107,26694547,26783061,27200203,27295244,27597350,27707276,27659082,27990833,28233832,28297673,28801554,29875431,29956125,29860122,30319621,30803611,31485088,33340145,34396057,35316900,35502941,36123593,35113055,36310055,36510204,36404216,35998997,34404959,31812303,30448310,31022655,31596470,31837178,Unknown,Unknown,Unknown,Totals,Totals,Notspecified,Totals,Prepaid,Standardised,Mobile/Connections/total–prepaid|Publicationdate:24September2024Basedonhistoricaldatauptoquarter2of2024|TotalactiveprepaidmobileconnectionsexcludingIoTthatishandsetandmobilebroadbandconnectionsonly.Activesubscribersarethosethathaveusedtheirmobileaccountinthepast3months.Connectionsmetricsrelatetotheend-of-periodfigure.Operatorattribution:mobilesubscribersarecountedonaretailbasisforWesternEurope(thatisincludingonlycustomersofeachserviceprovider(beitMNOorMVNO).Forallothergeographiesmobilesubscribersarecountedonanetworkorwholesalebasis(thatiswherecustomersofserviceproviderswithouttheirownnetworkinfrastructureareallocatedtothenetworkoperator(s)thatsupport(s)theirservice).
Mobile,Connections,total–prepaid,Total,Sub-SaharanAfrica,Kenya,Safaricom,5093500.0,9140000.0,12515621,15005719,16801314,18440456,19127686,20764075,21896302,25355722,26472166,28296923,30181361,34161846,37624043,41679723,41974621,47218052,22564407,23378349,24262182,25355722,24229874,24862474,25426516,26472166,27100330,28155172,28240971,28296923,28431444,28702598,28850803,30181361,30650732,31737257,33211107,34161846,34589852,35587126,37090291,37624043,38798147,40242800,40809113,41679723,41280238,41372549,41954794,41974621,44676828,45498455,47113260,47218052,47881570,48545088,firstentrant,Safaricom,Vodafone,Totals,Totals,Notspecified,Totals,Prepaid,Standardised,Mobile/Connections/total–prepaid|Publicationdate:24September2024Basedonhistoricaldatauptoquarter2of2024|TotalactiveprepaidmobileconnectionsexcludingIoTthatishandsetandmobilebroadbandconnectionsonly.Activesubscribersarethosethathaveusedtheirmobileaccountinthepast3months.Connectionsmetricsrelatetotheend-of-periodfigure.OperatorNotes:ThisoperatorisclassifiedasMobile:firstentrant.March2017:ownedbyVodafoneKenya(40%)whichisitselfownedbyVodafoneGroup(87.5%)Operatorattribution:mobilesubscribersarecountedonaretailbasisforWesternEurope(thatisincludingonlycustomersofeachserviceprovider(beitMNOorMVNO).Forallothergeographiesmobilesubscribersarecountedonanetworkorwholesalebasis(thatiswherecustomersofserviceproviderswithouttheirownnetworkinfrastructureareallocatedtothenetworkoperator(s)thatsupport(s)theirservice).
Mobile,Connections,total–prepaid,Total,Sub-SaharanAfrica,Kenya,Airtel,1902000.0,2062000.0,3019773,2055183,3730499,4201690,5101480,5031914,7461612,8495532,8208252,9163236,13551422,15731394,18256178,17741052,19069756,20786742,7529977,7729338,8153152,8495532,8263661,8460260,8904518,8208252,7982585,7902121,7871941,9163236,10553884,11703561,12308962,13551422,14924408,14616407,14936402,15731394,16301975,16897659,17825961,18256178,17938074,18736621,18490470,17741052,18035371,18352817,18631068,19069756,19078409,19483868,20335915,20786742,21227296,21667850,secondentrant,Airtel,Airtel,Totals,Totals,Notspecified,Totals,Prepaid,Standardised,Mobile/Connections/total–prepaid|Publicationdate:24September2024Basedonhistoricaldatauptoquarter2of2024|TotalactiveprepaidmobileconnectionsexcludingIoTthatishandsetandmobilebroadbandconnectionsonly.Activesubscribersarethosethathaveusedtheirmobileaccountinthepast3months.Connectionsmetricsrelatetotheend-of-periodfigure.OperatorNotes:ThisoperatorisclassifiedasMobile:secondentrant.Operatorattribution:mobilesubscribersarecountedonaretailbasisforWesternEurope(thatisincludingonlycustomersofeachserviceprovider(beitMNOorMVNO).Forallothergeographiesmobilesubscribersarecountedonanetworkorwholesalebasis(thatiswherecustomersofserviceproviderswithouttheirownnetworkinfrastructureareallocatedtothenetworkoperator(s)thatsupport(s)theirservice).
Mobile,Connections,total–prepaid,Total,Sub-SaharanAfrica,Kenya,TelkomKenya,0.0,0.0,357684,757332,1049839,827377,802828,944849,1243935,1951876,2888674,3850432,4435307,3373133,3758676,4099086,3069495,1332276,1465836,1640736,1840802,1951876,1948005,2122291,2506074,2888674,2795762,2889756,3423685,3850432,3795435,3983784,4176803,4435307,4038497,4222813,3543796,3373133,3170162,3405149,3702906,3758676,3798970,3964174,4117760,4099086,3748225,3397364,3223646,3069495,2745604,2511344,2098650,1332276,1467856,1603436,thirdentrant,TelkomKenya,Unknown,Totals,Totals,Notspecified,Totals,Prepaid,Standardised,Mobile/Connections/total–prepaid|Publicationdate:24September2024Basedonhistoricaldatauptoquarter2of2024|TotalactiveprepaidmobileconnectionsexcludingIoTthatishandsetandmobilebroadbandconnectionsonly.Activesubscribersarethosethathaveusedtheirmobileaccountinthepast3months.Connectionsmetricsrelatetotheend-of-periodfigure.OperatorNotes:ThisoperatorisclassifiedasMobile:thirdentrant.Operatorattribution:mobilesubscribersarecountedonaretailbasisforWesternEurope(thatisincludingonlycustomersofeachserviceprovider(beitMNOorMVNO).Forallothergeographiesmobilesubscribersarecountedonanetworkorwholesalebasis(thatiswherecustomersofserviceproviderswithouttheirownnetworkinfrastructureareallocatedtothenetworkoperator(s)thatsupport(s)theirservice).
Mobile,Connections,total–prepaid,Total,Sub-SaharanAfrica,Kenya,EssarTelecom(yu),0.0,0.0,134776,1359951,2015771,2007217,2911466,2494500,0,0,0,0,0,0,0,0,0,0,0,0,0,0,0,0,0,0,0,0,0,0,0,0,0,0,0,0,0,0,0,0,0,0,0,0,0,0,0,0,0,0,0,0,0,0,0,0,fourthentrant,EssarTelecom(yu),Unknown,Totals,Totals,Notspecified,Totals,Prepaid,Standardised,Mobile/Connections/total–prepaid|Publicationdate:24September2024Basedonhistoricaldatauptoquarter2of2024|TotalactiveprepaidmobileconnectionsexcludingIoTthatishandsetandmobilebroadbandconnectionsonly.Activesubscribersarethosethathaveusedtheirmobileaccountinthepast3months.Connectionsmetricsrelatetotheend-of-periodfigure.OperatorNotes:ThisoperatorisclassifiedasMobile:fourthentrant.Operatorattribution:mobilesubscribersarecountedonaretailbasisforWesternEurope(thatisincludingonlycustomersofeachserviceprovider(beitMNOorMVNO).Forallothergeographiesmobilesubscribersarecountedonanetworkorwholesalebasis(thatiswherecustomersofserviceproviderswithouttheirownnetworkinfrastructureareallocatedtothenetworkoperator(s)thatsupport(s)theirservice).
Mobile,Connections,total–prepaid,Total,Sub-SaharanAfrica,Kenya,JamiiTelecommunications(Faiba),0.0,0.0,0,0,0,0,0,0,0,0,0,6000,62069,111495,160921,236332,332585,498068,0,0,0,0,0,0,0,0,0,0,0,6000,25000,37356,49713,62069,74426,86782,99139,111495,123852,136208,148565,160921,178065,196301,214229,236332,254314,272392,296402,332585,368250,411549,456277,498068,545819,593570,laterentrant,JamiiTelecommunications(Faiba),Unknown,Totals,Totals,Notspecified,Totals,Prepaid,Standardised,Mobile/Connections/total–prepaid|Publicationdate:24September2024Basedonhistoricaldatauptoquarter2of2024|TotalactiveprepaidmobileconnectionsexcludingIoTthatishandsetandmobilebroadbandconnectionsonly.Activesubscribersarethosethathaveusedtheirmobileaccountinthepast3months.Connectionsmetricsrelatetotheend-of-periodfigure.OperatorNotes:ThisoperatorisclassifiedasMobile:laterentrant.Operatorattribution:mobilesubscribersarecountedonaretailbasisforWesternEurope(thatisincludingonlycustomersofeachserviceprovider(beitMNOorMVNO).Forallothergeographiesmobilesubscribersarecountedonanetworkorwholesalebasis(thatiswherecustomersofserviceproviderswithouttheirownnetworkinfrastructureareallocatedtothenetworkoperator(s)thatsupport(s)theirservice).
Mobile,Connections,total–prepaid,Total,Sub-SaharanAfrica,Kenya,Totalmarket,6995500.0,11202000.0,16027854,19178185,23597423,25476740,27943460,29235338,30601849,35803130,37569092,41316591,48230159,53377868,59799818,63756193,64446457,69835138,31560220,32748423,34256136,35803130,34441540,35445025,36837108,37569092,37878677,38947049,39536597,41316591,42805763,44427299,45386281,48230159,49688063,50663259,51790444,53377868,54185841,56026142,58767723,59799818,60713256,63139896,63631572,63756193,63318148,63395122,64105910,64446457,66869091,67905216,70004102,69835138,71122541,72409944,Unknown,Unknown,Unknown,Totals,Totals,Notspecified,Totals,Prepaid,Standardised,Mobile/Connections/total–prepaid|Publicationdate:24September2024Basedonhistoricaldatauptoquarter2of2024|TotalactiveprepaidmobileconnectionsexcludingIoTthatishandsetandmobilebroadbandconnectionsonly.Activesubscribersarethosethathaveusedtheirmobileaccountinthepast3months.Connectionsmetricsrelatetotheend-of-periodfigure.Operatorattribution:mobilesubscribersarecountedonaretailbasisforWesternEurope(thatisincludingonlycustomersofeachserviceprovider(beitMNOorMVNO).Forallothergeographiesmobilesubscribersarecountedonanetworkorwholesalebasis(thatiswherecustomersofserviceproviderswithouttheirownnetworkinfrastructureareallocatedtothenetworkoperator(s)thatsupport(s)theirservice).
Mobile,Connections,total–contract,Total,Sub-SaharanAfrica,Cameroon,MTN,0.0,45344.0,54014,56541,68400,78243,95339,117707,114846,114652,109745,117902,128652,150616,130826,145113,161748,186803,120873,126289,124426,114652,115074,113758,110288,109745,111354,114244,118245,117902,112653,113822,117954,128652,142544,148555,141477,150616,144352,139897,140514,130826,128202,129211,136021,145113,144723,153126,156747,161748,167598,175379,178964,186803,193473,198169,firstentrant,MTN,MTN,Totals,Totals,Notspecified,Totals,Contract,Standardised,Mobile/Connections/total–contract|Publicationdate:24September2024Basedonhistoricaldatauptoquarter2of2024|TotalactivecontractmobileconnectionsexcludingIoTthatishandsetandmobilebroadbandconnectionsonly.Activesubscribersarethosethathaveusedtheirmobileaccountinthepast3months.Connectionsmetricsrelatetotheend-of-periodfigure.OperatorNotes:ThisoperatorisclassifiedasMobile:firstentrant.Operatorattribution:mobilesubscribersarecountedonaretailbasisforWesternEurope(thatisincludingonlycustomersofeachserviceprovider(beitMNOorMVNO).Forallothergeographiesmobilesubscribersarecountedonanetworkorwholesalebasis(thatiswherecustomersofserviceproviderswithouttheirownnetworkinfrastructureareallocatedtothenetworkoperator(s)thatsupport(s)theirservice).
Mobile,Connections,total–contract,Total,Sub-SaharanAfrica,Cameroon,Orange,0.0,12687.0,5359,3482,14306,18968,23491,23887,30270,36265,30563,64104,69641,63674,55831,69076,94967,120499,32491,36142,39056,36265,34209,33209,31671,30563,35270,44032,58514,64104,70672,67951,67755,69641,68968,68357,66613,63674,62826,58224,58150,55831,56831,58939,61476,69076,76151,80759,87271,94967,102555,107980,115530,120499,128327,135345,firstentrant,Orange,Orange,Totals,Totals,Notspecified,Totals,Contract,Standardised,Mobile/Connections/total–contract|Publicationdate:24September2024Basedonhistoricaldatauptoquarter2of2024|TotalactivecontractmobileconnectionsexcludingIoTthatishandsetandmobilebroadbandconnectionsonly.Activesubscribersarethosethathaveusedtheirmobileaccountinthepast3months.Connectionsmetricsrelatetotheend-of-periodfigure.OperatorNotes:ThisoperatorisclassifiedasMobile:firstentrant.Operatorattribution:mobilesubscribersarecountedonaretailbasisforWesternEurope(thatisincludingonlycustomersofeachserviceprovider(beitMNOorMVNO).Forallothergeographiesmobilesubscribersarecountedonanetworkorwholesalebasis(thatiswherecustomersofserviceproviderswithouttheirownnetworkinfrastructureareallocatedtothenetworkoperator(s)thatsupport(s)theirservice).
Mobile,Connections,total–contract,Total,Sub-SaharanAfrica,Cameroon,Viettel(Nexttel),0.0,0.0,0,0,0,0,0,0,2049,22328,32863,59663,54644,36726,32289,24168,27352,30004,9525,17436,20227,22328,23364,25817,27932,32863,38463,45172,52361,59663,65155,66174,63154,54644,43046,41247,41106,36726,36622,33544,32897,32289,31075,28911,25319,24168,25525,24384,25670,27352,28683,28675,30265,30004,30964,31934,thirdentrant,Viettel(Nexttel),Unknown,Totals,Totals,Notspecified,Totals,Contract,Standardised,Mobile/Connections/total–contract|Publicationdate:24September2024Basedonhistoricaldatauptoquarter2of2024|TotalactivecontractmobileconnectionsexcludingIoTthatishandsetandmobilebroadbandconnectionsonly.Activesubscribersarethosethathaveusedtheirmobileaccountinthepast3months.Connectionsmetricsrelatetotheend-of-periodfigure.OperatorNotes:ThisoperatorisclassifiedasMobile:thirdentrant.Operatorattribution:mobilesubscribersarecountedonaretailbasisforWesternEurope(thatisincludingonlycustomersofeachserviceprovider(beitMNOorMVNO).Forallothergeographiesmobilesubscribersarecountedonanetworkorwholesalebasis(thatiswherecustomersofserviceproviderswithouttheirownnetworkinfrastructureareallocatedtothenetworkoperator(s)thatsupport(s)theirservice).
Mobile,Connections,total–contract,Total,Sub-SaharanAfrica,Cameroon,Camtel,0.0,0.0,0,0,0,0,0,0,0,0,97,922,2658,3527,3789,5044,6716,8419,0,0,0,0,0,5,49,97,208,341,500,922,1425,1882,2296,2658,2946,3196,3392,3527,3601,3641,3688,3789,3987,4280,4643,5044,5454,5867,6287,6716,7147,7577,8002,8419,8825,9216,fourthentrant,Camtel,Unknown,Totals,Totals,Notspecified,Totals,Contract,Standardised,Mobile/Connections/total–contract|Publicationdate:24September2024Basedonhistoricaldatauptoquarter2of2024|TotalactivecontractmobileconnectionsexcludingIoTthatishandsetandmobilebroadbandconnectionsonly.Activesubscribersarethosethathaveusedtheirmobileaccountinthepast3months.Connectionsmetricsrelatetotheend-of-periodfigure.OperatorNotes:ThisoperatorisclassifiedasMobile:fourthentrant.Operatorattribution:mobilesubscribersarecountedonaretailbasisforWesternEurope(thatisincludingonlycustomersofeachserviceprovider(beitMNOorMVNO).Forallothergeographiesmobilesubscribersarecountedonanetworkorwholesalebasis(thatiswherecustomersofserviceproviderswithouttheirownnetworkinfrastructureareallocatedtothenetworkoperator(s)thatsupport(s)theirservice).
Mobile,Connections,total–contract,Total,Sub-SaharanAfrica,Cameroon,Totalmarket,0.0,58031.0,59372,60023,82706,97212,118830,141593,147165,173245,173268,242591,255594,254543,222736,243401,290783,345725,162889,179868,183710,173245,172647,172789,169940,173268,185295,203789,229620,242591,249904,249830,251159,255594,257504,261354,252588,254543,247402,235307,235248,222736,220096,221341,227458,243401,251854,264136,275974,290783,305983,319612,332761,345725,361589,374664,Unknown,Unknown,Unknown,Totals,Totals,Notspecified,Totals,Contract,Standardised,Mobile/Connections/total–contract|Publicationdate:24September2024Basedonhistoricaldatauptoquarter2of2024|TotalactivecontractmobileconnectionsexcludingIoTthatishandsetandmobilebroadbandconnectionsonly.Activesubscribersarethosethathaveusedtheirmobileaccountinthepast3months.Connectionsmetricsrelatetotheend-of-periodfigure.Operatorattribution:mobilesubscribersarecountedonaretailbasisforWesternEurope(thatisincludingonlycustomersofeachserviceprovider(beitMNOorMVNO).Forallothergeographiesmobilesubscribersarecountedonanetworkorwholesalebasis(thatiswherecustomersofserviceproviderswithouttheirownnetworkinfrastructureareallocatedtothenetworkoperator(s)thatsupport(s)theirservice).
Mobile,Connections,total–contract,Total,Sub-SaharanAfrica,CôtedIvoire,MTN,0.0,0.0,3562,4484,5139,5522,6023,9106,32172,9436,9406,21191,13623,27275,33211,32810,62104,68537,8578,8049,8164,9436,10317,10497,9617,9406,8564,7706,8159,21191,21774,20442,14188,13623,15059,18331,24956,27275,29021,30393,31378,33211,33244,33855,34214,32810,29141,56596,59110,62104,62592,64784,67298,68537,69731,72528,firstentrant,MTN,MTN,Totals,Totals,Notspecified,Totals,Contract,Standardised,Mobile/Connections/total–contract|Publicationdate:24September2024Basedonhistoricaldatauptoquarter2of2024|TotalactivecontractmobileconnectionsexcludingIoTthatishandsetandmobilebroadbandconnectionsonly.Activesubscribersarethosethathaveusedtheirmobileaccountinthepast3months.Connectionsmetricsrelatetotheend-of-periodfigure.OperatorNotes:ThisoperatorisclassifiedasMobile:firstentrant.Operatorattribution:mobilesubscribersarecountedonaretailbasisforWesternEurope(thatisincludingonlycustomersofeachserviceprovider(beitMNOorMVNO).Forallothergeographiesmobilesubscribersarecountedonanetworkorwholesalebasis(thatiswherecustomersofserviceproviderswithouttheirownnetworkinfrastructureareallocatedtothenetworkoperator(s)thatsupport(s)theirservice).
Mobile,Connections,total–contract,Total,Sub-SaharanAfrica,CôtedIvoire,Orange,0.0,0.0,3397,3172,4655,10028,21415,36562,52170,53097,69346,79832,90877,77862,64964,61101,58539,61448,52253,52584,72778,53097,53217,56110,55967,69346,65963,72545,72256,79832,83026,82044,86442,90877,81431,80065,77062,77862,87502,66298,62982,64964,65461,65838,63599,61101,59475,58217,58181,58539,58951,61759,62633,61448,57807,53850,firstentrant,Orange,Orange,Totals,Totals,Notspecified,Totals,Contract,Standardised,Mobile/Connections/total–contract|Publicationdate:24September2024Basedonhistoricaldatauptoquarter2of2024|TotalactivecontractmobileconnectionsexcludingIoTthatishandsetandmobilebroadbandconnectionsonly.Activesubscribersarethosethathaveusedtheirmobileaccountinthepast3months.Connectionsmetricsrelatetotheend-of-periodfigure.OperatorNotes:ThisoperatorisclassifiedasMobile:firstentrant.Operatorattribution:mobilesubscribersarecountedonaretailbasisforWesternEurope(thatisincludingonlycustomersofeachserviceprovider(beitMNOorMVNO).Forallothergeographiesmobilesubscribersarecountedonanetworkorwholesalebasis(thatiswherecustomersofserviceproviderswithouttheirownnetworkinfrastructureareallocatedtothenetworkoperator(s)thatsupport(s)theirservice).
Mobile,Connections,total–contract,Total,Sub-SaharanAfrica,CôtedIvoire,MarocTelecom(Moov),0.0,0.0,1472,1914,2146,2645,3208,3385,3551,2696,40200,57327,53030,52918,49963,44091,38684,38533,2863,2990,2755,2696,33094,35313,37568,40200,41620,43443,55050,57327,60636,63484,65674,53030,53268,53581,54994,52918,49961,49906,50019,49963,49160,47131,44843,44091,43182,41950,41013,38684,38125,37810,37314,38533,37888,37138,thirdentrant,MarocTelecom(Moov),Etisalat,Totals,Totals,Notspecified,Totals,Contract,Standardised,Mobile/Connections/total–contract|Publicationdate:24September2024Basedonhistoricaldatauptoquarter2of2024|TotalactivecontractmobileconnectionsexcludingIoTthatishandsetandmobilebroadbandconnectionsonly.Activesubscribersarethosethathaveusedtheirmobileaccountinthepast3months.Connectionsmetricsrelatetotheend-of-periodfigure.OperatorNotes:ThisoperatorisclassifiedasMobile:thirdentrant.Operatorattribution:mobilesubscribersarecountedonaretailbasisforWesternEurope(thatisincludingonlycustomersofeachserviceprovider(beitMNOorMVNO).Forallothergeographiesmobilesubscribersarecountedonanetworkorwholesalebasis(thatiswherecustomersofserviceproviderswithouttheirownnetworkinfrastructureareallocatedtothenetworkoperator(s)thatsupport(s)theirservice).
Mobile,Connections,total–contract,Total,Sub-SaharanAfrica,CôtedIvoire,Comium,0.0,0.0,90,112,151,172,145,164,170,193,0,0,0,0,0,0,0,0,161,190,196,193,0,0,0,0,0,0,0,0,0,0,0,0,0,0,0,0,0,0,0,0,0,0,0,0,0,0,0,0,0,0,0,0,0,0,fourthentrant,Comium,Unknown,Totals,Totals,Notspecified,Totals,Contract,Standardised,Mobile/Connections/total–contract|Publicationdate:24September2024Basedonhistoricaldatauptoquarter2of2024|TotalactivecontractmobileconnectionsexcludingIoTthatishandsetandmobilebroadbandconnectionsonly.Activesubscribersarethosethathaveusedtheirmobileaccountinthepast3months.Connectionsmetricsrelatetotheend-of-periodfigure.OperatorNotes:ThisoperatorisclassifiedasMobile:fourthentrant.Operatorattribution:mobilesubscribersarecountedonaretailbasisforWesternEurope(thatisincludingonlycustomersofeachserviceprovider(beitMNOorMVNO).Forallothergeographiesmobilesubscribersarecountedonanetworkorwholesalebasis(thatiswherecustomersofserviceproviderswithouttheirownnetworkinfrastructureareallocatedtothenetworkoperator(s)thatsupport(s)theirservice).
Mobile,Connections,total–contract,Total,Sub-SaharanAfrica,CôtedIvoire,GreenN,0.0,0.0,0,5357,3361,2384,2333,1914,2635,1476,0,0,0,0,0,0,0,0,2111,1938,1653,1476,0,0,0,0,0,0,0,0,0,0,0,0,0,0,0,0,0,0,0,0,0,0,0,0,0,0,0,0,0,0,0,0,0,0,laterentrant,GreenN,Unknown,Totals,Totals,Notspecified,Totals,Contract,Standardised,Mobile/Connections/total–contract|Publicationdate:24September2024Basedonhistoricaldatauptoquarter2of2024|TotalactivecontractmobileconnectionsexcludingIoTthatishandsetandmobilebroadbandconnectionsonly.Activesubscribersarethosethathaveusedtheirmobileaccountinthepast3months.Connectionsmetricsrelatetotheend-of-periodfigure.OperatorNotes:ThisoperatorisclassifiedasMobile:laterentrant.Operatorattribution:mobilesubscribersarecountedonaretailbasisforWesternEurope(thatisincludingonlycustomersofeachserviceprovider(beitMNOorMVNO).Forallothergeographiesmobilesubscribersarecountedonanetworkorwholesalebasis(thatiswherecustomersofserviceproviderswithouttheirownnetworkinfrastructureareallocatedtothenetworkoperator(s)thatsupport(s)theirservice).
Mobile,Connections,total–contract,Total,Sub-SaharanAfrica,CôtedIvoire,Totalmarket,0.0,0.0,8522,15039,15453,20751,33125,51130,90698,66898,118952,158350,157530,158055,148138,138002,159327,168519,65966,65751,85546,66898,96628,101920,103151,118952,116147,123694,135465,158350,165436,165970,166304,157530,149758,151976,157012,158055,166484,146597,144380,148138,147865,146824,142656,138002,131797,156764,158304,159327,159668,164354,167245,168519,165426,163515,Unknown,Unknown,Unknown,Totals,Totals,Notspecified,Totals,Contract,Standardised,Mobile/Connections/total–contract|Publicationdate:24September2024Basedonhistoricaldatauptoquarter2of2024|TotalactivecontractmobileconnectionsexcludingIoTthatishandsetandmobilebroadbandconnectionsonly.Activesubscribersarethosethathaveusedtheirmobileaccountinthepast3months.Connectionsmetricsrelatetotheend-of-periodfigure.Operatorattribution:mobilesubscribersarecountedonaretailbasisforWesternEurope(thatisincludingonlycustomersofeachserviceprovider(beitMNOorMVNO).Forallothergeographiesmobilesubscribersarecountedonanetworkorwholesalebasis(thatiswherecustomersofserviceproviderswithouttheirownnetworkinfrastructureareallocatedtothenetworkoperator(s)thatsupport(s)theirservice).
Mobile,Connections,total–contract,Total,Sub-SaharanAfrica,Ghana,MTN,5336.0,8745.0,14331,17579,43998,60479,88283,85887,96310,260494,431984,548266,623390,610497,725532,788548,979795,1113249,132196,172670,214414,260494,308775,355816,396334,431984,442821,475274,502167,548266,572135,580874,625617,623390,618444,606041,601972,610497,625863,643365,695179,725532,746960,750898,772011,788548,857723,896152,938085,979795,1047859,1072999,1075369,1113249,1177024,1218421,thirdentrant,MTN,MTN,Totals,Totals,Notspecified,Totals,Contract,Standardised,Mobile/Connections/total–contract|Publicationdate:24September2024Basedonhistoricaldatauptoquarter2of2024|TotalactivecontractmobileconnectionsexcludingIoTthatishandsetandmobilebroadbandconnectionsonly.Activesubscribersarethosethathaveusedtheirmobileaccountinthepast3months.Connectionsmetricsrelatetotheend-of-periodfigure.OperatorNotes:ThisoperatorisclassifiedasMobile:thirdentrant.Operatorattribution:mobilesubscribersarecountedonaretailbasisforWesternEurope(thatisincludingonlycustomersofeachserviceprovider(beitMNOorMVNO).Forallothergeographiesmobilesubscribersarecountedonanetworkorwholesalebasis(thatiswherecustomersofserviceproviderswithouttheirownnetworkinfrastructureareallocatedtothenetworkoperator(s)thatsupport(s)theirservice).
Mobile,Connections,total–contract,Total,Sub-SaharanAfrica,Ghana,Expresso,0.0,0.0,0,0,0,0,0,0,0,0,0,0,0,0,0,0,0,0,0,0,0,0,0,0,0,0,0,0,0,0,0,0,0,0,0,0,0,0,0,0,0,0,0,0,0,0,0,0,0,0,0,0,0,0,0,0,secondentrant,Expresso,Unknown,Totals,Totals,Notspecified,Totals,Contract,Standardised,Mobile/Connections/total–contract|Publicationdate:24September2024Basedonhistoricaldatauptoquarter2of2024|TotalactivecontractmobileconnectionsexcludingIoTthatishandsetandmobilebroadbandconnectionsonly.Activesubscribersarethosethathaveusedtheirmobileaccountinthepast3months.Connectionsmetricsrelatetotheend-of-periodfigure.OperatorNotes:ThisoperatorisclassifiedasMobile:secondentrant.Operatorattribution:mobilesubscribersarecountedonaretailbasisforWesternEurope(thatisincludingonlycustomersofeachserviceprovider(beitMNOorMVNO).Forallothergeographiesmobilesubscribersarecountedonanetworkorwholesalebasis(thatiswherecustomersofserviceproviderswithouttheirownnetworkinfrastructureareallocatedtothenetworkoperator(s)thatsupport(s)theirservice).
Mobile,Connections,total–contract,Total,Sub-SaharanAfrica,Ghana,Tigo,0.0,0.0,0,0,17626,35084,39625,45925,57428,113177,184963,0,0,0,0,0,0,0,78769,77321,76133,113177,129083,148413,170894,184963,204960,230175,244125,0,0,0,0,0,0,0,0,0,0,0,0,0,0,0,0,0,0,0,0,0,0,0,0,0,0,0,firstentrant,Tigo,Unknown,Totals,Totals,Notspecified,Totals,Contract,Standardised,Mobile/Connections/total–contract|Publicationdate:24September2024Basedonhistoricaldatauptoquarter2of2024|TotalactivecontractmobileconnectionsexcludingIoTthatishandsetandmobilebroadbandconnectionsonly.Activesubscribersarethosethathaveusedtheirmobileaccountinthepast3months.Connectionsmetricsrelatetotheend-of-periodfigure.OperatorNotes:ThisoperatorisclassifiedasMobile:firstentrant.Operatorattribution:mobilesubscribersarecountedonaretailbasisforWesternEurope(thatisincludingonlycustomersofeachserviceprovider(beitMNOorMVNO).Forallothergeographiesmobilesubscribersarecountedonanetworkorwholesalebasis(thatiswherecustomersofserviceproviderswithouttheirownnetworkinfrastructureareallocatedtothenetworkoperator(s)thatsupport(s)theirservice).
Mobile,Connections,total–contract,Total,Sub-SaharanAfrica,Ghana,TelecelGroup(Vodafone),5368.0,7183.0,9612,10840,17198,17104,32000,23000,21153,30412,155000,153000,177000,200134,235508,289000,316554,307722,21423,21846,29552,30412,23676,153000,163000,155000,142000,140000,147000,153000,158000,163000,172000,177000,181000,184000,191000,200134,225000,267000,251658,235508,238000,300000,293000,289000,325836,314846,282264,316554,347181,309872,285145,307722,348643,351816,fourthentrant,TelecelGroup(Vodafone),Unknown,Totals,Totals,Notspecified,Totals,Contract,Standardised,Mobile/Connections/total–contract|Publicationdate:24September2024Basedonhistoricaldatauptoquarter2of2024|TotalactivecontractmobileconnectionsexcludingIoTthatishandsetandmobilebroadbandconnectionsonly.Activesubscribersarethosethathaveusedtheirmobileaccountinthepast3months.Connectionsmetricsrelatetotheend-of-periodfigure.OperatorNotes:ThisoperatorisclassifiedasMobile:fourthentrant.Operatorattribution:mobilesubscribersarecountedonaretailbasisforWesternEurope(thatisincludingonlycustomersofeachserviceprovider(beitMNOorMVNO).Forallothergeographiesmobilesubscribersarecountedonanetworkorwholesalebasis(thatiswherecustomersofserviceproviderswithouttheirownnetworkinfrastructureareallocatedtothenetworkoperator(s)thatsupport(s)theirservice).
Mobile,Connections,total–contract,Total,Sub-SaharanAfrica,Ghana,Airtel,0.0,0.0,1000,5132,7500,10000,12500,15000,17500,18500,19500,0,0,0,0,0,0,0,17750,18000,18250,18500,18750,19000,19250,19500,19750,20000,20250,0,0,0,0,0,0,0,0,0,0,0,0,0,0,0,0,0,0,0,0,0,0,0,0,0,0,0,laterentrant,Airtel,Unknown,Totals,Totals,Notspecified,Totals,Contract,Standardised,Mobile/Connections/total–contract|Publicationdate:24September2024Basedonhistoricaldatauptoquarter2of2024|TotalactivecontractmobileconnectionsexcludingIoTthatishandsetandmobilebroadbandconnectionsonly.Activesubscribersarethosethathaveusedtheirmobileaccountinthepast3months.Connectionsmetricsrelatetotheend-of-periodfigure.OperatorNotes:ThisoperatorisclassifiedasMobile:laterentrant.Operatorattribution:mobilesubscribersarecountedonaretailbasisforWesternEurope(thatisincludingonlycustomersofeachserviceprovider(beitMNOorMVNO).Forallothergeographiesmobilesubscribersarecountedonanetworkorwholesalebasis(thatiswherecustomersofserviceproviderswithouttheirownnetworkinfrastructureareallocatedtothenetworkoperator(s)thatsupport(s)theirservice).
Mobile,Connections,total–contract,Total,Sub-SaharanAfrica,Ghana,Glo,0.0,0.0,0,0,0,0,15680,14980,29008,34235,18773,18203,22912,23935,27311,31293,12009,449,31490,32529,32866,34235,26740,23324,21946,18773,21164,20509,22258,18203,20596,22286,23771,22912,22793,23081,23385,23935,24375,25372,26287,27311,27826,29284,32270,31293,29462,37552,13569,12009,8740,4470,1584,449,0,0,laterentrant,Glo,Unknown,Totals,Totals,Notspecified,Totals,Contract,Standardised,Mobile/Connections/total–contract|Publicationdate:24September2024Basedonhistoricaldatauptoquarter2of2024|TotalactivecontractmobileconnectionsexcludingIoTthatishandsetandmobilebroadbandconnectionsonly.Activesubscribersarethosethathaveusedtheirmobileaccountinthepast3months.Connectionsmetricsrelatetotheend-of-periodfigure.OperatorNotes:ThisoperatorisclassifiedasMobile:laterentrant.Operatorattribution:mobilesubscribersarecountedonaretailbasisforWesternEurope(thatisincludingonlycustomersofeachserviceprovider(beitMNOorMVNO).Forallothergeographiesmobilesubscribersarecountedonanetworkorwholesalebasis(thatiswherecustomersofserviceproviderswithouttheirownnetworkinfrastructureareallocatedtothenetworkoperator(s)thatsupport(s)theirservice).
Mobile,Connections,total–contract,Total,Sub-SaharanAfrica,Ghana,AirtelTigo(AT),0.0,0.0,0,0,0,0,0,0,0,0,0,278815,219496,240605,271977,302200,254455,123279,0,0,0,0,0,0,0,0,0,0,0,278815,272942,258479,247591,219496,215301,220317,228895,240605,249726,278149,297290,271977,265875,293852,293585,302200,337264,315499,270972,254455,286223,142126,136764,123279,111648,89780,laterentrant,AirtelTigo(AT),Unknown,Totals,Totals,Notspecified,Totals,Contract,Standardised,Mobile/Connections/total–contract|Publicationdate:24September2024Basedonhistoricaldatauptoquarter2of2024|TotalactivecontractmobileconnectionsexcludingIoTthatishandsetandmobilebroadbandconnectionsonly.Activesubscribersarethosethathaveusedtheirmobileaccountinthepast3months.Connectionsmetricsrelatetotheend-of-periodfigure.OperatorNotes:ThisoperatorisclassifiedasMobile:laterentrant.Operatorattribution:mobilesubscribersarecountedonaretailbasisforWesternEurope(thatisincludingonlycustomersofeachserviceprovider(beitMNOorMVNO).Forallothergeographiesmobilesubscribersarecountedonanetworkorwholesalebasis(thatiswherecustomersofserviceproviderswithouttheirownnetworkinfrastructureareallocatedtothenetworkoperator(s)thatsupport(s)theirservice).
Mobile,Connections,total–contract,Total,Sub-SaharanAfrica,Ghana,Totalmarket,10704.0,15928.0,24943,33551,86321,122667,188088,184792,221398,456818,810221,998284,1042798,1075172,1260327,1411041,1562813,1544699,281629,322366,371214,456818,507024,699553,771425,810221,830696,885958,935799,998284,1023673,1024639,1068980,1042798,1037538,1033438,1045251,1075172,1124963,1213886,1270414,1260327,1278661,1374034,1390866,1411041,1550286,1564048,1504890,1562813,1690003,1529467,1498862,1544699,1637316,1660017,Unknown,Unknown,Unknown,Totals,Totals,Notspecified,Totals,Contract,Standardised,Mobile/Connections/total–contract|Publicationdate:24September2024Basedonhistoricaldatauptoquarter2of2024|TotalactivecontractmobileconnectionsexcludingIoTthatishandsetandmobilebroadbandconnectionsonly.Activesubscribersarethosethathaveusedtheirmobileaccountinthepast3months.Connectionsmetricsrelatetotheend-of-periodfigure.Operatorattribution:mobilesubscribersarecountedonaretailbasisforWesternEurope(thatisincludingonlycustomersofeachserviceprovider(beitMNOorMVNO).Forallothergeographiesmobilesubscribersarecountedonanetworkorwholesalebasis(thatiswherecustomersofserviceproviderswithouttheirownnetworkinfrastructureareallocatedtothenetworkoperator(s)thatsupport(s)theirservice).
Mobile,Connections,total–contract,Total,Sub-SaharanAfrica,Kenya,Safaricom,50000.0,105000.0,144379,144281,143686,159544,192814,431425,702198,852278,1266834,1267077,1139639,1173154,1077957,1199277,1186379,1137948,782593,805651,833818,852278,931126,1078526,1184484,1266834,1033670,1073828,1249029,1267077,1138556,1077402,1093197,1139639,1194268,1381743,1358893,1173154,1017148,999874,1053709,1077957,1103853,1130200,1136887,1199277,1159762,1162451,1218206,1186379,1215172,1166545,1126740,1137948,1136430,1134912,firstentrant,Safaricom,Vodafone,Totals,Totals,Notspecified,Totals,Contract,Standardised,Mobile/Connections/total–contract|Publicationdate:24September2024Basedonhistoricaldatauptoquarter2of2024|TotalactivecontractmobileconnectionsexcludingIoTthatishandsetandmobilebroadbandconnectionsonly.Activesubscribersarethosethathaveusedtheirmobileaccountinthepast3months.Connectionsmetricsrelatetotheend-of-periodfigure.OperatorNotes:ThisoperatorisclassifiedasMobile:firstentrant.March2017:ownedbyVodafoneKenya(40%)whichisitselfownedbyVodafoneGroup(87.5%)Operatorattribution:mobilesubscribersarecountedonaretailbasisforWesternEurope(thatisincludingonlycustomersofeachserviceprovider(beitMNOorMVNO).Forallothergeographiesmobilesubscribersarecountedonanetworkorwholesalebasis(thatiswherecustomersofserviceproviderswithouttheirownnetworkinfrastructureareallocatedtothenetworkoperator(s)thatsupport(s)theirservice).
Mobile,Connections,total–contract,Total,Sub-SaharanAfrica,Kenya,Airtel,37000.0,42000.0,59227,36817,61905,71274,103799,124355,149020,148164,137664,137248,88221,97050,99006,85468,91668,104467,151286,146769,146873,148164,142271,144192,147359,137664,138658,142162,141241,137248,100015,101301,96920,88221,114366,103058,88038,97050,106690,106075,106218,99006,95091,86204,85177,85468,87275,91181,91425,91668,95434,92457,104768,104467,128242,152017,secondentrant,Airtel,Airtel,Totals,Totals,Notspecified,Totals,Contract,Standardised,Mobile/Connections/total–contract|Publicationdate:24September2024Basedonhistoricaldatauptoquarter2of2024|TotalactivecontractmobileconnectionsexcludingIoTthatishandsetandmobilebroadbandconnectionsonly.Activesubscribersarethosethathaveusedtheirmobileaccountinthepast3months.Connectionsmetricsrelatetotheend-of-periodfigure.OperatorNotes:ThisoperatorisclassifiedasMobile:secondentrant.Operatorattribution:mobilesubscribersarecountedonaretailbasisforWesternEurope(thatisincludingonlycustomersofeachserviceprovider(beitMNOorMVNO).Forallothergeographiesmobilesubscribersarecountedonanetworkorwholesalebasis(thatiswherecustomersofserviceproviderswithouttheirownnetworkinfrastructureareallocatedtothenetworkoperator(s)thatsupport(s)theirservice).
Mobile,Connections,total–contract,Total,Sub-SaharanAfrica,Kenya,TelkomKenya,0.0,0.0,2316,4668,6161,4623,4271,3151,3065,9124,8871,10127,12638,18813,64781,44607,12955,11000,3164,11264,9198,9124,8995,9159,8424,8871,8747,8755,12291,10127,9561,11581,11714,12638,15202,12819,15447,18813,20499,36213,63440,64781,45473,45584,43594,44607,34794,24981,13827,12955,12588,11543,11429,11000,10812,10624,thirdentrant,TelkomKenya,Unknown,Totals,Totals,Notspecified,Totals,Contract,Standardised,Mobile/Connections/total–contract|Publicationdate:24September2024Basedonhistoricaldatauptoquarter2of2024|TotalactivecontractmobileconnectionsexcludingIoTthatishandsetandmobilebroadbandconnectionsonly.Activesubscribersarethosethathaveusedtheirmobileaccountinthepast3months.Connectionsmetricsrelatetotheend-of-periodfigure.OperatorNotes:ThisoperatorisclassifiedasMobile:thirdentrant.Operatorattribution:mobilesubscribersarecountedonaretailbasisforWesternEurope(thatisincludingonlycustomersofeachserviceprovider(beitMNOorMVNO).Forallothergeographiesmobilesubscribersarecountedonanetworkorwholesalebasis(thatiswherecustomersofserviceproviderswithouttheirownnetworkinfrastructureareallocatedtothenetworkoperator(s)thatsupport(s)theirservice).
Mobile,Connections,total–contract,Total,Sub-SaharanAfrica,Kenya,EssarTelecom(yu),0.0,0.0,57,608,949,995,1519,1572,0,0,0,0,0,0,0,0,0,0,0,0,0,0,0,0,0,0,0,0,0,0,0,0,0,0,0,0,0,0,0,0,0,0,0,0,0,0,0,0,0,0,0,0,0,0,0,0,fourthentrant,EssarTelecom(yu),Unknown,Totals,Totals,Notspecified,Totals,Contract,Standardised,Mobile/Connections/total–contract|Publicationdate:24September2024Basedonhistoricaldatauptoquarter2of2024|TotalactivecontractmobileconnectionsexcludingIoTthatishandsetandmobilebroadbandconnectionsonly.Activesubscribersarethosethathaveusedtheirmobileaccountinthepast3months.Connectionsmetricsrelatetotheend-of-periodfigure.OperatorNotes:ThisoperatorisclassifiedasMobile:fourthentrant.Operatorattribution:mobilesubscribersarecountedonaretailbasisforWesternEurope(thatisincludingonlycustomersofeachserviceprovider(beitMNOorMVNO).Forallothergeographiesmobilesubscribersarecountedonanetworkorwholesalebasis(thatiswherecustomersofserviceproviderswithouttheirownnetworkinfrastructureareallocatedtothenetworkoperator(s)thatsupport(s)theirservice).
Mobile,Connections,total–contract,Total,Sub-SaharanAfrica,Kenya,JamiiTelecommunications(Faiba),0.0,0.0,0,0,0,0,0,0,0,0,0,0,0,0,0,0,0,0,0,0,0,0,0,0,0,0,0,0,0,0,0,0,0,0,0,0,0,0,0,0,0,0,0,0,0,0,0,0,0,0,0,0,0,0,0,0,laterentrant,JamiiTelecommunications(Faiba),Unknown,Totals,Totals,Notspecified,Totals,Contract,Standardised,Mobile/Connections/total–contract|Publicationdate:24September2024Basedonhistoricaldatauptoquarter2of2024|TotalactivecontractmobileconnectionsexcludingIoTthatishandsetandmobilebroadbandconnectionsonly.Activesubscribersarethosethathaveusedtheirmobileaccountinthepast3months.Connectionsmetricsrelatetotheend-of-periodfigure.OperatorNotes:ThisoperatorisclassifiedasMobile:laterentrant.Operatorattribution:mobilesubscribersarecountedonaretailbasisforWesternEurope(thatisincludingonlycustomersofeachserviceprovider(beitMNOorMVNO).Forallothergeographiesmobilesubscribersarecountedonanetworkorwholesalebasis(thatiswherecustomersofserviceproviderswithouttheirownnetworkinfrastructureareallocatedtothenetworkoperator(s)thatsupport(s)theirservice).
Mobile,Connections,total–contract,Total,Sub-SaharanAfrica,Kenya,Totalmarket,87000.0,147000.0,205979,186374,212701,236436,302403,560503,854283,1009566,1413369,1414452,1240498,1289017,1241744,1329352,1291002,1253415,937043,963684,989889,1009566,1082392,1231877,1340267,1413369,1181075,1224745,1402561,1414452,1248132,1190284,1201831,1240498,1323836,1497620,1462378,1289017,1144337,1142162,1223367,1241744,1244417,1261988,1265658,1329352,1281831,1278613,1323458,1291002,1323194,1270545,1242937,1253415,1275484,1297553,Unknown,Unknown,Unknown,Totals,Totals,Notspecified,Totals,Contract,Standardised,Mobile/Connections/total–contract|Publicationdate:24September2024Basedonhistoricaldatauptoquarter2of2024|TotalactivecontractmobileconnectionsexcludingIoTthatishandsetandmobilebroadbandconnectionsonly.Activesubscribersarethosethathaveusedtheirmobileaccountinthepast3months.Connectionsmetricsrelatetotheend-of-periodfigure.Operatorattribution:mobilesubscribersarecountedonaretailbasisforWesternEurope(thatisincludingonlycustomersofeachserviceprovider(beitMNOorMVNO).Forallothergeographiesmobilesubscribersarecountedonanetworkorwholesalebasis(thatiswherecustomersofserviceproviderswithouttheirownnetworkinfrastructureareallocatedtothenetworkoperator(s)thatsupport(s)theirservice).
