Network,Metric type,Metric,Market segment,Region,Country,Operator name,Unit,2004,2005,2006,2007,2008,2009,2010,2011,2012,2013,2014,2015,2016,2017,2018,2019,2020,2021,2022,2023,4Q 2003,1Q 2004,2Q 2004,3Q 2004,4Q 2004,1Q 2005,2Q 2005,3Q 2005,4Q 2005,1Q 2006,2Q 2006,3Q 2006,4Q 2006,1Q 2007,2Q 2007,3Q 2007,4Q 2007,1Q 2008,2Q 2008,3Q 2008,4Q 2008,1Q 2009,2Q 2009,3Q 2009,4Q 2009,1Q 2010,2Q 2010,3Q 2010,4Q 2010,1Q 2011,2Q 2011,3Q 2011,4Q 2011,1Q 2012,2Q 2012,3Q 2012,4Q 2012,1Q 2013,2Q 2013,3Q 2013,4Q 2013,1Q 2014,2Q 2014,3Q 2014,4Q 2014,1Q 2015,2Q 2015,3Q 2015,4Q 2015,1Q 2016,2Q 2016,3Q 2016,4Q 2016,1Q 2017,2Q 2017,3Q 2017,4Q 2017,1Q 2018,2Q 2018,3Q 2018,4Q 2018,1Q 2019,2Q 2019,3Q 2019,4Q 2019,1Q 2020,2Q 2020,3Q 2020,4Q 2020,1Q 2021,2Q 2021,3Q 2021,4Q 2021,1Q 2022,2Q 2022,3Q 2022,4Q 2022,1Q 2023,2Q 2023,3Q 2023,4Q 2023,1Q 2024,2Q 2024,Operator Type,MNO,GROUP,Service,Technology,PayTV service platform,Device,Mobile plan,Standardisation,Metric definition
Mobile,Connections,total,Total,Sub-SaharanAfrica,Cameroon,MTN,Unknown,,,Unknown,2474096,3382683,4045243,4352255,5163455,6378767,7510964,8115966,7571106,7896000,7052000,7684000,10170000,10251000,10608000,10681000,11291000,,,,Unknown,,,,,,,,,,,,,,,,,,,,,,,,,,,,,,Unknown,Unknown,Unknown,Unknown,Unknown,Unknown,Unknown,Unknown,Unknown,Unknown,Unknown,Unknown,8449699,8634752,8250738,7571106,7770459,7855332,7689037,7896000,7715489,7462189,7297424,7052000,6596000,6637000,6922000,7684000,8742000,9360000,9199000,10170000,10182000,10316000,10761000,10251000,10062000,9984000,10241000,10608000,10288000,10607000,10596000,10681000,10817000,11069000,11051000,11291000,11452000,11492000,firstentrant,MTN,MTN,Totals,Totals,Notspecified,Totals,All,Standardised,Mobile/Connections/total|Publicationdate:24September2024Basedonhistoricaldatauptoquarter2of2024|TotalactivemobileconnectionsexcludingIoTthatishandsetandmobilebroadbandconnectionsonly.Activesubscribersarethosethathaveusedtheirmobileaccountinthepast3months.Connectionsmetricsrelatetotheend-of-periodfigure.OperatorNotes:ThisoperatorisclassifiedasMobile:firstentrant.Operatorattribution:mobilesubscribersarecountedonanetworkorwholesalebasis(thatiswherecustomersofserviceproviderswithouttheirownnetworkinfrastructureareallocatedtothenetworkoperator(s)thatsupport(s)theirservice).(Totalmarketvaluesarethesameforconnectionsmetricsonaretailornetworkbasissincethedifferenceisonlyintheallocationofsubscriberstooperator.)
Mobile,Connections,total,Total,Sub-SaharanAfrica,Cameroon,Orange,Unknown,,,Unknown,1858380,2003667,2607505,3327093,4363058,5508708,5691306,5774237,6539857,5519371,6653196,6940110,7871574,9262482,9937198,11271863,12251376,,,,Unknown,,,,,,,,,,,,,,,,,,,,,,,,,,,,,,Unknown,Unknown,Unknown,Unknown,Unknown,Unknown,Unknown,Unknown,Unknown,Unknown,Unknown,Unknown,6018789,6545160,6997150,6539857,6326077,6298085,6006936,5519371,5560348,5906901,6665010,6653196,6878880,6568643,6619952,6940110,7187894,7464310,7689589,7871574,8430585,8522195,9193536,9262482,9461735,9493492,9384351,9937198,10372746,10470424,10811271,11271863,11683336,11826212,12182671,12251376,12596117,12841050,firstentrant,Orange,Orange,Totals,Totals,Notspecified,Totals,All,Standardised,Mobile/Connections/total|Publicationdate:24September2024Basedonhistoricaldatauptoquarter2of2024|TotalactivemobileconnectionsexcludingIoTthatishandsetandmobilebroadbandconnectionsonly.Activesubscribersarethosethathaveusedtheirmobileaccountinthepast3months.Connectionsmetricsrelatetotheend-of-periodfigure.OperatorNotes:ThisoperatorisclassifiedasMobile:firstentrant.Operatorattribution:mobilesubscribersarecountedonanetworkorwholesalebasis(thatiswherecustomersofserviceproviderswithouttheirownnetworkinfrastructureareallocatedtothenetworkoperator(s)thatsupport(s)theirservice).(Totalmarketvaluesarethesameforconnectionsmetricsonaretailornetworkbasissincethedifferenceisonlyintheallocationofsubscriberstooperator.)
Mobile,Connections,total,Total,Sub-SaharanAfrica,Cameroon,Viettel(Nexttel),Unknown,,,Unknown,0,0,0,0,0,0,0,550000,2400000,3100000,4350000,4128088,3467885,3253806,2074035,1705703,1606186,,,,Unknown,,,,,,,,,,,,,,,,,,,,,,,,,,,,,,Unknown,Unknown,Unknown,Unknown,Unknown,Unknown,Unknown,Unknown,Unknown,Unknown,Unknown,Unknown,1275000,2000000,2200000,2400000,2575000,2750000,2925000,3100000,3412500,3725000,4037500,4350000,4628050,4765594,4639863,4128088,3428088,3448088,3468088,3467885,3479735,3399240,3405336,3253806,2997382,2677653,2351059,2074035,1889195,1783862,1731532,1705703,1680261,1655197,1630508,1606186,1582228,1558627,thirdentrant,Viettel(Nexttel),Unknown,Totals,Totals,Notspecified,Totals,All,Standardised,Mobile/Connections/total|Publicationdate:24September2024Basedonhistoricaldatauptoquarter2of2024|TotalactivemobileconnectionsexcludingIoTthatishandsetandmobilebroadbandconnectionsonly.Activesubscribersarethosethathaveusedtheirmobileaccountinthepast3months.Connectionsmetricsrelatetotheend-of-periodfigure.OperatorNotes:ThisoperatorisclassifiedasMobile:thirdentrant.Operatorattribution:mobilesubscribersarecountedonanetworkorwholesalebasis(thatiswherecustomersofserviceproviderswithouttheirownnetworkinfrastructureareallocatedtothenetworkoperator(s)thatsupport(s)theirservice).(Totalmarketvaluesarethesameforconnectionsmetricsonaretailornetworkbasissincethedifferenceisonlyintheallocationofsubscriberstooperator.)
Mobile,Connections,total,Total,Sub-SaharanAfrica,Cameroon,Camtel,Unknown,,,Unknown,0,0,0,0,0,0,0,0,0,10000,70000,198519,308016,403247,488968,569934,638275,,,,Unknown,,,,,,,,,,,,,,,,,,,,,,,,,,,,,,Unknown,Unknown,Unknown,Unknown,Unknown,Unknown,Unknown,Unknown,Unknown,Unknown,Unknown,Unknown,0,0,0,0,0,500,5000,10000,20000,30000,40000,70000,104173,136934,168358,198519,227490,255348,282165,308016,332975,357118,380517,403247,425384,447000,468170,488968,509470,529748,549878,569934,588949,606773,623260,638275,651691,663393,fourthentrant,Camtel,Unknown,Totals,Totals,Notspecified,Totals,All,Standardised,Mobile/Connections/total|Publicationdate:24September2024Basedonhistoricaldatauptoquarter2of2024|TotalactivemobileconnectionsexcludingIoTthatishandsetandmobilebroadbandconnectionsonly.Activesubscribersarethosethathaveusedtheirmobileaccountinthepast3months.Connectionsmetricsrelatetotheend-of-periodfigure.OperatorNotes:ThisoperatorisclassifiedasMobile:fourthentrant.Operatorattribution:mobilesubscribersarecountedonanetworkorwholesalebasis(thatiswherecustomersofserviceproviderswithouttheirownnetworkinfrastructureareallocatedtothenetworkoperator(s)thatsupport(s)theirservice).(Totalmarketvaluesarethesameforconnectionsmetricsonaretailornetworkbasissincethedifferenceisonlyintheallocationofsubscriberstooperator.)
Mobile,Connections,total,Total,Sub-SaharanAfrica,Cameroon,Totalmarket,Unknown,,,Unknown,4332476,5386350,6652748,7679348,9526513,11887475,13202270,14440203,16510963,16525371,18125196,18950717,21817475,23170535,23108201,24228500,25786838,,,,Unknown,,,,,,,,,,,,,,,,,,,,,,,,,,,,,,Unknown,Unknown,Unknown,Unknown,Unknown,Unknown,Unknown,Unknown,Unknown,Unknown,Unknown,Unknown,15743488,17179912,17447887,16510963,16671536,16903917,16625973,16525371,16708337,17124090,18039934,18125196,18207103,18108171,18350173,18950717,19585472,20527746,20638842,21817475,22425296,22594553,23740389,23170535,22946500,22602145,22444580,23108201,23059411,23391034,23688681,24228500,24769546,25157182,25487439,25786838,26282036,26555069,Unknown,Unknown,Unknown,Totals,Totals,Notspecified,Totals,All,Standardised,Mobile/Connections/total|Publicationdate:24September2024Basedonhistoricaldatauptoquarter2of2024|TotalactivemobileconnectionsexcludingIoTthatishandsetandmobilebroadbandconnectionsonly.Activesubscribersarethosethathaveusedtheirmobileaccountinthepast3months.Connectionsmetricsrelatetotheend-of-periodfigure.Operatorattribution:mobilesubscribersarecountedonanetworkorwholesalebasis(thatiswherecustomersofserviceproviderswithouttheirownnetworkinfrastructureareallocatedtothenetworkoperator(s)thatsupport(s)theirservice).(Totalmarketvaluesarethesameforconnectionsmetricsonaretailornetworkbasissincethedifferenceisonlyintheallocationofsubscriberstooperator.)
Mobile,Connections,total,Total,Sub-SaharanAfrica,CôtedIvoire,MTN,Unknown,,,Unknown,Unknown,3562294,4483840,5139079,5521601,6023200,6946044,7975145,8130003,9059773,10893061,11050000,12408000,13223000,14636000,16356000,16988000,,,,Unknown,,,,,,,,,,,,,,,,,,,,,,,,,,,,,,Unknown,Unknown,Unknown,Unknown,Unknown,Unknown,Unknown,Unknown,Unknown,Unknown,Unknown,Unknown,8102872,8269028,8131944,8130003,7904339,7960460,8200881,9059773,9807646,10599323,11173105,10893061,10971000,11257000,11208000,11050000,11357000,11742000,12007000,12408000,12220000,12219000,12789000,13223000,13601000,13715000,13681000,14636000,15346000,15488000,16173000,16356000,16641000,16699000,16981000,16988000,16236000,15922000,firstentrant,MTN,MTN,Totals,Totals,Notspecified,Totals,All,Standardised,Mobile/Connections/total|Publicationdate:24September2024Basedonhistoricaldatauptoquarter2of2024|TotalactivemobileconnectionsexcludingIoTthatishandsetandmobilebroadbandconnectionsonly.Activesubscribersarethosethathaveusedtheirmobileaccountinthepast3months.Connectionsmetricsrelatetotheend-of-periodfigure.OperatorNotes:ThisoperatorisclassifiedasMobile:firstentrant.Operatorattribution:mobilesubscribersarecountedonanetworkorwholesalebasis(thatiswherecustomersofserviceproviderswithouttheirownnetworkinfrastructureareallocatedtothenetworkoperator(s)thatsupport(s)theirservice).(Totalmarketvaluesarethesameforconnectionsmetricsonaretailornetworkbasissincethedifferenceisonlyintheallocationofsubscriberstooperator.)
Mobile,Connections,total,Total,Sub-SaharanAfrica,CôtedIvoire,Orange,Unknown,,,Unknown,Unknown,3396959,3172227,4655486,5013891,5353861,6093535,7780893,9484291,11460182,12617750,12741681,12812176,14405216,15328522,14898605,16775649,,,,Unknown,,,,,,,,,,,,,,,,,,,,,,,,,,,,,,Unknown,Unknown,Unknown,Unknown,Unknown,Unknown,Unknown,Unknown,Unknown,Unknown,Unknown,Unknown,8185376,8676686,9091637,9484291,9946107,10215862,11125491,11460182,11360559,11755721,12010826,12617750,12704933,13181293,12724567,12741681,12125532,12499630,12350147,12812176,13840489,14162501,13913304,14405216,14748713,14974585,15040575,15328522,15183737,14524168,14578963,14898605,15242706,15800238,16102133,16775649,17376762,18008136,firstentrant,Orange,Orange,Totals,Totals,Notspecified,Totals,All,Standardised,Mobile/Connections/total|Publicationdate:24September2024Basedonhistoricaldatauptoquarter2of2024|TotalactivemobileconnectionsexcludingIoTthatishandsetandmobilebroadbandconnectionsonly.Activesubscribersarethosethathaveusedtheirmobileaccountinthepast3months.Connectionsmetricsrelatetotheend-of-periodfigure.OperatorNotes:ThisoperatorisclassifiedasMobile:firstentrant.Operatorattribution:mobilesubscribersarecountedonanetworkorwholesalebasis(thatiswherecustomersofserviceproviderswithouttheirownnetworkinfrastructureareallocatedtothenetworkoperator(s)thatsupport(s)theirservice).(Totalmarketvaluesarethesameforconnectionsmetricsonaretailornetworkbasissincethedifferenceisonlyintheallocationofsubscriberstooperator.)
Mobile,Connections,total,Total,Sub-SaharanAfrica,CôtedIvoire,MarocTelecom(Moov),Unknown,,,Unknown,Unknown,1840480,2392245,2682587,3306648,4010568,4230738,3606433,5408048,5984922,7733527,8646374,8974501,10049988,10489261,10843673,10259793,,,,Unknown,,,,,,,,,,,,,,,,,,,,,,,,,,,,,,Unknown,Unknown,Unknown,Unknown,Unknown,Unknown,Unknown,Unknown,Unknown,Unknown,Unknown,Unknown,3658763,4417187,4997924,5408048,5396791,5499860,5719107,5984922,7014030,7100345,7587016,7733527,7824569,8167424,8218925,8646374,8733664,8888982,9029907,8974501,9197776,9230560,9703470,10049988,10071248,10013677,9876924,10489261,10726900,10247139,10534386,10843673,10193266,9510945,9704447,10259793,10650234,11055533,thirdentrant,MarocTelecom(Moov),Etisalat,Totals,Totals,Notspecified,Totals,All,Standardised,Mobile/Connections/total|Publicationdate:24September2024Basedonhistoricaldatauptoquarter2of2024|TotalactivemobileconnectionsexcludingIoTthatishandsetandmobilebroadbandconnectionsonly.Activesubscribersarethosethathaveusedtheirmobileaccountinthepast3months.Connectionsmetricsrelatetotheend-of-periodfigure.OperatorNotes:ThisoperatorisclassifiedasMobile:thirdentrant.Operatorattribution:mobilesubscribersarecountedonanetworkorwholesalebasis(thatiswherecustomersofserviceproviderswithouttheirownnetworkinfrastructureareallocatedtothenetworkoperator(s)thatsupport(s)theirservice).(Totalmarketvaluesarethesameforconnectionsmetricsonaretailornetworkbasissincethedifferenceisonlyintheallocationofsubscriberstooperator.)
Mobile,Connections,total,Total,Sub-SaharanAfrica,CôtedIvoire,Comium,Unknown,,,Unknown,Unknown,903456,1122998,1512914,1722589,1452374,820887,892272,710592,0,0,0,0,0,0,0,0,,,,Unknown,,,,,,,,,,,,,,,,,,,,,,,,,,,,,,Unknown,Unknown,Unknown,Unknown,Unknown,Unknown,Unknown,Unknown,Unknown,Unknown,Unknown,Unknown,651624,783056,754374,710592,0,0,0,0,0,0,0,0,0,0,0,0,0,0,0,0,0,0,0,0,0,0,0,0,0,0,0,0,0,0,0,0,0,0,fourthentrant,Comium,Unknown,Totals,Totals,Notspecified,Totals,All,Standardised,Mobile/Connections/total|Publicationdate:24September2024Basedonhistoricaldatauptoquarter2of2024|TotalactivemobileconnectionsexcludingIoTthatishandsetandmobilebroadbandconnectionsonly.Activesubscribersarethosethathaveusedtheirmobileaccountinthepast3months.Connectionsmetricsrelatetotheend-of-periodfigure.OperatorNotes:ThisoperatorisclassifiedasMobile:fourthentrant.Operatorattribution:mobilesubscribersarecountedonanetworkorwholesalebasis(thatiswherecustomersofserviceproviderswithouttheirownnetworkinfrastructureareallocatedtothenetworkoperator(s)thatsupport(s)theirservice).(Totalmarketvaluesarethesameforconnectionsmetricsonaretailornetworkbasissincethedifferenceisonlyintheallocationofsubscriberstooperator.)
Mobile,Connections,total,Total,Sub-SaharanAfrica,CôtedIvoire,GreenN,Unknown,,,Unknown,Unknown,0,814966,511318,362601,354833,291165,849565,360784,0,0,0,0,0,0,0,0,,,,Unknown,,,,,,,,,,,,,,,,,,,,,,,,,,,,,,Unknown,Unknown,Unknown,Unknown,Unknown,Unknown,Unknown,Unknown,Unknown,Unknown,Unknown,Unknown,787219,597596,474336,360784,0,0,0,0,0,0,0,0,0,0,0,0,0,0,0,0,0,0,0,0,0,0,0,0,0,0,0,0,0,0,0,0,0,0,laterentrant,GreenN,Unknown,Totals,Totals,Notspecified,Totals,All,Standardised,Mobile/Connections/total|Publicationdate:24September2024Basedonhistoricaldatauptoquarter2of2024|TotalactivemobileconnectionsexcludingIoTthatishandsetandmobilebroadbandconnectionsonly.Activesubscribersarethosethathaveusedtheirmobileaccountinthepast3months.Connectionsmetricsrelatetotheend-of-periodfigure.OperatorNotes:ThisoperatorisclassifiedasMobile:laterentrant.Operatorattribution:mobilesubscribersarecountedonanetworkorwholesalebasis(thatiswherecustomersofserviceproviderswithouttheirownnetworkinfrastructureareallocatedtothenetworkoperator(s)thatsupport(s)theirservice).(Totalmarketvaluesarethesameforconnectionsmetricsonaretailornetworkbasissincethedifferenceisonlyintheallocationofsubscriberstooperator.)
Mobile,Connections,total,Total,Sub-SaharanAfrica,CôtedIvoire,Totalmarket,Unknown,,,Unknown,Unknown,9703189,11986276,14501384,15927330,17194836,18382369,21104308,24093718,26504877,31244338,32438055,34194677,37678204,40453783,42098278,44023442,,,,Unknown,,,,,,,,,,,,,,,,,,,,,,,,,,,,,,Unknown,Unknown,Unknown,Unknown,Unknown,Unknown,Unknown,Unknown,Unknown,Unknown,Unknown,Unknown,21385854,22743553,23450215,24093718,23247237,23676182,25045479,26504877,28182235,29455389,30770947,31244338,31500502,32605717,32151492,32438055,32216196,33130612,33387054,34194677,35258265,35612061,36405774,37678204,38420961,38703262,38598499,40453783,41256637,40259307,41286349,42098278,42076972,42010183,42787580,44023442,44262996,44985670,Unknown,Unknown,Unknown,Totals,Totals,Notspecified,Totals,All,Standardised,Mobile/Connections/total|Publicationdate:24September2024Basedonhistoricaldatauptoquarter2of2024|TotalactivemobileconnectionsexcludingIoTthatishandsetandmobilebroadbandconnectionsonly.Activesubscribersarethosethathaveusedtheirmobileaccountinthepast3months.Connectionsmetricsrelatetotheend-of-periodfigure.Operatorattribution:mobilesubscribersarecountedonanetworkorwholesalebasis(thatiswherecustomersofserviceproviderswithouttheirownnetworkinfrastructureareallocatedtothenetworkoperator(s)thatsupport(s)theirservice).(Totalmarketvaluesarethesameforconnectionsmetricsonaretailornetworkbasissincethedifferenceisonlyintheallocationofsubscriberstooperator.)
Mobile,Connections,total,Total,Sub-SaharanAfrica,Ghana,MTN,Unknown,,,2509231,4016132,6428000,7680960,8110530,9241960,10444150,11248689,11774200,13166550,14857920,15667000,17790000,19777000,24399000,25350000,28603000,26798000,,,,Unknown,,,,,,,,,,,,,,,,,,,,,,,,,,,,,,Unknown,Unknown,Unknown,Unknown,Unknown,Unknown,Unknown,Unknown,Unknown,Unknown,Unknown,Unknown,11934720,12355380,12704260,13166550,13603200,13887410,14079000,14857920,14942210,15227520,15303300,15667000,16151000,16525000,17111000,17790000,18595000,18874000,19181000,19777000,20674000,21517000,23384000,24399000,24982000,24866000,25223000,25350000,27081000,27759000,28499000,28603000,27447000,27302000,25840000,26798000,27785000,28358000,thirdentrant,MTN,MTN,Totals,Totals,Notspecified,Totals,All,Standardised,Mobile/Connections/total|Publicationdate:24September2024Basedonhistoricaldatauptoquarter2of2024|TotalactivemobileconnectionsexcludingIoTthatishandsetandmobilebroadbandconnectionsonly.Activesubscribersarethosethathaveusedtheirmobileaccountinthepast3months.Connectionsmetricsrelatetotheend-of-periodfigure.OperatorNotes:ThisoperatorisclassifiedasMobile:thirdentrant.Operatorattribution:mobilesubscribersarecountedonanetworkorwholesalebasis(thatiswherecustomersofserviceproviderswithouttheirownnetworkinfrastructureareallocatedtothenetworkoperator(s)thatsupport(s)theirservice).(Totalmarketvaluesarethesameforconnectionsmetricsonaretailornetworkbasissincethedifferenceisonlyintheallocationofsubscriberstooperator.)
Mobile,Connections,total,Total,Sub-SaharanAfrica,Ghana,Expresso,Unknown,,,212052,289066,394051,262259,239815,186751,165863,133633,119059,125263,93599,23264,0,0,0,0,0,0,,,,Unknown,,,,,,,,,,,,,,,,,,,,,,,,,,,,,,Unknown,Unknown,Unknown,Unknown,Unknown,Unknown,Unknown,Unknown,Unknown,Unknown,Unknown,Unknown,126202,132855,132982,125263,110549,103960,102566,93599,40111,22293,22293,23264,0,0,0,0,0,0,0,0,0,0,0,0,0,0,0,0,0,0,0,0,0,0,0,0,0,0,secondentrant,Expresso,Unknown,Totals,Totals,Notspecified,Totals,All,Standardised,Mobile/Connections/total|Publicationdate:24September2024Basedonhistoricaldatauptoquarter2of2024|TotalactivemobileconnectionsexcludingIoTthatishandsetandmobilebroadbandconnectionsonly.Activesubscribersarethosethathaveusedtheirmobileaccountinthepast3months.Connectionsmetricsrelatetotheend-of-periodfigure.OperatorNotes:ThisoperatorisclassifiedasMobile:secondentrant.Operatorattribution:mobilesubscribersarecountedonanetworkorwholesalebasis(thatiswherecustomersofserviceproviderswithouttheirownnetworkinfrastructureareallocatedtothenetworkoperator(s)thatsupport(s)theirservice).(Totalmarketvaluesarethesameforconnectionsmetricsonaretailornetworkbasissincethedifferenceisonlyintheallocationofsubscriberstooperator.)
Mobile,Connections,total,Total,Sub-SaharanAfrica,Ghana,Tigo,Unknown,,,1417244,2023091,2887927,3094176,3525146,3508372,3170000,3674000,3828521,4042030,3853402,0,0,0,0,0,0,0,,,,Unknown,,,,,,,,,,,,,,,,,,,,,,,,,,,,,,Unknown,Unknown,Unknown,Unknown,Unknown,Unknown,Unknown,Unknown,Unknown,Unknown,Unknown,Unknown,3938435,4069535,4006993,4042030,3911598,3905612,3974284,3853402,3867179,3968542,3875000,0,0,0,0,0,0,0,0,0,0,0,0,0,0,0,0,0,0,0,0,0,0,0,0,0,0,0,firstentrant,Tigo,Unknown,Totals,Totals,Notspecified,Totals,All,Standardised,Mobile/Connections/total|Publicationdate:24September2024Basedonhistoricaldatauptoquarter2of2024|TotalactivemobileconnectionsexcludingIoTthatishandsetandmobilebroadbandconnectionsonly.Activesubscribersarethosethathaveusedtheirmobileaccountinthepast3months.Connectionsmetricsrelatetotheend-of-periodfigure.OperatorNotes:ThisoperatorisclassifiedasMobile:firstentrant.Operatorattribution:mobilesubscribersarecountedonanetworkorwholesalebasis(thatiswherecustomersofserviceproviderswithouttheirownnetworkinfrastructureareallocatedtothenetworkoperator(s)thatsupport(s)theirservice).(Totalmarketvaluesarethesameforconnectionsmetricsonaretailornetworkbasissincethedifferenceisonlyintheallocationofsubscriberstooperator.)
Mobile,Connections,total,Total,Sub-SaharanAfrica,Ghana,TelecelGroup(Vodafone),Unknown,,,1015987,1275764,1602000,2601600,2557600,3762880,4388160,4839200,5358760,5474160,5713200,6033350,6468000,6004020,5551260,5463480,4974420,4141774,,,,Unknown,,,,,,,,,,,,,,,,,,,,,,,,,,,,,,Unknown,Unknown,Unknown,Unknown,Unknown,Unknown,Unknown,Unknown,Unknown,Unknown,Unknown,Unknown,5355750,5388680,5393240,5474160,5623050,5699220,5683230,5713200,5866340,5965640,6127650,6033350,6052223,6206445,6087050,6468000,6790080,6572940,6193440,6004020,5799420,5666100,5357880,5551260,5893800,6220500,6326100,5463480,5120280,4832520,4902480,4974420,4672871,4087954,4176046,4141774,4107502,4073230,fourthentrant,TelecelGroup(Vodafone),Unknown,Totals,Totals,Notspecified,Totals,All,Standardised,Mobile/Connections/total|Publicationdate:24September2024Basedonhistoricaldatauptoquarter2of2024|TotalactivemobileconnectionsexcludingIoTthatishandsetandmobilebroadbandconnectionsonly.Activesubscribersarethosethathaveusedtheirmobileaccountinthepast3months.Connectionsmetricsrelatetotheend-of-periodfigure.OperatorNotes:ThisoperatorisclassifiedasMobile:fourthentrant.Operatorattribution:mobilesubscribersarecountedonanetworkorwholesalebasis(thatiswherecustomersofserviceproviderswithouttheirownnetworkinfrastructureareallocatedtothenetworkoperator(s)thatsupport(s)theirservice).(Totalmarketvaluesarethesameforconnectionsmetricsonaretailornetworkbasissincethedifferenceisonlyintheallocationofsubscriberstooperator.)
Mobile,Connections,total,Total,Sub-SaharanAfrica,Ghana,Airtel,Unknown,,,0,0,270000,1283000,1719174,2231849,2394116,2478542,2558924,2830021,2796997,0,0,0,0,0,0,0,,,,Unknown,,,,,,,,,,,,,,,,,,,,,,,,,,,,,,Unknown,Unknown,Unknown,Unknown,Unknown,Unknown,Unknown,Unknown,Unknown,Unknown,Unknown,Unknown,2554575,2621251,2690480,2830021,2907099,2900816,2887243,2796997,2640479,2566830,2533810,0,0,0,0,0,0,0,0,0,0,0,0,0,0,0,0,0,0,0,0,0,0,0,0,0,0,0,laterentrant,Airtel,Unknown,Totals,Totals,Notspecified,Totals,All,Standardised,Mobile/Connections/total|Publicationdate:24September2024Basedonhistoricaldatauptoquarter2of2024|TotalactivemobileconnectionsexcludingIoTthatishandsetandmobilebroadbandconnectionsonly.Activesubscribersarethosethathaveusedtheirmobileaccountinthepast3months.Connectionsmetricsrelatetotheend-of-periodfigure.OperatorNotes:ThisoperatorisclassifiedasMobile:laterentrant.Operatorattribution:mobilesubscribersarecountedonanetworkorwholesalebasis(thatiswherecustomersofserviceproviderswithouttheirownnetworkinfrastructureareallocatedtothenetworkoperator(s)thatsupport(s)theirservice).(Totalmarketvaluesarethesameforconnectionsmetricsonaretailornetworkbasissincethedifferenceisonlyintheallocationofsubscriberstooperator.)
Mobile,Connections,total,Total,Sub-SaharanAfrica,Ghana,Glo,Unknown,,,0,0,0,0,0,0,1568014,1498011,1450382,1369402,695306,627752,739352,725773,781124,847057,308553,10977,,,,Unknown,,,,,,,,,,,,,,,,,,,,,,,,,,,,,,Unknown,Unknown,Unknown,Unknown,Unknown,Unknown,Unknown,Unknown,Unknown,Unknown,Unknown,Unknown,1481903,1445727,1383812,1369402,1048635,897082,828162,695306,769621,732483,781022,627752,698284,743026,779603,739352,723889,721623,719933,725773,728154,746874,762679,781124,784761,814475,885359,847057,786963,989965,353116,308553,221752,112009,39203,10977,0,0,laterentrant,Glo,Unknown,Totals,Totals,Notspecified,Totals,All,Standardised,Mobile/Connections/total|Publicationdate:24September2024Basedonhistoricaldatauptoquarter2of2024|TotalactivemobileconnectionsexcludingIoTthatishandsetandmobilebroadbandconnectionsonly.Activesubscribersarethosethathaveusedtheirmobileaccountinthepast3months.Connectionsmetricsrelatetotheend-of-periodfigure.OperatorNotes:ThisoperatorisclassifiedasMobile:laterentrant.Operatorattribution:mobilesubscribersarecountedonanetworkorwholesalebasis(thatiswherecustomersofserviceproviderswithouttheirownnetworkinfrastructureareallocatedtothenetworkoperator(s)thatsupport(s)theirservice).(Totalmarketvaluesarethesameforconnectionsmetricsonaretailornetworkbasissincethedifferenceisonlyintheallocationofsubscriberstooperator.)
Mobile,Connections,total,Total,Sub-SaharanAfrica,Ghana,AirtelTigo(AT),Unknown,,,0,0,0,0,0,0,0,0,0,0,0,6306000,4847000,4888000,4925000,4863559,3675837,1616604,,,,Unknown,,,,,,,,,,,,,,,,,,,,,,,,,,,,,,Unknown,Unknown,Unknown,Unknown,Unknown,Unknown,Unknown,Unknown,Unknown,Unknown,Unknown,Unknown,0,0,0,0,0,0,0,0,0,0,0,6306000,6113000,5784000,5389000,4847000,4804000,4821000,4811000,4888000,4727000,4769000,5106000,4925000,4935000,4976000,5080000,4863559,4872098,4492767,4154510,3675837,3753340,1839807,1891924,1616604,1341284,1065964,laterentrant,AirtelTigo(AT),Unknown,Totals,Totals,Notspecified,Totals,All,Standardised,Mobile/Connections/total|Publicationdate:24September2024Basedonhistoricaldatauptoquarter2of2024|TotalactivemobileconnectionsexcludingIoTthatishandsetandmobilebroadbandconnectionsonly.Activesubscribersarethosethathaveusedtheirmobileaccountinthepast3months.Connectionsmetricsrelatetotheend-of-periodfigure.OperatorNotes:ThisoperatorisclassifiedasMobile:laterentrant.Operatorattribution:mobilesubscribersarecountedonanetworkorwholesalebasis(thatiswherecustomersofserviceproviderswithouttheirownnetworkinfrastructureareallocatedtothenetworkoperator(s)thatsupport(s)theirservice).(Totalmarketvaluesarethesameforconnectionsmetricsonaretailornetworkbasissincethedifferenceisonlyintheallocationofsubscriberstooperator.)
Mobile,Connections,total,Total,Sub-SaharanAfrica,Ghana,Totalmarket,Unknown,,,5154513,7604053,11581978,14921995,16152265,18931812,22130303,23872075,25089846,27007426,28010424,28657366,29844352,31394793,35656384,36524096,37561810,32567355,,,,Unknown,,,,,,,,,,,,,,,,,,,,,,,,,,,,,,Unknown,Unknown,Unknown,Unknown,Unknown,Unknown,Unknown,Unknown,Unknown,Unknown,Unknown,Unknown,25391585,26013428,26311767,27007426,27204131,27394100,27554485,28010424,28125940,28483308,28643075,28657366,29014507,29258471,29366653,29844352,30912969,30989563,30905373,31394793,31928574,32698974,34610559,35656384,36595561,36876975,37514459,36524096,37860341,38074252,37909106,37561810,36094962,33341770,31947172,32567355,33233786,33497195,Unknown,Unknown,Unknown,Totals,Totals,Notspecified,Totals,All,Standardised,Mobile/Connections/total|Publicationdate:24September2024Basedonhistoricaldatauptoquarter2of2024|TotalactivemobileconnectionsexcludingIoTthatishandsetandmobilebroadbandconnectionsonly.Activesubscribersarethosethathaveusedtheirmobileaccountinthepast3months.Connectionsmetricsrelatetotheend-of-periodfigure.Operatorattribution:mobilesubscribersarecountedonanetworkorwholesalebasis(thatiswherecustomersofserviceproviderswithouttheirownnetworkinfrastructureareallocatedtothenetworkoperator(s)thatsupport(s)theirservice).(Totalmarketvaluesarethesameforconnectionsmetricsonaretailornetworkbasissincethedifferenceisonlyintheallocationofsubscriberstooperator.)
Mobile,Connections,total,Total,Sub-SaharanAfrica,Kenya,Safaricom,Unknown,,,5143500,9245000,12660000,15150000,16945000,18600000,19320500,21195500,22598500,26208000,27739000,29564000,31321000,35335000,38702000,42879000,43161000,48356000,,,,Unknown,,,,,,,,,,,,,,,,,,,,,,,,,,,,,,Unknown,Unknown,Unknown,Unknown,Unknown,Unknown,Unknown,Unknown,Unknown,Unknown,Unknown,Unknown,23347000,24184000,25096000,26208000,25161000,25941000,26611000,27739000,28134000,29229000,29490000,29564000,29570000,29780000,29944000,31321000,31845000,33119000,34570000,35335000,35607000,36587000,38144000,38702000,39902000,41373000,41946000,42879000,42440000,42535000,43173000,43161000,45892000,46665000,48240000,48356000,49018000,49680000,firstentrant,Safaricom,Vodafone,Totals,Totals,Notspecified,Totals,All,Standardised,Mobile/Connections/total|Publicationdate:24September2024Basedonhistoricaldatauptoquarter2of2024|TotalactivemobileconnectionsexcludingIoTthatishandsetandmobilebroadbandconnectionsonly.Activesubscribersarethosethathaveusedtheirmobileaccountinthepast3months.Connectionsmetricsrelatetotheend-of-periodfigure.OperatorNotes:ThisoperatorisclassifiedasMobile:firstentrant.March2017:ownedbyVodafoneKenya(40%)whichisitselfownedbyVodafoneGroup(87.5%)Operatorattribution:mobilesubscribersarecountedonanetworkorwholesalebasis(thatiswherecustomersofserviceproviderswithouttheirownnetworkinfrastructureareallocatedtothenetworkoperator(s)thatsupport(s)theirservice).(Totalmarketvaluesarethesameforconnectionsmetricsonaretailornetworkbasissincethedifferenceisonlyintheallocationofsubscriberstooperator.)
Mobile,Connections,total,Total,Sub-SaharanAfrica,Kenya,Airtel,Unknown,,,1939000,2104000,3079000,2092000,3792404,4272964,5205279,5156269,7610632,8643696,8345916,9300484,13639643,15828444,18355184,17826520,19161424,20891209,,,,Unknown,,,,,,,,,,,,,,,,,,,,,,,,,,,,,,Unknown,Unknown,Unknown,Unknown,Unknown,Unknown,Unknown,Unknown,Unknown,Unknown,Unknown,Unknown,7681263,7876107,8300025,8643696,8405932,8604452,9051877,8345916,8121243,8044283,8013182,9300484,10653899,11804862,12405882,13639643,15038774,14719465,15024440,15828444,16408665,17003734,17932179,18355184,18033165,18822825,18575647,17826520,18122646,18443998,18722493,19161424,19173843,19576325,20440683,20891209,21355538,21819867,secondentrant,Airtel,Airtel,Totals,Totals,Notspecified,Totals,All,Standardised,Mobile/Connections/total|Publicationdate:24September2024Basedonhistoricaldatauptoquarter2of2024|TotalactivemobileconnectionsexcludingIoTthatishandsetandmobilebroadbandconnectionsonly.Activesubscribersarethosethathaveusedtheirmobileaccountinthepast3months.Connectionsmetricsrelatetotheend-of-periodfigure.OperatorNotes:ThisoperatorisclassifiedasMobile:secondentrant.Operatorattribution:mobilesubscribersarecountedonanetworkorwholesalebasis(thatiswherecustomersofserviceproviderswithouttheirownnetworkinfrastructureareallocatedtothenetworkoperator(s)thatsupport(s)theirservice).(Totalmarketvaluesarethesameforconnectionsmetricsonaretailornetworkbasissincethedifferenceisonlyintheallocationofsubscriberstooperator.)
Mobile,Connections,total,Total,Sub-SaharanAfrica,Kenya,TelkomKenya,Unknown,,,0,0,360000,762000,1056000,832000,807099,948000,1247000,1961000,2897545,3860559,4447945,3391946,3823457,4143693,3082450,1343276,,,,Unknown,,,,,,,,,,,,,,,,,,,,,,,,,,,,,,Unknown,Unknown,Unknown,Unknown,Unknown,Unknown,Unknown,Unknown,Unknown,Unknown,Unknown,Unknown,1469000,1652000,1850000,1961000,1957000,2131450,2514498,2897545,2804509,2898511,3435976,3860559,3804996,3995365,4188517,4447945,4053699,4235632,3559243,3391946,3190661,3441362,3766346,3823457,3844443,4009758,4161354,4143693,3783019,3422345,3237473,3082450,2758192,2522887,2110079,1343276,1478668,1614060,thirdentrant,TelkomKenya,Unknown,Totals,Totals,Notspecified,Totals,All,Standardised,Mobile/Connections/total|Publicationdate:24September2024Basedonhistoricaldatauptoquarter2of2024|TotalactivemobileconnectionsexcludingIoTthatishandsetandmobilebroadbandconnectionsonly.Activesubscribersarethosethathaveusedtheirmobileaccountinthepast3months.Connectionsmetricsrelatetotheend-of-periodfigure.OperatorNotes:ThisoperatorisclassifiedasMobile:thirdentrant.Operatorattribution:mobilesubscribersarecountedonanetworkorwholesalebasis(thatiswherecustomersofserviceproviderswithouttheirownnetworkinfrastructureareallocatedtothenetworkoperator(s)thatsupport(s)theirservice).(Totalmarketvaluesarethesameforconnectionsmetricsonaretailornetworkbasissincethedifferenceisonlyintheallocationofsubscriberstooperator.)
Mobile,Connections,total,Total,Sub-SaharanAfrica,Kenya,EssarTelecom(yu),Unknown,,,0,0,134833,1360559,2016720,2008212,2912985,2496072,0,0,0,0,0,0,0,0,0,0,,,,Unknown,,,,,,,,,,,,,,,,,,,,,,,,,,,,,,Unknown,Unknown,Unknown,Unknown,Unknown,Unknown,Unknown,Unknown,Unknown,Unknown,Unknown,Unknown,0,0,0,0,0,0,0,0,0,0,0,0,0,0,0,0,0,0,0,0,0,0,0,0,0,0,0,0,0,0,0,0,0,0,0,0,0,0,fourthentrant,EssarTelecom(yu),Unknown,Totals,Totals,Notspecified,Totals,All,Standardised,Mobile/Connections/total|Publicationdate:24September2024Basedonhistoricaldatauptoquarter2of2024|TotalactivemobileconnectionsexcludingIoTthatishandsetandmobilebroadbandconnectionsonly.Activesubscribersarethosethathaveusedtheirmobileaccountinthepast3months.Connectionsmetricsrelatetotheend-of-periodfigure.OperatorNotes:ThisoperatorisclassifiedasMobile:fourthentrant.Operatorattribution:mobilesubscribersarecountedonanetworkorwholesalebasis(thatiswherecustomersofserviceproviderswithouttheirownnetworkinfrastructureareallocatedtothenetworkoperator(s)thatsupport(s)theirservice).(Totalmarketvaluesarethesameforconnectionsmetricsonaretailornetworkbasissincethedifferenceisonlyintheallocationofsubscriberstooperator.)
Mobile,Connections,total,Total,Sub-SaharanAfrica,Kenya,JamiiTelecommunications(Faiba),Unknown,,,0,0,0,0,0,0,0,0,0,0,0,6000,62069,111495,160921,236332,332585,498068,,,,Unknown,,,,,,,,,,,,,,,,,,,,,,,,,,,,,,Unknown,Unknown,Unknown,Unknown,Unknown,Unknown,Unknown,Unknown,Unknown,Unknown,Unknown,Unknown,0,0,0,0,0,0,0,0,0,0,0,6000,25000,37356,49713,62069,74426,86782,99139,111495,123852,136208,148565,160921,178065,196301,214229,236332,254314,272392,296402,332585,368250,411549,456277,498068,545819,593570,laterentrant,JamiiTelecommunications(Faiba),Unknown,Totals,Totals,Notspecified,Totals,All,Standardised,Mobile/Connections/total|Publicationdate:24September2024Basedonhistoricaldatauptoquarter2of2024|TotalactivemobileconnectionsexcludingIoTthatishandsetandmobilebroadbandconnectionsonly.Activesubscribersarethosethathaveusedtheirmobileaccountinthepast3months.Connectionsmetricsrelatetotheend-of-periodfigure.OperatorNotes:ThisoperatorisclassifiedasMobile:laterentrant.Operatorattribution:mobilesubscribersarecountedonanetworkorwholesalebasis(thatiswherecustomersofserviceproviderswithouttheirownnetworkinfrastructureareallocatedtothenetworkoperator(s)thatsupport(s)theirservice).(Totalmarketvaluesarethesameforconnectionsmetricsonaretailornetworkbasissincethedifferenceisonlyintheallocationofsubscriberstooperator.)
Mobile,Connections,total,Total,Sub-SaharanAfrica,Kenya,Totalmarket,Unknown,,,7082500,11349000,16233833,19364559,23810124,25713176,28245863,29795841,31456132,36812696,38982461,42731043,49470657,54666885,61041562,65085545,65737459,71088553,,,,Unknown,,,,,,,,,,,,,,,,,,,,,,,,,,,,,,Unknown,Unknown,Unknown,Unknown,Unknown,Unknown,Unknown,Unknown,Unknown,Unknown,Unknown,Unknown,32497263,33712107,35246025,36812696,35523932,36676902,38177375,38982461,39059752,40171794,40939158,42731043,44053895,45617583,46588112,49470657,51011899,52160879,53252822,54666885,55330178,57168304,59991090,61041562,61957673,64401884,64897230,65085545,64599979,64673735,65429368,65737459,68192285,69175761,71247039,71088553,72398025,73707497,Unknown,Unknown,Unknown,Totals,Totals,Notspecified,Totals,All,Standardised,Mobile/Connections/total|Publicationdate:24September2024Basedonhistoricaldatauptoquarter2of2024|TotalactivemobileconnectionsexcludingIoTthatishandsetandmobilebroadbandconnectionsonly.Activesubscribersarethosethathaveusedtheirmobileaccountinthepast3months.Connectionsmetricsrelatetotheend-of-periodfigure.Operatorattribution:mobilesubscribersarecountedonanetworkorwholesalebasis(thatiswherecustomersofserviceproviderswithouttheirownnetworkinfrastructureareallocatedtothenetworkoperator(s)thatsupport(s)theirservice).(Totalmarketvaluesarethesameforconnectionsmetricsonaretailornetworkbasissincethedifferenceisonlyintheallocationofsubscriberstooperator.)
Mobile,Connections,total,Total,Sub-SaharanAfrica,Nigeria,MTN,Unknown,,,12281000,16511000,23077000,30827000,37701150,40206759,45368927,52088950,53715695,53719914,53173934,52273000,58197000,64310000,76548000,68471000,75635000,79663000,,,,Unknown,,,,,,,,,,,,,,,,,,,,,,,,,,,,,,Unknown,Unknown,Unknown,Unknown,Unknown,Unknown,Unknown,Unknown,Unknown,Unknown,Unknown,Unknown,54533898,55704782,55113831,53719914,49755219,51159966,52162072,53173934,51652984,49321569,50308000,52273000,54529000,55185000,56035000,58197000,60265000,61498000,61633000,64310000,68489000,71105000,75025000,76548000,71512000,68921000,67542000,68471000,70185000,74156000,74099000,75635000,76751000,77122000,77645000,79663000,77749000,79393000,firstentrant,MTN,MTN,Totals,Totals,Notspecified,Totals,All,Standardised,Mobile/Connections/total|Publicationdate:24September2024Basedonhistoricaldatauptoquarter2of2024|TotalactivemobileconnectionsexcludingIoTthatishandsetandmobilebroadbandconnectionsonly.Activesubscribersarethosethathaveusedtheirmobileaccountinthepast3months.Connectionsmetricsrelatetotheend-of-periodfigure.OperatorNotes:ThisoperatorisclassifiedasMobile:firstentrant.Operatorattribution:mobilesubscribersarecountedonanetworkorwholesalebasis(thatiswherecustomersofserviceproviderswithouttheirownnetworkinfrastructureareallocatedtothenetworkoperator(s)thatsupport(s)theirservice).(Totalmarketvaluesarethesameforconnectionsmetricsonaretailornetworkbasissincethedifferenceisonlyintheallocationofsubscriberstooperator.)
Mobile,Connections,total,Total,Sub-SaharanAfrica,Nigeria,Airtel,Unknown,,,6396000,11098000,17197000,14777000,15834243,18028385,23092195,24847567,27556544,32268301,34116409,37233819,44180484,50186988,55642209,53926886,60065904,61834105,,,,Unknown,,,,,,,,,,,,,,,,,,,,,,,,,,,,,,Unknown,Unknown,Unknown,Unknown,Unknown,Unknown,Unknown,Unknown,Unknown,Unknown,Unknown,Unknown,28680757,29564766,31134625,32268301,33680757,31978848,32775916,34116409,34656605,34126901,34625744,37233819,38964324,39898448,41313633,44180484,45238335,45929995,48909678,50186988,51298878,52462347,55250798,55642209,50384950,50665723,51035565,53926886,55370983,58143494,58403066,60065904,60328560,60190732,60272854,61834105,63357061,64231217,firstentrant,Airtel,Airtel,Totals,Totals,Notspecified,Totals,All,Standardised,Mobile/Connections/total|Publicationdate:24September2024Basedonhistoricaldatauptoquarter2of2024|TotalactivemobileconnectionsexcludingIoTthatishandsetandmobilebroadbandconnectionsonly.Activesubscribersarethosethathaveusedtheirmobileaccountinthepast3months.Connectionsmetricsrelatetotheend-of-periodfigure.OperatorNotes:ThisoperatorisclassifiedasMobile:firstentrant.Operatorattribution:mobilesubscribersarecountedonanetworkorwholesalebasis(thatiswherecustomersofserviceproviderswithouttheirownnetworkinfrastructureareallocatedtothenetworkoperator(s)thatsupport(s)theirservice).(Totalmarketvaluesarethesameforconnectionsmetricsonaretailornetworkbasissincethedifferenceisonlyintheallocationofsubscriberstooperator.)
Mobile,Connections,total,Total,Sub-SaharanAfrica,Nigeria,Globacom,Unknown,,,8400000,11310771,16377008,17543834,19627415,19886014,24124716,25933867,28219089,32999384,37357843,38169780,45255297,51700052,54840192,54817353,60290012,61604576,,,,Unknown,,,,,,,,,,,,,,,,,,,,,,,,,,,,,,Unknown,Unknown,Unknown,Unknown,Unknown,Unknown,Unknown,Unknown,Unknown,Unknown,Unknown,Unknown,29577125,31256677,31306472,32999384,34608793,36320572,36967712,37357843,37328827,37411407,37349979,38169780,39042979,40108508,40856649,45255297,46203703,46594981,49211474,51700052,51856114,52573907,54254550,54840192,52918718,50130540,52934990,54817353,55881893,56226479,59395911,60290012,60799946,61333528,61451508,61604576,62191448,62778320,thirdentrant,Globacom,Unknown,Totals,Totals,Notspecified,Totals,All,Standardised,Mobile/Connections/total|Publicationdate:24September2024Basedonhistoricaldatauptoquarter2of2024|TotalactivemobileconnectionsexcludingIoTthatishandsetandmobilebroadbandconnectionsonly.Activesubscribersarethosethathaveusedtheirmobileaccountinthepast3months.Connectionsmetricsrelatetotheend-of-periodfigure.OperatorNotes:ThisoperatorisclassifiedasMobile:thirdentrant.Operatorattribution:mobilesubscribersarecountedonanetworkorwholesalebasis(thatiswherecustomersofserviceproviderswithouttheirownnetworkinfrastructureareallocatedtothenetworkoperator(s)thatsupport(s)theirservice).(Totalmarketvaluesarethesameforconnectionsmetricsonaretailornetworkbasissincethedifferenceisonlyintheallocationofsubscriberstooperator.)
Mobile,Connections,total,Total,Sub-SaharanAfrica,Nigeria,9Mobile,Unknown,,,0,0,314942,2923972,6791986,10752230,14912801,17035276,21103749,22161290,20809889,16955392,15917015,13641995,12982149,12789344,12852706,13935482,,,,Unknown,,,,,,,,,,,,,,,,,,,,,,,,,,,,,,Unknown,Unknown,Unknown,Unknown,Unknown,Unknown,Unknown,Unknown,Unknown,Unknown,Unknown,Unknown,22235557,22852232,23492214,22161290,21877542,22469896,22534800,20809889,19621806,18022674,17203940,16955392,16318508,15811684,15355061,15917015,16838403,15965250,15965096,13641995,12123185,12111674,12729222,12982149,12850383,12908092,12983433,12789344,12770917,12659356,12842575,12852706,13140608,13578431,13762115,13935482,11657703,10317916,fourthentrant,9Mobile,Unknown,Totals,Totals,Notspecified,Totals,All,Standardised,Mobile/Connections/total|Publicationdate:24September2024Basedonhistoricaldatauptoquarter2of2024|TotalactivemobileconnectionsexcludingIoTthatishandsetandmobilebroadbandconnectionsonly.Activesubscribersarethosethathaveusedtheirmobileaccountinthepast3months.Connectionsmetricsrelatetotheend-of-periodfigure.OperatorNotes:ThisoperatorisclassifiedasMobile:fourthentrant.Operatorattribution:mobilesubscribersarecountedonanetworkorwholesalebasis(thatiswherecustomersofserviceproviderswithouttheirownnetworkinfrastructureareallocatedtothenetworkoperator(s)thatsupport(s)theirservice).(Totalmarketvaluesarethesameforconnectionsmetricsonaretailornetworkbasissincethedifferenceisonlyintheallocationofsubscriberstooperator.)
Mobile,Connections,total,Total,Sub-SaharanAfrica,Nigeria,otheroperators,Unknown,,,923000,1475840,6022542,7027503,6102105,4601070,2837485,2293700,2287845,2348727,524180,478040,259876,300586,265604,229248,249272,188808,,,,Unknown,,,,,,,,,,,,,,,,,,,,,,,,,,,,,,Unknown,Unknown,Unknown,Unknown,Unknown,Unknown,Unknown,Unknown,Unknown,Unknown,Unknown,Unknown,2273785,2328081,2204515,2348727,1390031,689092,542499,524180,543418,537682,513660,478040,437511,398761,277181,259876,264767,283658,286328,300586,323340,369637,275174,265604,226851,230050,226754,229248,251511,263434,250517,249272,243553,223801,316200,188808,176143,163478,Unknown,Unknown,Unknown,Totals,Totals,Notspecified,Totals,All,Standardised,Mobile/Connections/total|Publicationdate:24September2024Basedonhistoricaldatauptoquarter2of2024|TotalactivemobileconnectionsexcludingIoTthatishandsetandmobilebroadbandconnectionsonly.Activesubscribersarethosethathaveusedtheirmobileaccountinthepast3months.Connectionsmetricsrelatetotheend-of-periodfigure.OperatorNotes:ThisoperatorisclassifiedasMobile:n/a.Operatorattribution:mobilesubscribersarecountedonanetworkorwholesalebasis(thatiswherecustomersofserviceproviderswithouttheirownnetworkinfrastructureareallocatedtothenetworkoperator(s)thatsupport(s)theirservice).(Totalmarketvaluesarethesameforconnectionsmetricsonaretailornetworkbasissincethedifferenceisonlyintheallocationofsubscriberstooperator.)
Mobile,Connections,total,Total,Sub-SaharanAfrica,Nigeria,Totalmarket,Unknown,,,28000000,40395611,62988492,73099310,86056899,93474458,110336124,122199360,132882922,143497616,145982255,145110031,163809672,180139621,200278154,190233831,209092894,217225971,,,,Unknown,,,,,,,,,,,,,,,,,,,,,,,,,,,,,,Unknown,Unknown,Unknown,Unknown,Unknown,Unknown,Unknown,Unknown,Unknown,Unknown,Unknown,Unknown,137301122,141706538,143251657,143497616,141312342,142618374,144982999,145982255,143803639,139420232,140001323,145110031,149292322,151402401,153837524,163809672,168810208,170271884,176005576,180139621,184090517,188622565,197534744,200278154,187892902,182855405,184722742,190233831,194460304,201448763,204991069,209092894,211263667,212448492,213447677,217225971,215131355,216883931,Unknown,Unknown,Unknown,Totals,Totals,Notspecified,Totals,All,Standardised,Mobile/Connections/total|Publicationdate:24September2024Basedonhistoricaldatauptoquarter2of2024|TotalactivemobileconnectionsexcludingIoTthatishandsetandmobilebroadbandconnectionsonly.Activesubscribersarethosethathaveusedtheirmobileaccountinthepast3months.Connectionsmetricsrelatetotheend-of-periodfigure.Operatorattribution:mobilesubscribersarecountedonanetworkorwholesalebasis(thatiswherecustomersofserviceproviderswithouttheirownnetworkinfrastructureareallocatedtothenetworkoperator(s)thatsupport(s)theirservice).(Totalmarketvaluesarethesameforconnectionsmetricsonaretailornetworkbasissincethedifferenceisonlyintheallocationofsubscriberstooperator.)
Mobile,Connections,total,Total,Sub-SaharanAfrica,Rwanda,MTN,Unknown,,,Unknown,636646,1125083,1786672,2432423,2728354,3196721,3256410,3426009,3542974,3356566,3413000,4465000,5203000,6076000,6435000,6816000,7261000,,,,Unknown,,,,,,,,,,,,,,,,,,,,,,,,,,,,,,Unknown,Unknown,Unknown,Unknown,Unknown,Unknown,Unknown,Unknown,Unknown,Unknown,Unknown,Unknown,3451074,3475615,3484875,3542974,3418539,3362346,3416593,3356566,3445000,3510000,3575000,3413000,3574000,3805000,4203000,4465000,4600000,4677000,4906000,5203000,5205000,5407000,5896000,6076000,6162000,6475000,6428000,6435000,6468000,6585000,6792000,6816000,6919000,6977000,7170000,7261000,7405000,7501000,firstentrant,MTN,MTN,Totals,Totals,Notspecified,Totals,All,Standardised,Mobile/Connections/total|Publicationdate:24September2024Basedonhistoricaldatauptoquarter2of2024|TotalactivemobileconnectionsexcludingIoTthatishandsetandmobilebroadbandconnectionsonly.Activesubscribersarethosethathaveusedtheirmobileaccountinthepast3months.Connectionsmetricsrelatetotheend-of-periodfigure.OperatorNotes:ThisoperatorisclassifiedasMobile:firstentrant.Operatorattribution:mobilesubscribersarecountedonanetworkorwholesalebasis(thatiswherecustomersofserviceproviderswithouttheirownnetworkinfrastructureareallocatedtothenetworkoperator(s)thatsupport(s)theirservice).(Totalmarketvaluesarethesameforconnectionsmetricsonaretailornetworkbasissincethedifferenceisonlyintheallocationofsubscriberstooperator.)
Mobile,Connections,total,Total,Sub-SaharanAfrica,Rwanda,MillicomRwanda(Tigo),Unknown,,,Unknown,0,0,74785,549532,1192259,1192259,1938000,2499395,2742000,2905000,2836000,0,0,0,0,0,0,,,,Unknown,,,,,,,,,,,,,,,,,,,,,,,,,,,,,,Unknown,Unknown,Unknown,Unknown,Unknown,Unknown,Unknown,Unknown,Unknown,Unknown,Unknown,Unknown,2484000,2565000,2663000,2742000,2743000,2747000,2868000,2905000,2888000,2856433,2903000,2836000,2901000,2967490,3035503,0,0,0,0,0,0,0,0,0,0,0,0,0,0,0,0,0,0,0,0,0,0,0,thirdentrant,MillicomRwanda(Tigo),Unknown,Totals,Totals,Notspecified,Totals,All,Standardised,Mobile/Connections/total|Publicationdate:24September2024Basedonhistoricaldatauptoquarter2of2024|TotalactivemobileconnectionsexcludingIoTthatishandsetandmobilebroadbandconnectionsonly.Activesubscribersarethosethathaveusedtheirmobileaccountinthepast3months.Connectionsmetricsrelatetotheend-of-periodfigure.OperatorNotes:ThisoperatorisclassifiedasMobile:thirdentrant.Operatorattribution:mobilesubscribersarecountedonanetworkorwholesalebasis(thatiswherecustomersofserviceproviderswithouttheirownnetworkinfrastructureareallocatedtothenetworkoperator(s)thatsupport(s)theirservice).(Totalmarketvaluesarethesameforconnectionsmetricsonaretailornetworkbasissincethedifferenceisonlyintheallocationofsubscriberstooperator.)
Mobile,Connections,total,Total,Sub-SaharanAfrica,Rwanda,AirtelRwanda,Unknown,,,Unknown,0,0,0,0,0,391072,957630,1159510,1578789,1596385,1634379,5032407,4286149,4057335,3948466,3913172,4870530,,,,Unknown,,,,,,,,,,,,,,,,,,,,,,,,,,,,,,Unknown,Unknown,Unknown,Unknown,Unknown,Unknown,Unknown,Unknown,Unknown,Unknown,Unknown,Unknown,1232640,1336679,1510304,1578789,1676372,1832964,1581378,1596385,1597247,1586018,1628510,1634379,1665253,1594876,1548520,5032407,4511745,4165530,4293321,4286149,4402971,3965826,4101342,4057335,4016609,4048629,4072370,3948466,3714934,3636488,3755693,3913172,4173475,4465810,4785506,4870530,5062975,5255420,fourthentrant,AirtelRwanda,Airtel,Totals,Totals,Notspecified,Totals,All,Standardised,Mobile/Connections/total|Publicationdate:24September2024Basedonhistoricaldatauptoquarter2of2024|TotalactivemobileconnectionsexcludingIoTthatishandsetandmobilebroadbandconnectionsonly.Activesubscribersarethosethathaveusedtheirmobileaccountinthepast3months.Connectionsmetricsrelatetotheend-of-periodfigure.OperatorNotes:ThisoperatorisclassifiedasMobile:fourthentrant.Operatorattribution:mobilesubscribersarecountedonanetworkorwholesalebasis(thatiswherecustomersofserviceproviderswithouttheirownnetworkinfrastructureareallocatedtothenetworkoperator(s)thatsupport(s)theirservice).(Totalmarketvaluesarethesameforconnectionsmetricsonaretailornetworkbasissincethedifferenceisonlyintheallocationofsubscriberstooperator.)
Mobile,Connections,total,Total,Sub-SaharanAfrica,Rwanda,RwandaTel,Unknown,,,Unknown,0,197554,298543,306706,0,0,0,0,0,0,0,0,0,0,0,0,0,,,,Unknown,,,,,,,,,,,,,,,,,,,,,,,,,,,,,,Unknown,Unknown,Unknown,Unknown,Unknown,Unknown,Unknown,Unknown,Unknown,Unknown,Unknown,Unknown,0,0,0,0,0,0,0,0,0,0,0,0,0,0,0,0,0,0,0,0,0,0,0,0,0,0,0,0,0,0,0,0,0,0,0,0,0,0,secondentrant,RwandaTel,Unknown,Totals,Totals,Notspecified,Totals,All,Standardised,Mobile/Connections/total|Publicationdate:24September2024Basedonhistoricaldatauptoquarter2of2024|TotalactivemobileconnectionsexcludingIoTthatishandsetandmobilebroadbandconnectionsonly.Activesubscribersarethosethathaveusedtheirmobileaccountinthepast3months.Connectionsmetricsrelatetotheend-of-periodfigure.OperatorNotes:ThisoperatorisclassifiedasMobile:secondentrant.Operatorattribution:mobilesubscribersarecountedonanetworkorwholesalebasis(thatiswherecustomersofserviceproviderswithouttheirownnetworkinfrastructureareallocatedtothenetworkoperator(s)thatsupport(s)theirservice).(Totalmarketvaluesarethesameforconnectionsmetricsonaretailornetworkbasissincethedifferenceisonlyintheallocationofsubscriberstooperator.)
Mobile,Connections,total,Total,Sub-SaharanAfrica,Rwanda,Totalmarket,Unknown,,,Unknown,636646,1322637,2160000,3288661,3920613,4780052,6152040,7084914,7863763,7857951,7883379,9497407,9489149,10133335,10383466,10729172,12131530,,,,Unknown,,,,,,,,,,,,,,,,,,,,,,,,,,,,,,Unknown,Unknown,Unknown,Unknown,Unknown,Unknown,Unknown,Unknown,Unknown,Unknown,Unknown,Unknown,7167714,7377294,7658179,7863763,7837911,7942310,7865971,7857951,7930247,7952451,8106510,7883379,8140253,8367366,8787023,9497407,9111745,8842530,9199321,9489149,9607971,9372826,9997342,10133335,10178609,10523629,10500370,10383466,10182934,10221488,10547693,10729172,11092475,11442810,11955506,12131530,12467975,12756420,Unknown,Unknown,Unknown,Totals,Totals,Notspecified,Totals,All,Standardised,Mobile/Connections/total|Publicationdate:24September2024Basedonhistoricaldatauptoquarter2of2024|TotalactivemobileconnectionsexcludingIoTthatishandsetandmobilebroadbandconnectionsonly.Activesubscribersarethosethathaveusedtheirmobileaccountinthepast3months.Connectionsmetricsrelatetotheend-of-periodfigure.Operatorattribution:mobilesubscribersarecountedonanetworkorwholesalebasis(thatiswherecustomersofserviceproviderswithouttheirownnetworkinfrastructureareallocatedtothenetworkoperator(s)thatsupport(s)theirservice).(Totalmarketvaluesarethesameforconnectionsmetricsonaretailornetworkbasissincethedifferenceisonlyintheallocationofsubscriberstooperator.)
Mobile,Connections,total,Total,Sub-SaharanAfrica,SouthAfrica,Vodacom,Unknown,,,19204471,21162094,23458128,23893875,22332923,26469667,29421000,30964000,31379000,34103000,36400000,41602000,43838000,44341000,44312000,45772000,44668000,51256000,,,,Unknown,,,,,,,,,,,,,,,,,,,,,,,,,,,,,,Unknown,Unknown,Unknown,Unknown,Unknown,Unknown,Unknown,Unknown,Unknown,Unknown,Unknown,Unknown,32115000,33309000,33745000,34103000,34178000,33734000,35685000,36400000,37131000,39381000,40000000,41602000,41635000,43107000,44089000,43838000,43166000,43774000,43859000,44341000,41312000,39433000,42862000,44312000,44061000,44601000,45428000,45772000,45459000,45086000,45512000,44668000,44230000,44812000,47256000,51256000,51654000,48974000,firstentrant,Vodacom,Vodafone,Totals,Totals,Notspecified,Totals,All,Standardised,Mobile/Connections/total|Publicationdate:24September2024Basedonhistoricaldatauptoquarter2of2024|TotalactivemobileconnectionsexcludingIoTthatishandsetandmobilebroadbandconnectionsonly.Activesubscribersarethosethathaveusedtheirmobileaccountinthepast3months.Connectionsmetricsrelatetotheend-of-periodfigure.OperatorNotes:ThisoperatorisclassifiedasMobile:firstentrant.Operatorattribution:mobilesubscribersarecountedonanetworkorwholesalebasis(thatiswherecustomersofserviceproviderswithouttheirownnetworkinfrastructureareallocatedtothenetworkoperator(s)thatsupport(s)theirservice).(Totalmarketvaluesarethesameforconnectionsmetricsonaretailornetworkbasissincethedifferenceisonlyintheallocationofsubscriberstooperator.)
Mobile,Connections,total,Total,Sub-SaharanAfrica,SouthAfrica,MTN,Unknown,,,12656000,14799000,17169000,16067000,18842000,22033000,25421000,25700000,27993000,30588000,30764000,29516000,31191000,28890000,32095000,34994000,36538000,37431000,,,,Unknown,,,,,,,,,,,,,,,,,,,,,,,,,,,,,,Unknown,Unknown,Unknown,Unknown,Unknown,Unknown,Unknown,Unknown,Unknown,Unknown,Unknown,Unknown,27957000,28504000,29078000,30588000,30070000,29805000,29668000,30764000,30231000,31216000,30908000,29516000,29806000,30176000,29472000,31191000,30010000,29248000,28948000,28890000,28966000,29069000,30896000,32095000,32214000,32667000,33516000,34994000,34508000,35345000,35879000,36538000,35924000,36739000,36798000,37431000,37094000,38465000,firstentrant,MTN,MTN,Totals,Totals,Notspecified,Totals,All,Standardised,Mobile/Connections/total|Publicationdate:24September2024Basedonhistoricaldatauptoquarter2of2024|TotalactivemobileconnectionsexcludingIoTthatishandsetandmobilebroadbandconnectionsonly.Activesubscribersarethosethathaveusedtheirmobileaccountinthepast3months.Connectionsmetricsrelatetotheend-of-periodfigure.OperatorNotes:ThisoperatorisclassifiedasMobile:firstentrant.Operatorattribution:mobilesubscribersarecountedonanetworkorwholesalebasis(thatiswherecustomersofserviceproviderswithouttheirownnetworkinfrastructureareallocatedtothenetworkoperator(s)thatsupport(s)theirservice).(Totalmarketvaluesarethesameforconnectionsmetricsonaretailornetworkbasissincethedifferenceisonlyintheallocationofsubscriberstooperator.)
Mobile,Connections,total,Total,Sub-SaharanAfrica,SouthAfrica,CellC,Unknown,,,2058195,3393383,4264960,5865000,6970000,7777500,8585000,11560000,16660000,14598316,15300000,16300000,16829000,14024000,12193000,12498919,12681959,10071239,,,,Unknown,,,,,,,,,,,,,,,,,,,,,,,,,,,,,,Unknown,Unknown,Unknown,Unknown,Unknown,Unknown,Unknown,Unknown,Unknown,Unknown,Unknown,Unknown,16915000,16516487,15623523,14598316,13803073,13600000,14211406,15300000,15550000,15800000,16050000,16300000,16470887,16564500,16696750,16829000,16409172,15739063,14920602,14024000,12704000,11384000,11838412,12193000,12381388,12471000,12530401,12498919,12349149,12316003,12560024,12681959,12269213,11415609,10341577,10071239,9807968,9551579,thirdentrant,CellC,Unknown,Totals,Totals,Notspecified,Totals,All,Standardised,Mobile/Connections/total|Publicationdate:24September2024Basedonhistoricaldatauptoquarter2of2024|TotalactivemobileconnectionsexcludingIoTthatishandsetandmobilebroadbandconnectionsonly.Activesubscribersarethosethathaveusedtheirmobileaccountinthepast3months.Connectionsmetricsrelatetotheend-of-periodfigure.OperatorNotes:ThisoperatorisclassifiedasMobile:thirdentrant.Operatorattribution:mobilesubscribersarecountedonanetworkorwholesalebasis(thatiswherecustomersofserviceproviderswithouttheirownnetworkinfrastructureareallocatedtothenetworkoperator(s)thatsupport(s)theirservice).(Totalmarketvaluesarethesameforconnectionsmetricsonaretailornetworkbasissincethedifferenceisonlyintheallocationofsubscriberstooperator.)
Mobile,Connections,total,Total,Sub-SaharanAfrica,SouthAfrica,Telkom,Unknown,,,0,0,0,0,100000,1311848,1514674,1700924,2105635,2565793,3605556,4786192,8112913,11748370,14506136,16597661,18142928,18298082,,,,Unknown,,,,,,,,,,,,,,,,,,,,,,,,,,,,,,Unknown,Unknown,Unknown,Unknown,Unknown,Unknown,Unknown,Unknown,Unknown,Unknown,Unknown,Unknown,2186774,2221589,2256404,2565793,2706687,2959593,3212499,3605556,3998613,4181561,4364508,4786192,5207876,5876489,6545101,8112913,9680725,10591092,11501458,11748370,11995281,12840985,13686689,14506136,15325582,15792220,16258857,16597661,16936464,17479994,18023524,18142928,18262331,18274246,18286160,18298082,18310012,18321950,fourthentrant,Telkom,Unknown,Totals,Totals,Notspecified,Totals,All,Standardised,Mobile/Connections/total|Publicationdate:24September2024Basedonhistoricaldatauptoquarter2of2024|TotalactivemobileconnectionsexcludingIoTthatishandsetandmobilebroadbandconnectionsonly.Activesubscribersarethosethathaveusedtheirmobileaccountinthepast3months.Connectionsmetricsrelatetotheend-of-periodfigure.OperatorNotes:ThisoperatorisclassifiedasMobile:fourthentrant.Operatorattribution:mobilesubscribersarecountedonanetworkorwholesalebasis(thatiswherecustomersofserviceproviderswithouttheirownnetworkinfrastructureareallocatedtothenetworkoperator(s)thatsupport(s)theirservice).(Totalmarketvaluesarethesameforconnectionsmetricsonaretailornetworkbasissincethedifferenceisonlyintheallocationofsubscriberstooperator.)
Mobile,Connections,total,Total,Sub-SaharanAfrica,SouthAfrica,Rain,Unknown,,,0,0,0,0,0,0,0,0,0,0,0,0,19578,45683,368715,525015,652065,812604,,,,Unknown,,,,,,,,,,,,,,,,,,,,,,,,,,,,,,Unknown,Unknown,Unknown,Unknown,Unknown,Unknown,Unknown,Unknown,Unknown,Unknown,Unknown,Unknown,0,0,0,0,0,0,0,0,0,0,0,0,0,6526,13052,19578,26105,32631,39157,45683,52209,168253,285620,368715,411207,448170,485054,525015,563179,597721,626729,652065,683529,708100,753513,812604,875056,943674,laterentrant,Rain,Unknown,Totals,Totals,Notspecified,Totals,All,Standardised,Mobile/Connections/total|Publicationdate:24September2024Basedonhistoricaldatauptoquarter2of2024|TotalactivemobileconnectionsexcludingIoTthatishandsetandmobilebroadbandconnectionsonly.Activesubscribersarethosethathaveusedtheirmobileaccountinthepast3months.Connectionsmetricsrelatetotheend-of-periodfigure.OperatorNotes:ThisoperatorisclassifiedasMobile:laterentrant.Operatorattribution:mobilesubscribersarecountedonanetworkorwholesalebasis(thatiswherecustomersofserviceproviderswithouttheirownnetworkinfrastructureareallocatedtothenetworkoperator(s)thatsupport(s)theirservice).(Totalmarketvaluesarethesameforconnectionsmetricsonaretailornetworkbasissincethedifferenceisonlyintheallocationofsubscriberstooperator.)
Mobile,Connections,total,Total,Sub-SaharanAfrica,SouthAfrica,Totalmarket,Unknown,,,33918666,39354478,44892088,45825875,48244923,57592015,64941674,69924924,78137635,81855109,86069556,92204192,99990491,99049052,103474850,110387594,112682952,117868925,,,,Unknown,,,,,,,,,,,,,,,,,,,,,,,,,,,,,,Unknown,Unknown,Unknown,Unknown,Unknown,Unknown,Unknown,Unknown,Unknown,Unknown,Unknown,Unknown,79173774,80551076,80702927,81855109,80757760,80098593,82776905,86069556,86910613,90578561,91322508,92204192,93119763,95730515,96815903,99990491,99292001,99384785,99268216,99049052,95029490,92895238,99568722,103474850,104393177,105979389,108218312,110387594,109815792,110824718,112601277,112682952,111369073,111948955,113435250,117868925,117741036,116256204,Unknown,Unknown,Unknown,Totals,Totals,Notspecified,Totals,All,Standardised,Mobile/Connections/total|Publicationdate:24September2024Basedonhistoricaldatauptoquarter2of2024|TotalactivemobileconnectionsexcludingIoTthatishandsetandmobilebroadbandconnectionsonly.Activesubscribersarethosethathaveusedtheirmobileaccountinthepast3months.Connectionsmetricsrelatetotheend-of-periodfigure.Operatorattribution:mobilesubscribersarecountedonanetworkorwholesalebasis(thatiswherecustomersofserviceproviderswithouttheirownnetworkinfrastructureareallocatedtothenetworkoperator(s)thatsupport(s)theirservice).(Totalmarketvaluesarethesameforconnectionsmetricsonaretailornetworkbasissincethedifferenceisonlyintheallocationofsubscriberstooperator.)
Mobile,Connections,total,Total,Sub-SaharanAfrica,Tanzania,Vodacom,Unknown,,,5975580,3909942,5505826,7031755,8901988,12010096,9747575,10853346,12471029,13411706,13158958,13661137,14969050,16525084,16431532,16713284,19019181,22173937,,,,Unknown,,,,,,,,,,,,,,,,,,,,,,,,,,,,,,Unknown,Unknown,Unknown,Unknown,Unknown,Unknown,Unknown,Unknown,Unknown,Unknown,Unknown,Unknown,12860233,12680990,13228362,13411706,13077733,12770222,13080438,13158958,13420247,13373322,13646776,13661137,13665417,14074918,14816901,14969050,15032136,15235940,15680353,16525084,16424134,15558540,15792582,16431532,16781855,16789328,16892854,16713284,17563723,18032438,18558168,19019181,19391367,19961120,21445390,22173937,23024261,24027202,secondentrant,Vodacom,Vodafone,Totals,Totals,Notspecified,Totals,All,Standardised,Mobile/Connections/total|Publicationdate:24September2024Basedonhistoricaldatauptoquarter2of2024|TotalactivemobileconnectionsexcludingIoTthatishandsetandmobilebroadbandconnectionsonly.Activesubscribersarethosethathaveusedtheirmobileaccountinthepast3months.Connectionsmetricsrelatetotheend-of-periodfigure.OperatorNotes:ThisoperatorisclassifiedasMobile:secondentrant.Operatorattribution:mobilesubscribersarecountedonanetworkorwholesalebasis(thatiswherecustomersofserviceproviderswithouttheirownnetworkinfrastructureareallocatedtothenetworkoperator(s)thatsupport(s)theirservice).(Totalmarketvaluesarethesameforconnectionsmetricsonaretailornetworkbasissincethedifferenceisonlyintheallocationofsubscriberstooperator.)
Mobile,Connections,total,Total,Sub-SaharanAfrica,Tanzania,AxianTelecom,Unknown,,,760874,1203715,2615795,4267976,4597033,5630957,6636246,6642709,9107326,13661727,13520344,12739359,14538940,14490627,14782247,15204306,16675345,20533006,,,,Unknown,,,,,,,,,,,,,,,,,,,,,,,,,,,,,,Unknown,Unknown,Unknown,Unknown,Unknown,Unknown,Unknown,Unknown,Unknown,Unknown,Unknown,Unknown,9788183,10610147,11241004,13661727,13981210,13780201,14010803,13520344,13006555,13103725,12680109,12739359,13123997,13863489,14252692,14538940,14491400,13637994,13617252,14490627,14292216,14269358,14144543,14782247,15321118,14862016,15246965,15204306,15634334,15652133,16084624,16675345,17348381,18257214,18968121,20533006,21116822,22392131,secondentrant,AxianTelecom,Unknown,Totals,Totals,Notspecified,Totals,All,Standardised,Mobile/Connections/total|Publicationdate:24September2024Basedonhistoricaldatauptoquarter2of2024|TotalactivemobileconnectionsexcludingIoTthatishandsetandmobilebroadbandconnectionsonly.Activesubscribersarethosethathaveusedtheirmobileaccountinthepast3months.Connectionsmetricsrelatetotheend-of-periodfigure.OperatorNotes:ThisoperatorisclassifiedasMobile:secondentrant.PreviouslyTigo.TheacquisitiondealofTigobyAxianwassignedinApril2022andapprovedbytheregulatorinJuly2022.Operatorattribution:mobilesubscribersarecountedonanetworkorwholesalebasis(thatiswherecustomersofserviceproviderswithouttheirownnetworkinfrastructureareallocatedtothenetworkoperator(s)thatsupport(s)theirservice).(Totalmarketvaluesarethesameforconnectionsmetricsonaretailornetworkbasissincethedifferenceisonlyintheallocationofsubscriberstooperator.)
Mobile,Connections,total,Total,Sub-SaharanAfrica,Tanzania,ZanzibarTelecom(Zantel),Unknown,,,355246,685617,1076697,1408254,1745922,1573246,3201740,1907574,1815440,0,0,0,0,0,0,0,0,0,,,,Unknown,,,,,,,,,,,,,,,,,,,,,,,,,,,,,,Unknown,Unknown,Unknown,Unknown,Unknown,Unknown,Unknown,Unknown,Unknown,Unknown,Unknown,Unknown,1827138,1721184,1650406,0,0,0,0,0,0,0,0,0,0,0,0,0,0,0,0,0,0,0,0,0,0,0,0,0,0,0,0,0,0,0,0,0,0,0,firstentrant,ZanzibarTelecom(Zantel),Unknown,Totals,Totals,Notspecified,Totals,All,Standardised,Mobile/Connections/total|Publicationdate:24September2024Basedonhistoricaldatauptoquarter2of2024|TotalactivemobileconnectionsexcludingIoTthatishandsetandmobilebroadbandconnectionsonly.Activesubscribersarethosethathaveusedtheirmobileaccountinthepast3months.Connectionsmetricsrelatetotheend-of-periodfigure.OperatorNotes:ThisoperatorisclassifiedasMobile:firstentrant.Operatorattribution:mobilesubscribersarecountedonanetworkorwholesalebasis(thatiswherecustomersofserviceproviderswithouttheirownnetworkinfrastructureareallocatedtothenetworkoperator(s)thatsupport(s)theirservice).(Totalmarketvaluesarethesameforconnectionsmetricsonaretailornetworkbasissincethedifferenceisonlyintheallocationofsubscriberstooperator.)
Mobile,Connections,total,Total,Sub-SaharanAfrica,Tanzania,Airtel,Unknown,,,1516832,2530855,3931919,5016000,6181818,7224605,8704266,9489266,10086565,11653486,11078742,11526816,11593909,13414407,14540608,15439191,17382634,19957357,,,,Unknown,,,,,,,,,,,,,,,,,,,,,,,,,,,,,,Unknown,Unknown,Unknown,Unknown,Unknown,Unknown,Unknown,Unknown,Unknown,Unknown,Unknown,Unknown,10252726,10865705,11503161,11653486,11324707,10914974,11123314,11078742,10836359,10974915,11224545,11526816,11675819,11803198,11568456,11593909,12118004,12214814,12595343,13414407,14105268,13845583,14311357,14540608,14524565,14878618,15382365,15439191,15471668,16037823,17013408,17382634,17824631,18278884,19285249,19957357,19939275,20300502,fourthentrant,Airtel,Airtel,Totals,Totals,Notspecified,Totals,All,Standardised,Mobile/Connections/total|Publicationdate:24September2024Basedonhistoricaldatauptoquarter2of2024|TotalactivemobileconnectionsexcludingIoTthatishandsetandmobilebroadbandconnectionsonly.Activesubscribersarethosethathaveusedtheirmobileaccountinthepast3months.Connectionsmetricsrelatetotheend-of-periodfigure.OperatorNotes:ThisoperatorisclassifiedasMobile:fourthentrant.Operatorattribution:mobilesubscribersarecountedonanetworkorwholesalebasis(thatiswherecustomersofserviceproviderswithouttheirownnetworkinfrastructureareallocatedtothenetworkoperator(s)thatsupport(s)theirservice).(Totalmarketvaluesarethesameforconnectionsmetricsonaretailornetworkbasissincethedifferenceisonlyintheallocationofsubscriberstooperator.)
Mobile,Connections,total,Total,Sub-SaharanAfrica,Tanzania,Halotel,Unknown,,,0,0,0,0,0,0,0,0,0,1293964,3643260,4034499,4172297,4894244,7171798,7561981,8398296,8891387,,,,Unknown,,,,,,,,,,,,,,,,,,,,,,,,,,,,,,Unknown,Unknown,Unknown,Unknown,Unknown,Unknown,Unknown,Unknown,Unknown,Unknown,Unknown,Unknown,0,0,0,1293964,1900600,2823373,3275644,3643260,3711775,4030255,3998039,4034499,3766611,3868983,4129448,4172297,3925377,4465982,4583238,4894244,5476785,6347708,6721258,7171798,7777343,7965216,7740502,7561981,7449883,7364458,7638329,8398296,8513779,8781761,8624076,8891387,9684582,10220900,laterentrant,Halotel,Unknown,Totals,Totals,Notspecified,Totals,All,Standardised,Mobile/Connections/total|Publicationdate:24September2024Basedonhistoricaldatauptoquarter2of2024|TotalactivemobileconnectionsexcludingIoTthatishandsetandmobilebroadbandconnectionsonly.Activesubscribersarethosethathaveusedtheirmobileaccountinthepast3months.Connectionsmetricsrelatetotheend-of-periodfigure.OperatorNotes:ThisoperatorisclassifiedasMobile:laterentrant.Operatorattribution:mobilesubscribersarecountedonanetworkorwholesalebasis(thatiswherecustomersofserviceproviderswithouttheirownnetworkinfrastructureareallocatedtothenetworkoperator(s)thatsupport(s)theirservice).(Totalmarketvaluesarethesameforconnectionsmetricsonaretailornetworkbasissincethedifferenceisonlyintheallocationofsubscriberstooperator.)
Mobile,Connections,total,Total,Sub-SaharanAfrica,Tanzania,TanzaniaTelecommunicationsCompany(TTCL),Unknown,,,0,0,0,0,0,0,0,0,164970,174536,176291,321433,621458,954011,937115,1829423,1475933,1634928,,,,Unknown,,,,,,,,,,,,,,,,,,,,,,,,,,,,,,Unknown,Unknown,Unknown,Unknown,Unknown,Unknown,Unknown,Unknown,Unknown,Unknown,Unknown,Unknown,169390,172953,174380,174536,176262,177033,176327,176291,222378,298843,234278,321433,366333,462068,447729,621458,765126,675187,819170,954011,1174003,659822,799881,937115,1068592,1291054,1481718,1829423,1890403,1795274,1482518,1475933,1490864,1540910,1604498,1634928,1658616,1696064,laterentrant,TanzaniaTelecommunicationsCompany(TTCL),Unknown,Totals,Totals,Notspecified,Totals,All,Standardised,Mobile/Connections/total|Publicationdate:24September2024Basedonhistoricaldatauptoquarter2of2024|TotalactivemobileconnectionsexcludingIoTthatishandsetandmobilebroadbandconnectionsonly.Activesubscribersarethosethathaveusedtheirmobileaccountinthepast3months.Connectionsmetricsrelatetotheend-of-periodfigure.OperatorNotes:ThisoperatorisclassifiedasMobile:laterentrant.Operatorattribution:mobilesubscribersarecountedonanetworkorwholesalebasis(thatiswherecustomersofserviceproviderswithouttheirownnetworkinfrastructureareallocatedtothenetworkoperator(s)thatsupport(s)theirservice).(Totalmarketvaluesarethesameforconnectionsmetricsonaretailornetworkbasissincethedifferenceisonlyintheallocationofsubscriberstooperator.)
Mobile,Connections,total,Total,Sub-SaharanAfrica,Tanzania,otheroperators,Unknown,,,0,3333,3054,3168,27950,7626,755,0,633580,1645931,851082,139627,140012,0,0,0,0,0,,,,Unknown,,,,,,,,,,,,,,,,,,,,,,,,,,,,,,Unknown,Unknown,Unknown,Unknown,Unknown,Unknown,Unknown,Unknown,Unknown,Unknown,Unknown,Unknown,950872,1268499,1479134,1645931,1218461,933668,657866,851082,940183,878867,541258,139627,140121,140222,140070,140012,140103,140285,0,0,0,0,0,0,0,0,0,0,0,0,0,0,0,0,0,0,0,0,Unknown,Unknown,Unknown,Totals,Totals,Notspecified,Totals,All,Standardised,Mobile/Connections/total|Publicationdate:24September2024Basedonhistoricaldatauptoquarter2of2024|TotalactivemobileconnectionsexcludingIoTthatishandsetandmobilebroadbandconnectionsonly.Activesubscribersarethosethathaveusedtheirmobileaccountinthepast3months.Connectionsmetricsrelatetotheend-of-periodfigure.OperatorNotes:ThisoperatorisclassifiedasMobile:n/a.Operatorattribution:mobilesubscribersarecountedonanetworkorwholesalebasis(thatiswherecustomersofserviceproviderswithouttheirownnetworkinfrastructureareallocatedtothenetworkoperator(s)thatsupport(s)theirservice).(Totalmarketvaluesarethesameforconnectionsmetricsonaretailornetworkbasissincethedifferenceisonlyintheallocationofsubscriberstooperator.)
Mobile,Connections,total,Total,Sub-SaharanAfrica,Tanzania,Totalmarket,Unknown,,,8608532,8333463,13133291,17727152,21454710,26446530,28290581,28892895,34278910,41841350,42428678,42422871,46035668,50278374,53863299,56748185,62951389,73190614,,,,Unknown,,,,,,,,,,,,,,,,,,,,,,,,,,,,,,Unknown,Unknown,Unknown,Unknown,Unknown,Unknown,Unknown,Unknown,Unknown,Unknown,Unknown,Unknown,35848542,37319478,39276447,41841350,41678974,41399471,42324392,42428678,42137497,42659928,42325006,42422871,42738298,44212878,45355295,46035668,46472146,46370203,47295356,50278374,51472406,50681011,51769621,53863299,55473473,55786233,56744403,56748185,58010012,58882125,60777047,62951389,64569022,66819888,69927334,73190614,75423557,78636799,Unknown,Unknown,Unknown,Totals,Totals,Notspecified,Totals,All,Standardised,Mobile/Connections/total|Publicationdate:24September2024Basedonhistoricaldatauptoquarter2of2024|TotalactivemobileconnectionsexcludingIoTthatishandsetandmobilebroadbandconnectionsonly.Activesubscribersarethosethathaveusedtheirmobileaccountinthepast3months.Connectionsmetricsrelatetotheend-of-periodfigure.Operatorattribution:mobilesubscribersarecountedonanetworkorwholesalebasis(thatiswherecustomersofserviceproviderswithouttheirownnetworkinfrastructureareallocatedtothenetworkoperator(s)thatsupport(s)theirservice).(Totalmarketvaluesarethesameforconnectionsmetricsonaretailornetworkbasissincethedifferenceisonlyintheallocationofsubscriberstooperator.)
Mobile,Connections,total,Total,Sub-SaharanAfrica,Uganda,MTN,Unknown,,,1595000,2362000,3523000,5222000,6463000,7629000,7702000,8808000,10396000,8929000,10549000,10707000,11270000,12642000,14198000,15716000,17170000,19458000,,,,Unknown,,,,,,,,,,,,,,,,,,,,,,,,,,,,,,Unknown,Unknown,Unknown,Unknown,Unknown,Unknown,Unknown,Unknown,Unknown,Unknown,Unknown,Unknown,10791000,11146000,11524000,8929000,9624000,9891000,10180000,10549000,10861000,11158000,10806000,10707000,10856000,10511000,10828000,11270000,11713000,11937000,12124000,12642000,13196000,13016000,13701000,14198000,14667000,14932000,15295000,15716000,15920000,16255000,16701000,17170000,17769000,18080000,19017000,19458000,19902000,20724000,secondentrant,MTN,MTN,Totals,Totals,Notspecified,Totals,All,Standardised,Mobile/Connections/total|Publicationdate:24September2024Basedonhistoricaldatauptoquarter2of2024|TotalactivemobileconnectionsexcludingIoTthatishandsetandmobilebroadbandconnectionsonly.Activesubscribersarethosethathaveusedtheirmobileaccountinthepast3months.Connectionsmetricsrelatetotheend-of-periodfigure.OperatorNotes:ThisoperatorisclassifiedasMobile:secondentrant.Operatorattribution:mobilesubscribersarecountedonanetworkorwholesalebasis(thatiswherecustomersofserviceproviderswithouttheirownnetworkinfrastructureareallocatedtothenetworkoperator(s)thatsupport(s)theirservice).(Totalmarketvaluesarethesameforconnectionsmetricsonaretailornetworkbasissincethedifferenceisonlyintheallocationofsubscriberstooperator.)
Mobile,Connections,total,Total,Sub-SaharanAfrica,Uganda,Airtel,Unknown,,,470000,1435000,2078000,1925000,2565653,3506368,3917766,6649262,7433568,7777227,8939953,10272727,9771835,10102191,9784934,12685000,14757833,18224780,,,,Unknown,,,,,,,,,,,,,,,,,,,,,,,,,,,,,,Unknown,Unknown,Unknown,Unknown,Unknown,Unknown,Unknown,Unknown,Unknown,Unknown,Unknown,Unknown,7945797,8226524,8612121,7777227,8190752,8620879,8626868,8939953,9291242,8820573,9754393,10272727,9374090,10129958,9168461,9771835,9444561,9859563,9733843,10102191,11186743,8565127,8966497,9784934,10047436,10522859,10151602,12685000,12416931,12608026,13311470,14757833,16109117,17022213,17352940,18224780,19140255,19725928,firstentrant,Airtel,Airtel,Totals,Totals,Notspecified,Totals,All,Standardised,Mobile/Connections/total|Publicationdate:24September2024Basedonhistoricaldatauptoquarter2of2024|TotalactivemobileconnectionsexcludingIoTthatishandsetandmobilebroadbandconnectionsonly.Activesubscribersarethosethathaveusedtheirmobileaccountinthepast3months.Connectionsmetricsrelatetotheend-of-periodfigure.OperatorNotes:ThisoperatorisclassifiedasMobile:firstentrant.Operatorattribution:mobilesubscribersarecountedonanetworkorwholesalebasis(thatiswherecustomersofserviceproviderswithouttheirownnetworkinfrastructureareallocatedtothenetworkoperator(s)thatsupport(s)theirservice).(Totalmarketvaluesarethesameforconnectionsmetricsonaretailornetworkbasissincethedifferenceisonlyintheallocationofsubscriberstooperator.)
Mobile,Connections,total,Total,Sub-SaharanAfrica,Uganda,WaridTelecom,Unknown,,,0,0,941035,1126048,1667674,2337579,2500701,0,0,0,0,0,0,0,0,0,0,0,,,,Unknown,,,,,,,,,,,,,,,,,,,,,,,,,,,,,,Unknown,Unknown,Unknown,Unknown,Unknown,Unknown,Unknown,Unknown,Unknown,Unknown,Unknown,Unknown,0,0,0,0,0,0,0,0,0,0,0,0,0,0,0,0,0,0,0,0,0,0,0,0,0,0,0,0,0,0,0,0,0,0,0,0,0,0,fourthentrant,WaridTelecom,Unknown,Totals,Totals,Notspecified,Totals,All,Standardised,Mobile/Connections/total|Publicationdate:24September2024Basedonhistoricaldatauptoquarter2of2024|TotalactivemobileconnectionsexcludingIoTthatishandsetandmobilebroadbandconnectionsonly.Activesubscribersarethosethathaveusedtheirmobileaccountinthepast3months.Connectionsmetricsrelatetotheend-of-periodfigure.OperatorNotes:ThisoperatorisclassifiedasMobile:fourthentrant.In2013WariddiscontinuedoperationswhenitwastakenoverbyAirtelOperatorattribution:mobilesubscribersarecountedonanetworkorwholesalebasis(thatiswherecustomersofserviceproviderswithouttheirownnetworkinfrastructureareallocatedtothenetworkoperator(s)thatsupport(s)theirservice).(Totalmarketvaluesarethesameforconnectionsmetricsonaretailornetworkbasissincethedifferenceisonlyintheallocationofsubscriberstooperator.)
Mobile,Connections,total,Total,Sub-SaharanAfrica,Uganda,UgandaTelecommunicationsCorporationLtd(UTel),Unknown,,,632616,1366414,2012829,751302,1458796,2518560,1942985,1773386,1456373,1962278,1365739,1472962,1422778,1534873,1580853,1703497,1897716,2221185,,,,Unknown,,,,,,,,,,,,,,,,,,,,,,,,,,,,,,Unknown,Unknown,Unknown,Unknown,Unknown,Unknown,Unknown,Unknown,Unknown,Unknown,Unknown,Unknown,1601694,1280054,1111603,1962278,1622992,1762791,1319787,1365739,1410562,1402633,1442778,1472962,1414069,1390861,1353576,1422778,1433724,1475940,1481078,1534873,1631992,1455705,1513220,1580853,1610131,1637999,1619880,1703497,1695739,1723292,1787871,1897716,2009235,2077458,2148080,2221185,2296862,2375204,thirdentrant,UgandaTelecommunicationsCorporationLtd(Utel),Unknown,Totals,Totals,Notspecified,Totals,All,Standardised,Mobile/Connections/total|Publicationdate:24September2024Basedonhistoricaldatauptoquarter2of2024|TotalactivemobileconnectionsexcludingIoTthatishandsetandmobilebroadbandconnectionsonly.Activesubscribersarethosethathaveusedtheirmobileaccountinthepast3months.Connectionsmetricsrelatetotheend-of-periodfigure.OperatorNotes:ThisoperatorisclassifiedasMobile:thirdentrant.Operatorattribution:mobilesubscribersarecountedonanetworkorwholesalebasis(thatiswherecustomersofserviceproviderswithouttheirownnetworkinfrastructureareallocatedtothenetworkoperator(s)thatsupport(s)theirservice).(Totalmarketvaluesarethesameforconnectionsmetricsonaretailornetworkbasissincethedifferenceisonlyintheallocationofsubscriberstooperator.)
Mobile,Connections,total,Total,Sub-SaharanAfrica,Uganda,Africell,Unknown,,,0,0,0,350000,609000,622000,507891,718000,900000,1201768,1543757,1966189,1924131,2326357,2115254,0,0,0,,,,Unknown,,,,,,,,,,,,,,,,,,,,,,,,,,,,,,Unknown,Unknown,Unknown,Unknown,Unknown,Unknown,Unknown,Unknown,Unknown,Unknown,Unknown,Unknown,973871,1048370,1124126,1201768,1281923,1365221,1452289,1543757,1640252,1742404,1850840,1966189,2090396,1670141,1785000,1924131,2055547,2171533,2264375,2326357,2349766,2326885,2250000,2115254,1934219,1722324,1495000,0,0,0,0,0,0,0,0,0,0,0,fourthentrant,Africell,Unknown,Totals,Totals,Notspecified,Totals,All,Standardised,Mobile/Connections/total|Publicationdate:24September2024Basedonhistoricaldatauptoquarter2of2024|TotalactivemobileconnectionsexcludingIoTthatishandsetandmobilebroadbandconnectionsonly.Activesubscribersarethosethathaveusedtheirmobileaccountinthepast3months.Connectionsmetricsrelatetotheend-of-periodfigure.OperatorNotes:ThisoperatorisclassifiedasMobile:fourthentrant.AfricellhascompletedtheacquisitionofOrangeUgandaatNovember2014anditsoperatingunderthenameAfricell(includesMVNOK2)Operatorattribution:mobilesubscribersarecountedonanetworkorwholesalebasis(thatiswherecustomersofserviceproviderswithouttheirownnetworkinfrastructureareallocatedtothenetworkoperator(s)thatsupport(s)theirservice).(Totalmarketvaluesarethesameforconnectionsmetricsonaretailornetworkbasissincethedifferenceisonlyintheallocationofsubscriberstooperator.)
Mobile,Connections,total,Total,Sub-SaharanAfrica,Uganda,SmartTelecom,Unknown,,,0,0,0,0,0,0,0,0,100000,200000,240000,280000,0,0,0,0,0,0,,,,Unknown,,,,,,,,,,,,,,,,,,,,,,,,,,,,,,Unknown,Unknown,Unknown,Unknown,Unknown,Unknown,Unknown,Unknown,Unknown,Unknown,Unknown,Unknown,125000,150000,175000,200000,210000,220000,230000,240000,250000,260000,270000,280000,290370,0,0,0,0,0,0,0,0,0,0,0,0,0,0,0,0,0,0,0,0,0,0,0,0,0,laterentrant,SmartTelecom,Unknown,Totals,Totals,Notspecified,Totals,All,Standardised,Mobile/Connections/total|Publicationdate:24September2024Basedonhistoricaldatauptoquarter2of2024|TotalactivemobileconnectionsexcludingIoTthatishandsetandmobilebroadbandconnectionsonly.Activesubscribersarethosethathaveusedtheirmobileaccountinthepast3months.Connectionsmetricsrelatetotheend-of-periodfigure.OperatorNotes:ThisoperatorisclassifiedasMobile:laterentrant.Operatorattribution:mobilesubscribersarecountedonanetworkorwholesalebasis(thatiswherecustomersofserviceproviderswithouttheirownnetworkinfrastructureareallocatedtothenetworkoperator(s)thatsupport(s)theirservice).(Totalmarketvaluesarethesameforconnectionsmetricsonaretailornetworkbasissincethedifferenceisonlyintheallocationofsubscriberstooperator.)
Mobile,Connections,total,Total,Sub-SaharanAfrica,Uganda,AfrimaxUganda,Unknown,,,0,0,0,0,0,0,0,0,0,150000,200000,250000,0,0,0,0,0,0,,,,Unknown,,,,,,,,,,,,,,,,,,,,,,,,,,,,,,Unknown,Unknown,Unknown,Unknown,Unknown,Unknown,Unknown,Unknown,Unknown,Unknown,Unknown,Unknown,20000,60000,100000,150000,162500,175000,187500,200000,212500,225000,237500,250000,0,0,0,0,0,0,0,0,0,0,0,0,0,0,0,0,0,0,0,0,0,0,0,0,0,0,laterentrant,AfrimaxUganda,Unknown,Totals,Totals,Notspecified,Totals,All,Standardised,Mobile/Connections/total|Publicationdate:24September2024Basedonhistoricaldatauptoquarter2of2024|TotalactivemobileconnectionsexcludingIoTthatishandsetandmobilebroadbandconnectionsonly.Activesubscribersarethosethathaveusedtheirmobileaccountinthepast3months.Connectionsmetricsrelatetotheend-of-periodfigure.OperatorNotes:ThisoperatorisclassifiedasMobile:laterentrant.Operatorattribution:mobilesubscribersarecountedonanetworkorwholesalebasis(thatiswherecustomersofserviceproviderswithouttheirownnetworkinfrastructureareallocatedtothenetworkoperator(s)thatsupport(s)theirservice).(Totalmarketvaluesarethesameforconnectionsmetricsonaretailornetworkbasissincethedifferenceisonlyintheallocationofsubscriberstooperator.)
Mobile,Connections,total,Total,Sub-SaharanAfrica,Uganda,otheroperators,Unknown,,,0,0,0,9384,64141,83485,100000,120000,80000,0,0,0,0,0,9946,23207,41283,69725,,,,Unknown,,,,,,,,,,,,,,,,,,,,,,,,,,,,,,Unknown,Unknown,Unknown,Unknown,Unknown,Unknown,Unknown,Unknown,Unknown,Unknown,Unknown,Unknown,0,0,0,0,0,0,0,0,0,0,0,0,0,0,0,0,0,0,0,0,0,3315,6631,9946,13261,16576,19892,23207,27384,31766,36213,41283,47062,53651,61162,69725,79486,90615,Unknown,Unknown,Unknown,Totals,Totals,Notspecified,Totals,All,Standardised,Mobile/Connections/total|Publicationdate:24September2024Basedonhistoricaldatauptoquarter2of2024|TotalactivemobileconnectionsexcludingIoTthatishandsetandmobilebroadbandconnectionsonly.Activesubscribersarethosethathaveusedtheirmobileaccountinthepast3months.Connectionsmetricsrelatetotheend-of-periodfigure.OperatorNotes:ThisoperatorisclassifiedasMobile:n/a.Operatorattribution:mobilesubscribersarecountedonanetworkorwholesalebasis(thatiswherecustomersofserviceproviderswithouttheirownnetworkinfrastructureareallocatedtothenetworkoperator(s)thatsupport(s)theirservice).(Totalmarketvaluesarethesameforconnectionsmetricsonaretailornetworkbasissincethedifferenceisonlyintheallocationofsubscriberstooperator.)
Mobile,Connections,total,Total,Sub-SaharanAfrica,Uganda,Totalmarket,Unknown,,,2697616,5163414,8554864,9383734,12828264,16696992,16671343,18068648,20365941,20220273,22838449,24948878,24388744,26605421,27688987,30127704,33866832,39973689,,,,Unknown,,,,,,,,,,,,,,,,,,,,,,,,,,,,,,Unknown,Unknown,Unknown,Unknown,Unknown,Unknown,Unknown,Unknown,Unknown,Unknown,Unknown,Unknown,21457361,21910948,22646850,20220273,21092167,22034891,21996444,22838449,23665556,23608610,24361511,24948878,24024925,23701960,23135037,24388744,24646832,25444036,25603296,26605421,28364500,25367032,26437348,27688987,28272047,28831759,28581374,30127704,30060054,30618084,31836554,33866832,35934414,37233322,38579182,39973689,41418603,42915747,Unknown,Unknown,Unknown,Totals,Totals,Notspecified,Totals,All,Standardised,Mobile/Connections/total|Publicationdate:24September2024Basedonhistoricaldatauptoquarter2of2024|TotalactivemobileconnectionsexcludingIoTthatishandsetandmobilebroadbandconnectionsonly.Activesubscribersarethosethathaveusedtheirmobileaccountinthepast3months.Connectionsmetricsrelatetotheend-of-periodfigure.Operatorattribution:mobilesubscribersarecountedonanetworkorwholesalebasis(thatiswherecustomersofserviceproviderswithouttheirownnetworkinfrastructureareallocatedtothenetworkoperator(s)thatsupport(s)theirservice).(Totalmarketvaluesarethesameforconnectionsmetricsonaretailornetworkbasissincethedifferenceisonlyintheallocationofsubscriberstooperator.)
Mobile,Connections,total,Total,Sub-SaharanAfrica,Zambia,Airtel,Unknown,,,Unknown,2324220,2669064,3089307,3767139,4229714,4725705,4544218,3675360,4634648,4919496,5332000,5574500,5836000,6700000,8000000,9100000,10200000,,,,Unknown,,,,,,,,,,,,,,,,,,,,,,,,,,,,,,Unknown,Unknown,Unknown,Unknown,Unknown,Unknown,Unknown,Unknown,Unknown,Unknown,Unknown,Unknown,3915182,4155004,4270172,4634648,4860105,4905135,4886134,4919496,5073879,5228263,5280131,5332000,5283071,5360000,5320672,5574500,5826631,5789000,5777890,5836000,5918000,6000000,6350000,6700000,6923913,7147826,7573913,8000000,8110000,8220000,8660000,9100000,9310000,9520000,9860000,10200000,10335000,10470000,firstentrant,Airtel,Airtel,Totals,Totals,Notspecified,Totals,All,Standardised,Mobile/Connections/total|Publicationdate:24September2024Basedonhistoricaldatauptoquarter2of2024|TotalactivemobileconnectionsexcludingIoTthatishandsetandmobilebroadbandconnectionsonly.Activesubscribersarethosethathaveusedtheirmobileaccountinthepast3months.Connectionsmetricsrelatetotheend-of-periodfigure.OperatorNotes:ThisoperatorisclassifiedasMobile:firstentrant.Operatorattribution:mobilesubscribersarecountedonanetworkorwholesalebasis(thatiswherecustomersofserviceproviderswithouttheirownnetworkinfrastructureareallocatedtothenetworkoperator(s)thatsupport(s)theirservice).(Totalmarketvaluesarethesameforconnectionsmetricsonaretailornetworkbasissincethedifferenceisonlyintheallocationofsubscriberstooperator.)
Mobile,Connections,total,Total,Sub-SaharanAfrica,Zambia,MTN,Unknown,,,Unknown,262000,693000,1165000,1900000,2704000,4074000,4410000,4883168,5117696,5578641,5485000,6459000,6989000,8203000,8056000,7112000,6886000,,,,Unknown,,,,,,,,,,,,,,,,,,,,,,,,,,,,,,Unknown,Unknown,Unknown,Unknown,Unknown,Unknown,Unknown,Unknown,Unknown,Unknown,Unknown,Unknown,5280392,4791455,4899948,5117696,5038536,5237292,5198733,5578641,5278545,5331033,5430915,5485000,5638000,5747000,6052000,6459000,6381000,6751000,7004000,6989000,6941000,7263000,7815000,8203000,8374000,8295000,8260000,8056000,7297000,6812000,7117000,7112000,7031000,7085000,6950000,6886000,6866000,6897000,secondentrant,MTN,MTN,Totals,Totals,Notspecified,Totals,All,Standardised,Mobile/Connections/total|Publicationdate:24September2024Basedonhistoricaldatauptoquarter2of2024|TotalactivemobileconnectionsexcludingIoTthatishandsetandmobilebroadbandconnectionsonly.Activesubscribersarethosethathaveusedtheirmobileaccountinthepast3months.Connectionsmetricsrelatetotheend-of-periodfigure.OperatorNotes:ThisoperatorisclassifiedasMobile:secondentrant.Operatorattribution:mobilesubscribersarecountedonanetworkorwholesalebasis(thatiswherecustomersofserviceproviderswithouttheirownnetworkinfrastructureareallocatedtothenetworkoperator(s)thatsupport(s)theirservice).(Totalmarketvaluesarethesameforconnectionsmetricsonaretailornetworkbasissincethedifferenceisonlyintheallocationofsubscriberstooperator.)
Mobile,Connections,total,Total,Sub-SaharanAfrica,Zambia,ZamtelMobile(Zamtel),Unknown,,,Unknown,52780,300000,154245,100769,1230991,1724585,1470755,1507829,1805381,1244117,2621539,3436770,4395607,4201208,4191111,3626000,2837309,,,,Unknown,,,,,,,,,,,,,,,,,,,,,,,,,,,,,,Unknown,Unknown,Unknown,Unknown,Unknown,Unknown,Unknown,Unknown,Unknown,Unknown,Unknown,Unknown,1642426,1657541,1667880,1805381,1714730,1527623,1598953,1244117,1564446,1870379,2260307,2621539,2569108,2729616,3105208,3436770,3491925,3367700,4107248,4395607,4208096,4659770,4454952,4201208,3963317,4243019,4132565,4191111,3985574,3676450,3490869,3626000,3312681,3468710,2924270,2837309,2913159,2939837,thirdentrant,ZamtelMobile(Zamtel),Unknown,Totals,Totals,Notspecified,Totals,All,Standardised,Mobile/Connections/total|Publicationdate:24September2024Basedonhistoricaldatauptoquarter2of2024|TotalactivemobileconnectionsexcludingIoTthatishandsetandmobilebroadbandconnectionsonly.Activesubscribersarethosethathaveusedtheirmobileaccountinthepast3months.Connectionsmetricsrelatetotheend-of-periodfigure.OperatorNotes:ThisoperatorisclassifiedasMobile:thirdentrant.Operatorattribution:mobilesubscribersarecountedonanetworkorwholesalebasis(thatiswherecustomersofserviceproviderswithouttheirownnetworkinfrastructureareallocatedtothenetworkoperator(s)thatsupport(s)theirservice).(Totalmarketvaluesarethesameforconnectionsmetricsonaretailornetworkbasissincethedifferenceisonlyintheallocationofsubscriberstooperator.)
Mobile,Connections,total,Total,Sub-SaharanAfrica,Zambia,Totalmarket,Unknown,,,Unknown,2639000,3662064,4408552,5767908,8164705,10524290,10424973,10066357,11557725,11742254,13438539,15470270,17220607,19104208,20247111,19838000,19923309,,,,Unknown,,,,,,,,,,,,,,,,,,,,,,,,,,,,,,Unknown,Unknown,Unknown,Unknown,Unknown,Unknown,Unknown,Unknown,Unknown,Unknown,Unknown,Unknown,10838000,10604000,10838000,11557725,11613370,11670051,11683821,11742254,11916871,12429675,12971354,13438539,13490179,13836616,14477880,15470270,15699556,15907700,16889138,17220607,17067096,17922770,18619952,19104208,19261230,19685845,19966478,20247111,19392574,18708450,19267869,19838000,19653681,20073710,19734270,19923309,20114159,20306837,Unknown,Unknown,Unknown,Totals,Totals,Notspecified,Totals,All,Standardised,Mobile/Connections/total|Publicationdate:24September2024Basedonhistoricaldatauptoquarter2of2024|TotalactivemobileconnectionsexcludingIoTthatishandsetandmobilebroadbandconnectionsonly.Activesubscribersarethosethathaveusedtheirmobileaccountinthepast3months.Connectionsmetricsrelatetotheend-of-periodfigure.Operatorattribution:mobilesubscribersarecountedonanetworkorwholesalebasis(thatiswherecustomersofserviceproviderswithouttheirownnetworkinfrastructureareallocatedtothenetworkoperator(s)thatsupport(s)theirservice).(Totalmarketvaluesarethesameforconnectionsmetricsonaretailornetworkbasissincethedifferenceisonlyintheallocationofsubscriberstooperator.)
Mobile,Connections–marketshare,total,Total,Sub-SaharanAfrica,Cameroon,MTN,%,,,Unknown,57.10%,62.80%,60.80%,56.67%,54.20%,53.65%,56.89%,56.20%,45.85%,47.78%,38.90%,40.54%,46.61%,44.24%,45.90%,44.08%,43.78%,,,,Unknown,,,,,,,,,,,,,,,,,,,,,,,,,,,,,,Unknown,Unknown,Unknown,Unknown,Unknown,Unknown,Unknown,Unknown,Unknown,Unknown,Unknown,Unknown,53.67%,50.26%,47.28%,45.85%,46.60%,46.47%,46.24%,47.78%,46.17%,43.57%,40.45%,38.90%,36.22%,36.65%,37.72%,40.54%,44.63%,45.59%,44.57%,46.61%,45.40%,45.65%,45.32%,44.24%,43.84%,44.17%,45.62%,45.90%,44.61%,45.34%,44.73%,44.08%,43.67%,43.99%,43.35%,43.78%,43.57%,43.27%,firstentrant,MTN,MTN,Totals,Totals,Notspecified,Totals,All,Standardised,Mobile/Connections–marketshare/total|Publicationdate:24September2024Basedonhistoricaldatauptoquarter2of2024|OperatormarketshareofallactivemobileconnectionsexcludingIoTthatishandsetandmobilebroadbandconnectionsonly.Activesubscribersarethosethathaveusedtheirmobileaccountinthepast3months.Connectionsmetricsrelatetotheend-of-periodfigure.OperatorNotes:ThisoperatorisclassifiedasMobile:firstentrant.Operatorattribution:mobilesubscribersarecountedonanetworkorwholesalebasis(thatiswherecustomersofserviceproviderswithouttheirownnetworkinfrastructureareallocatedtothenetworkoperator(s)thatsupport(s)theirservice).(Totalmarketvaluesarethesameforconnectionsmetricsonaretailornetworkbasissincethedifferenceisonlyintheallocationofsubscriberstooperator.)
Mobile,Connections–marketshare,total,Total,Sub-SaharanAfrica,Cameroon,Orange,%,,,Unknown,42.89%,37.19%,39.19%,43.32%,45.79%,46.34%,43.10%,39.98%,39.60%,33.39%,36.70%,36.62%,36.07%,39.97%,43.00%,46.52%,47.51%,,,,Unknown,,,,,,,,,,,,,,,,,,,,,,,,,,,,,,Unknown,Unknown,Unknown,Unknown,Unknown,Unknown,Unknown,Unknown,Unknown,Unknown,Unknown,Unknown,38.23%,38.09%,40.10%,39.60%,37.94%,37.25%,36.12%,33.39%,33.27%,34.49%,36.94%,36.70%,37.78%,36.27%,36.07%,36.62%,36.70%,36.36%,37.25%,36.07%,37.59%,37.71%,38.72%,39.97%,41.23%,42.00%,41.81%,43.00%,44.98%,44.76%,45.63%,46.52%,47.16%,47.00%,47.79%,47.51%,47.92%,48.35%,firstentrant,Orange,Orange,Totals,Totals,Notspecified,Totals,All,Standardised,Mobile/Connections–marketshare/total|Publicationdate:24September2024Basedonhistoricaldatauptoquarter2of2024|OperatormarketshareofallactivemobileconnectionsexcludingIoTthatishandsetandmobilebroadbandconnectionsonly.Activesubscribersarethosethathaveusedtheirmobileaccountinthepast3months.Connectionsmetricsrelatetotheend-of-periodfigure.OperatorNotes:ThisoperatorisclassifiedasMobile:firstentrant.Operatorattribution:mobilesubscribersarecountedonanetworkorwholesalebasis(thatiswherecustomersofserviceproviderswithouttheirownnetworkinfrastructureareallocatedtothenetworkoperator(s)thatsupport(s)theirservice).(Totalmarketvaluesarethesameforconnectionsmetricsonaretailornetworkbasissincethedifferenceisonlyintheallocationofsubscriberstooperator.)
Mobile,Connections–marketshare,total,Total,Sub-SaharanAfrica,Cameroon,Viettel(Nexttel),%,,,Unknown,0.00%,0.00%,0.00%,0.00%,0.00%,0.00%,0.00%,3.80%,14.53%,18.75%,23.99%,21.78%,15.89%,14.04%,8.97%,7.04%,6.22%,,,,Unknown,,,,,,,,,,,,,,,,,,,,,,,,,,,,,,Unknown,Unknown,Unknown,Unknown,Unknown,Unknown,Unknown,Unknown,Unknown,Unknown,Unknown,Unknown,8.09%,11.64%,12.60%,14.53%,15.44%,16.26%,17.59%,18.75%,20.42%,21.75%,22.38%,23.99%,25.41%,26.31%,25.28%,21.78%,17.50%,16.79%,16.80%,15.89%,15.51%,15.04%,14.34%,14.04%,13.06%,11.84%,10.47%,8.97%,8.19%,7.62%,7.30%,7.04%,6.78%,6.57%,6.39%,6.22%,6.02%,5.86%,thirdentrant,Viettel(Nexttel),Unknown,Totals,Totals,Notspecified,Totals,All,Standardised,Mobile/Connections–marketshare/total|Publicationdate:24September2024Basedonhistoricaldatauptoquarter2of2024|OperatormarketshareofallactivemobileconnectionsexcludingIoTthatishandsetandmobilebroadbandconnectionsonly.Activesubscribersarethosethathaveusedtheirmobileaccountinthepast3months.Connectionsmetricsrelatetotheend-of-periodfigure.OperatorNotes:ThisoperatorisclassifiedasMobile:thirdentrant.Operatorattribution:mobilesubscribersarecountedonanetworkorwholesalebasis(thatiswherecustomersofserviceproviderswithouttheirownnetworkinfrastructureareallocatedtothenetworkoperator(s)thatsupport(s)theirservice).(Totalmarketvaluesarethesameforconnectionsmetricsonaretailornetworkbasissincethedifferenceisonlyintheallocationofsubscriberstooperator.)
Mobile,Connections–marketshare,total,Total,Sub-SaharanAfrica,Cameroon,Camtel,%,,,Unknown,0.00%,0.00%,0.00%,0.00%,0.00%,0.00%,0.00%,0.00%,0.00%,0.06%,0.38%,1.04%,1.41%,1.74%,2.11%,2.35%,2.47%,,,,Unknown,,,,,,,,,,,,,,,,,,,,,,,,,,,,,,Unknown,Unknown,Unknown,Unknown,Unknown,Unknown,Unknown,Unknown,Unknown,Unknown,Unknown,Unknown,0.00%,0.00%,0.00%,0.00%,0.00%,0.00%,0.03%,0.06%,0.11%,0.17%,0.22%,0.38%,0.57%,0.75%,0.91%,1.04%,1.16%,1.24%,1.36%,1.41%,1.48%,1.58%,1.60%,1.74%,1.85%,1.97%,2.08%,2.11%,2.20%,2.26%,2.32%,2.35%,2.37%,2.41%,2.44%,2.47%,2.47%,2.49%,fourthentrant,Camtel,Unknown,Totals,Totals,Notspecified,Totals,All,Standardised,Mobile/Connections–marketshare/total|Publicationdate:24September2024Basedonhistoricaldatauptoquarter2of2024|OperatormarketshareofallactivemobileconnectionsexcludingIoTthatishandsetandmobilebroadbandconnectionsonly.Activesubscribersarethosethathaveusedtheirmobileaccountinthepast3months.Connectionsmetricsrelatetotheend-of-periodfigure.OperatorNotes:ThisoperatorisclassifiedasMobile:fourthentrant.Operatorattribution:mobilesubscribersarecountedonanetworkorwholesalebasis(thatiswherecustomersofserviceproviderswithouttheirownnetworkinfrastructureareallocatedtothenetworkoperator(s)thatsupport(s)theirservice).(Totalmarketvaluesarethesameforconnectionsmetricsonaretailornetworkbasissincethedifferenceisonlyintheallocationofsubscriberstooperator.)
Mobile,Connections–marketshare,total,Total,Sub-SaharanAfrica,Cameroon,Totalmarket,%,,,Unknown,100.00%,100.00%,100.00%,100.00%,100.00%,100.00%,100.00%,100.00%,100.00%,100.00%,100.00%,100.00%,100.00%,100.00%,100.00%,100.00%,100.00%,,,,Unknown,,,,,,,,,,,,,,,,,,,,,,,,,,,,,,Unknown,Unknown,Unknown,Unknown,Unknown,Unknown,Unknown,Unknown,Unknown,Unknown,Unknown,Unknown,100.00%,100.00%,100.00%,100.00%,100.00%,100.00%,100.00%,100.00%,100.00%,100.00%,100.00%,100.00%,100.00%,100.00%,100.00%,100.00%,100.00%,100.00%,100.00%,100.00%,100.00%,100.00%,100.00%,100.00%,100.00%,100.00%,100.00%,100.00%,100.00%,100.00%,100.00%,100.00%,100.00%,100.00%,100.00%,100.00%,100.00%,100.00%,Unknown,Unknown,Unknown,Totals,Totals,Notspecified,Totals,All,Standardised,Mobile/Connections–marketshare/total|Publicationdate:24September2024Basedonhistoricaldatauptoquarter2of2024|OperatormarketshareofallactivemobileconnectionsexcludingIoTthatishandsetandmobilebroadbandconnectionsonly.Activesubscribersarethosethathaveusedtheirmobileaccountinthepast3months.Connectionsmetricsrelatetotheend-of-periodfigure.Operatorattribution:mobilesubscribersarecountedonanetworkorwholesalebasis(thatiswherecustomersofserviceproviderswithouttheirownnetworkinfrastructureareallocatedtothenetworkoperator(s)thatsupport(s)theirservice).(Totalmarketvaluesarethesameforconnectionsmetricsonaretailornetworkbasissincethedifferenceisonlyintheallocationofsubscriberstooperator.)
Mobile,Connections–marketshare,total,Total,Sub-SaharanAfrica,CôtedIvoire,MTN,%,,,Unknown,Unknown,36.71%,37.40%,35.43%,34.66%,35.02%,37.78%,37.78%,33.74%,34.18%,34.86%,34.06%,36.28%,35.09%,36.17%,38.85%,38.58%,,,,Unknown,,,,,,,,,,,,,,,,,,,,,,,,,,,,,,Unknown,Unknown,Unknown,Unknown,Unknown,Unknown,Unknown,Unknown,Unknown,Unknown,Unknown,Unknown,37.88%,36.35%,34.67%,33.74%,34.00%,33.62%,32.74%,34.18%,34.80%,35.98%,36.31%,34.86%,34.82%,34.52%,34.85%,34.06%,35.25%,35.44%,35.96%,36.28%,34.65%,34.31%,35.12%,35.09%,35.39%,35.43%,35.44%,36.17%,37.19%,38.47%,39.17%,38.85%,39.54%,39.74%,39.68%,38.58%,36.68%,35.39%,firstentrant,MTN,MTN,Totals,Totals,Notspecified,Totals,All,Standardised,Mobile/Connections–marketshare/total|Publicationdate:24September2024Basedonhistoricaldatauptoquarter2of2024|OperatormarketshareofallactivemobileconnectionsexcludingIoTthatishandsetandmobilebroadbandconnectionsonly.Activesubscribersarethosethathaveusedtheirmobileaccountinthepast3months.Connectionsmetricsrelatetotheend-of-periodfigure.OperatorNotes:ThisoperatorisclassifiedasMobile:firstentrant.Operatorattribution:mobilesubscribersarecountedonanetworkorwholesalebasis(thatiswherecustomersofserviceproviderswithouttheirownnetworkinfrastructureareallocatedtothenetworkoperator(s)thatsupport(s)theirservice).(Totalmarketvaluesarethesameforconnectionsmetricsonaretailornetworkbasissincethedifferenceisonlyintheallocationofsubscriberstooperator.)
Mobile,Connections–marketshare,total,Total,Sub-SaharanAfrica,CôtedIvoire,Orange,%,,,Unknown,Unknown,35.00%,26.46%,32.10%,31.47%,31.13%,33.14%,36.86%,39.36%,43.23%,40.38%,39.28%,37.46%,38.23%,37.89%,35.39%,38.10%,,,,Unknown,,,,,,,,,,,,,,,,,,,,,,,,,,,,,,Unknown,Unknown,Unknown,Unknown,Unknown,Unknown,Unknown,Unknown,Unknown,Unknown,Unknown,Unknown,38.27%,38.15%,38.76%,39.36%,42.78%,43.14%,44.42%,43.23%,40.31%,39.91%,39.03%,40.38%,40.33%,40.42%,39.57%,39.28%,37.63%,37.72%,36.99%,37.46%,39.25%,39.76%,38.21%,38.23%,38.38%,38.69%,38.96%,37.89%,36.80%,36.07%,35.31%,35.39%,36.22%,37.61%,37.63%,38.10%,39.25%,40.03%,firstentrant,Orange,Orange,Totals,Totals,Notspecified,Totals,All,Standardised,Mobile/Connections–marketshare/total|Publicationdate:24September2024Basedonhistoricaldatauptoquarter2of2024|OperatormarketshareofallactivemobileconnectionsexcludingIoTthatishandsetandmobilebroadbandconnectionsonly.Activesubscribersarethosethathaveusedtheirmobileaccountinthepast3months.Connectionsmetricsrelatetotheend-of-periodfigure.OperatorNotes:ThisoperatorisclassifiedasMobile:firstentrant.Operatorattribution:mobilesubscribersarecountedonanetworkorwholesalebasis(thatiswherecustomersofserviceproviderswithouttheirownnetworkinfrastructureareallocatedtothenetworkoperator(s)thatsupport(s)theirservice).(Totalmarketvaluesarethesameforconnectionsmetricsonaretailornetworkbasissincethedifferenceisonlyintheallocationofsubscriberstooperator.)
Mobile,Connections–marketshare,total,Total,Sub-SaharanAfrica,CôtedIvoire,MarocTelecom(Moov),%,,,Unknown,Unknown,18.96%,19.95%,18.49%,20.76%,23.32%,23.01%,17.08%,22.44%,22.58%,24.75%,26.65%,26.24%,26.67%,25.92%,25.75%,23.30%,,,,Unknown,,,,,,,,,,,,,,,,,,,,,,,,,,,,,,Unknown,Unknown,Unknown,Unknown,Unknown,Unknown,Unknown,Unknown,Unknown,Unknown,Unknown,Unknown,17.10%,19.42%,21.31%,22.44%,23.21%,23.22%,22.83%,22.58%,24.88%,24.10%,24.65%,24.75%,24.83%,25.04%,25.56%,26.65%,27.10%,26.83%,27.04%,26.24%,26.08%,25.91%,26.65%,26.67%,26.21%,25.87%,25.58%,25.92%,26.00%,25.45%,25.51%,25.75%,24.22%,22.63%,22.68%,23.30%,24.06%,24.57%,thirdentrant,MarocTelecom(Moov),Etisalat,Totals,Totals,Notspecified,Totals,All,Standardised,Mobile/Connections–marketshare/total|Publicationdate:24September2024Basedonhistoricaldatauptoquarter2of2024|OperatormarketshareofallactivemobileconnectionsexcludingIoTthatishandsetandmobilebroadbandconnectionsonly.Activesubscribersarethosethathaveusedtheirmobileaccountinthepast3months.Connectionsmetricsrelatetotheend-of-periodfigure.OperatorNotes:ThisoperatorisclassifiedasMobile:thirdentrant.Operatorattribution:mobilesubscribersarecountedonanetworkorwholesalebasis(thatiswherecustomersofserviceproviderswithouttheirownnetworkinfrastructureareallocatedtothenetworkoperator(s)thatsupport(s)theirservice).(Totalmarketvaluesarethesameforconnectionsmetricsonaretailornetworkbasissincethedifferenceisonlyintheallocationofsubscriberstooperator.)
Mobile,Connections–marketshare,total,Total,Sub-SaharanAfrica,CôtedIvoire,Comium,%,,,Unknown,Unknown,9.31%,9.36%,10.43%,10.81%,8.44%,4.46%,4.22%,2.94%,0.00%,0.00%,0.00%,0.00%,0.00%,0.00%,0.00%,0.00%,,,,Unknown,,,,,,,,,,,,,,,,,,,,,,,,,,,,,,Unknown,Unknown,Unknown,Unknown,Unknown,Unknown,Unknown,Unknown,Unknown,Unknown,Unknown,Unknown,3.04%,3.44%,3.21%,2.94%,0.00%,0.00%,0.00%,0.00%,0.00%,0.00%,0.00%,0.00%,0.00%,0.00%,0.00%,0.00%,0.00%,0.00%,0.00%,0.00%,0.00%,0.00%,0.00%,0.00%,0.00%,0.00%,0.00%,0.00%,0.00%,0.00%,0.00%,0.00%,0.00%,0.00%,0.00%,0.00%,0.00%,0.00%,fourthentrant,Comium,Unknown,Totals,Totals,Notspecified,Totals,All,Standardised,Mobile/Connections–marketshare/total|Publicationdate:24September2024Basedonhistoricaldatauptoquarter2of2024|OperatormarketshareofallactivemobileconnectionsexcludingIoTthatishandsetandmobilebroadbandconnectionsonly.Activesubscribersarethosethathaveusedtheirmobileaccountinthepast3months.Connectionsmetricsrelatetotheend-of-periodfigure.OperatorNotes:ThisoperatorisclassifiedasMobile:fourthentrant.Operatorattribution:mobilesubscribersarecountedonanetworkorwholesalebasis(thatiswherecustomersofserviceproviderswithouttheirownnetworkinfrastructureareallocatedtothenetworkoperator(s)thatsupport(s)theirservice).(Totalmarketvaluesarethesameforconnectionsmetricsonaretailornetworkbasissincethedifferenceisonlyintheallocationofsubscriberstooperator.)
Mobile,Connections–marketshare,total,Total,Sub-SaharanAfrica,CôtedIvoire,GreenN,%,,,Unknown,Unknown,0.00%,6.79%,3.52%,2.27%,2.06%,1.58%,4.02%,1.49%,0.00%,0.00%,0.00%,0.00%,0.00%,0.00%,0.00%,0.00%,,,,Unknown,,,,,,,,,,,,,,,,,,,,,,,,,,,,,,Unknown,Unknown,Unknown,Unknown,Unknown,Unknown,Unknown,Unknown,Unknown,Unknown,Unknown,Unknown,3.68%,2.62%,2.02%,1.49%,0.00%,0.00%,0.00%,0.00%,0.00%,0.00%,0.00%,0.00%,0.00%,0.00%,0.00%,0.00%,0.00%,0.00%,0.00%,0.00%,0.00%,0.00%,0.00%,0.00%,0.00%,0.00%,0.00%,0.00%,0.00%,0.00%,0.00%,0.00%,0.00%,0.00%,0.00%,0.00%,0.00%,0.00%,laterentrant,GreenN,Unknown,Totals,Totals,Notspecified,Totals,All,Standardised,Mobile/Connections–marketshare/total|Publicationdate:24September2024Basedonhistoricaldatauptoquarter2of2024|OperatormarketshareofallactivemobileconnectionsexcludingIoTthatishandsetandmobilebroadbandconnectionsonly.Activesubscribersarethosethathaveusedtheirmobileaccountinthepast3months.Connectionsmetricsrelatetotheend-of-periodfigure.OperatorNotes:ThisoperatorisclassifiedasMobile:laterentrant.Operatorattribution:mobilesubscribersarecountedonanetworkorwholesalebasis(thatiswherecustomersofserviceproviderswithouttheirownnetworkinfrastructureareallocatedtothenetworkoperator(s)thatsupport(s)theirservice).(Totalmarketvaluesarethesameforconnectionsmetricsonaretailornetworkbasissincethedifferenceisonlyintheallocationofsubscriberstooperator.)
Mobile,Connections–marketshare,total,Total,Sub-SaharanAfrica,CôtedIvoire,Totalmarket,%,,,Unknown,Unknown,100.00%,100.00%,100.00%,100.00%,100.00%,100.00%,100.00%,100.00%,100.00%,100.00%,100.00%,100.00%,100.00%,100.00%,100.00%,100.00%,,,,Unknown,,,,,,,,,,,,,,,,,,,,,,,,,,,,,,Unknown,Unknown,Unknown,Unknown,Unknown,Unknown,Unknown,Unknown,Unknown,Unknown,Unknown,Unknown,100.00%,100.00%,100.00%,100.00%,100.00%,100.00%,100.00%,100.00%,100.00%,100.00%,100.00%,100.00%,100.00%,100.00%,100.00%,100.00%,100.00%,100.00%,100.00%,100.00%,100.00%,100.00%,100.00%,100.00%,100.00%,100.00%,100.00%,100.00%,100.00%,100.00%,100.00%,100.00%,100.00%,100.00%,100.00%,100.00%,100.00%,100.00%,Unknown,Unknown,Unknown,Totals,Totals,Notspecified,Totals,All,Standardised,Mobile/Connections–marketshare/total|Publicationdate:24September2024Basedonhistoricaldatauptoquarter2of2024|OperatormarketshareofallactivemobileconnectionsexcludingIoTthatishandsetandmobilebroadbandconnectionsonly.Activesubscribersarethosethathaveusedtheirmobileaccountinthepast3months.Connectionsmetricsrelatetotheend-of-periodfigure.Operatorattribution:mobilesubscribersarecountedonanetworkorwholesalebasis(thatiswherecustomersofserviceproviderswithouttheirownnetworkinfrastructureareallocatedtothenetworkoperator(s)thatsupport(s)theirservice).(Totalmarketvaluesarethesameforconnectionsmetricsonaretailornetworkbasissincethedifferenceisonlyintheallocationofsubscriberstooperator.)
Mobile,Connections–marketshare,total,Total,Sub-SaharanAfrica,Ghana,MTN,%,,,48.68%,52.81%,55.50%,51.47%,50.21%,48.81%,47.19%,47.12%,46.92%,48.75%,53.04%,54.67%,59.60%,62.99%,68.42%,69.40%,76.14%,82.28%,,,,Unknown,,,,,,,,,,,,,,,,,,,,,,,,,,,,,,Unknown,Unknown,Unknown,Unknown,Unknown,Unknown,Unknown,Unknown,Unknown,Unknown,Unknown,Unknown,47.00%,47.49%,48.28%,48.75%,50.00%,50.69%,51.09%,53.04%,53.12%,53.46%,53.42%,54.67%,55.66%,56.47%,58.26%,59.60%,60.15%,60.90%,62.06%,62.99%,64.75%,65.80%,67.56%,68.42%,68.26%,67.42%,67.23%,69.40%,71.52%,72.90%,75.17%,76.14%,76.04%,81.88%,80.88%,82.28%,83.60%,84.65%,thirdentrant,MTN,MTN,Totals,Totals,Notspecified,Totals,All,Standardised,Mobile/Connections–marketshare/total|Publicationdate:24September2024Basedonhistoricaldatauptoquarter2of2024|OperatormarketshareofallactivemobileconnectionsexcludingIoTthatishandsetandmobilebroadbandconnectionsonly.Activesubscribersarethosethathaveusedtheirmobileaccountinthepast3months.Connectionsmetricsrelatetotheend-of-periodfigure.OperatorNotes:ThisoperatorisclassifiedasMobile:thirdentrant.Operatorattribution:mobilesubscribersarecountedonanetworkorwholesalebasis(thatiswherecustomersofserviceproviderswithouttheirownnetworkinfrastructureareallocatedtothenetworkoperator(s)thatsupport(s)theirservice).(Totalmarketvaluesarethesameforconnectionsmetricsonaretailornetworkbasissincethedifferenceisonlyintheallocationofsubscriberstooperator.)
Mobile,Connections–marketshare,total,Total,Sub-SaharanAfrica,Ghana,Expresso,%,,,4.11%,3.80%,3.40%,1.75%,1.48%,0.98%,0.74%,0.55%,0.47%,0.46%,0.33%,0.08%,0.00%,0.00%,0.00%,0.00%,0.00%,0.00%,,,,Unknown,,,,,,,,,,,,,,,,,,,,,,,,,,,,,,Unknown,Unknown,Unknown,Unknown,Unknown,Unknown,Unknown,Unknown,Unknown,Unknown,Unknown,Unknown,0.49%,0.51%,0.50%,0.46%,0.40%,0.37%,0.37%,0.33%,0.14%,0.07%,0.07%,0.08%,0.00%,0.00%,0.00%,0.00%,0.00%,0.00%,0.00%,0.00%,0.00%,0.00%,0.00%,0.00%,0.00%,0.00%,0.00%,0.00%,0.00%,0.00%,0.00%,0.00%,0.00%,0.00%,0.00%,0.00%,0.00%,0.00%,secondentrant,Expresso,Unknown,Totals,Totals,Notspecified,Totals,All,Standardised,Mobile/Connections–marketshare/total|Publicationdate:24September2024Basedonhistoricaldatauptoquarter2of2024|OperatormarketshareofallactivemobileconnectionsexcludingIoTthatishandsetandmobilebroadbandconnectionsonly.Activesubscribersarethosethathaveusedtheirmobileaccountinthepast3months.Connectionsmetricsrelatetotheend-of-periodfigure.OperatorNotes:ThisoperatorisclassifiedasMobile:secondentrant.Operatorattribution:mobilesubscribersarecountedonanetworkorwholesalebasis(thatiswherecustomersofserviceproviderswithouttheirownnetworkinfrastructureareallocatedtothenetworkoperator(s)thatsupport(s)theirservice).(Totalmarketvaluesarethesameforconnectionsmetricsonaretailornetworkbasissincethedifferenceisonlyintheallocationofsubscriberstooperator.)
Mobile,Connections–marketshare,total,Total,Sub-SaharanAfrica,Ghana,Tigo,%,,,27.49%,26.60%,24.93%,20.73%,21.82%,18.53%,14.32%,15.39%,15.25%,14.96%,13.75%,0.00%,0.00%,0.00%,0.00%,0.00%,0.00%,0.00%,,,,Unknown,,,,,,,,,,,,,,,,,,,,,,,,,,,,,,Unknown,Unknown,Unknown,Unknown,Unknown,Unknown,Unknown,Unknown,Unknown,Unknown,Unknown,Unknown,15.51%,15.64%,15.22%,14.96%,14.37%,14.25%,14.42%,13.75%,13.74%,13.93%,13.52%,0.00%,0.00%,0.00%,0.00%,0.00%,0.00%,0.00%,0.00%,0.00%,0.00%,0.00%,0.00%,0.00%,0.00%,0.00%,0.00%,0.00%,0.00%,0.00%,0.00%,0.00%,0.00%,0.00%,0.00%,0.00%,0.00%,0.00%,firstentrant,Tigo,Unknown,Totals,Totals,Notspecified,Totals,All,Standardised,Mobile/Connections–marketshare/total|Publicationdate:24September2024Basedonhistoricaldatauptoquarter2of2024|OperatormarketshareofallactivemobileconnectionsexcludingIoTthatishandsetandmobilebroadbandconnectionsonly.Activesubscribersarethosethathaveusedtheirmobileaccountinthepast3months.Connectionsmetricsrelatetotheend-of-periodfigure.OperatorNotes:ThisoperatorisclassifiedasMobile:firstentrant.Operatorattribution:mobilesubscribersarecountedonanetworkorwholesalebasis(thatiswherecustomersofserviceproviderswithouttheirownnetworkinfrastructureareallocatedtothenetworkoperator(s)thatsupport(s)theirservice).(Totalmarketvaluesarethesameforconnectionsmetricsonaretailornetworkbasissincethedifferenceisonlyintheallocationofsubscriberstooperator.)
Mobile,Connections–marketshare,total,Total,Sub-SaharanAfrica,Ghana,TelecelGroup(Vodafone),%,,,19.71%,16.77%,13.83%,17.43%,15.83%,19.87%,19.82%,20.27%,21.35%,20.26%,20.39%,21.05%,21.67%,19.12%,15.56%,14.95%,13.24%,12.71%,,,,Unknown,,,,,,,,,,,,,,,,,,,,,,,,,,,,,,Unknown,Unknown,Unknown,Unknown,Unknown,Unknown,Unknown,Unknown,Unknown,Unknown,Unknown,Unknown,21.09%,20.71%,20.49%,20.26%,20.66%,20.80%,20.62%,20.39%,20.85%,20.94%,21.39%,21.05%,20.85%,21.21%,20.72%,21.67%,21.96%,21.21%,20.04%,19.12%,18.16%,17.32%,15.48%,15.56%,16.10%,16.86%,16.86%,14.95%,13.52%,12.69%,12.93%,13.24%,12.94%,12.26%,13.07%,12.71%,12.35%,12.15%,fourthentrant,TelecelGroup(Vodafone),Unknown,Totals,Totals,Notspecified,Totals,All,Standardised,Mobile/Connections–marketshare/total|Publicationdate:24September2024Basedonhistoricaldatauptoquarter2of2024|OperatormarketshareofallactivemobileconnectionsexcludingIoTthatishandsetandmobilebroadbandconnectionsonly.Activesubscribersarethosethathaveusedtheirmobileaccountinthepast3months.Connectionsmetricsrelatetotheend-of-periodfigure.OperatorNotes:ThisoperatorisclassifiedasMobile:fourthentrant.Operatorattribution:mobilesubscribersarecountedonanetworkorwholesalebasis(thatiswherecustomersofserviceproviderswithouttheirownnetworkinfrastructureareallocatedtothenetworkoperator(s)thatsupport(s)theirservice).(Totalmarketvaluesarethesameforconnectionsmetricsonaretailornetworkbasissincethedifferenceisonlyintheallocationofsubscriberstooperator.)
Mobile,Connections–marketshare,total,Total,Sub-SaharanAfrica,Ghana,Airtel,%,,,0.00%,0.00%,2.33%,8.59%,10.64%,11.78%,10.81%,10.38%,10.19%,10.47%,9.98%,0.00%,0.00%,0.00%,0.00%,0.00%,0.00%,0.00%,,,,Unknown,,,,,,,,,,,,,,,,,,,,,,,,,,,,,,Unknown,Unknown,Unknown,Unknown,Unknown,Unknown,Unknown,Unknown,Unknown,Unknown,Unknown,Unknown,10.06%,10.07%,10.22%,10.47%,10.68%,10.58%,10.47%,9.98%,9.38%,9.01%,8.84%,0.00%,0.00%,0.00%,0.00%,0.00%,0.00%,0.00%,0.00%,0.00%,0.00%,0.00%,0.00%,0.00%,0.00%,0.00%,0.00%,0.00%,0.00%,0.00%,0.00%,0.00%,0.00%,0.00%,0.00%,0.00%,0.00%,0.00%,laterentrant,Airtel,Unknown,Totals,Totals,Notspecified,Totals,All,Standardised,Mobile/Connections–marketshare/total|Publicationdate:24September2024Basedonhistoricaldatauptoquarter2of2024|OperatormarketshareofallactivemobileconnectionsexcludingIoTthatishandsetandmobilebroadbandconnectionsonly.Activesubscribersarethosethathaveusedtheirmobileaccountinthepast3months.Connectionsmetricsrelatetotheend-of-periodfigure.OperatorNotes:ThisoperatorisclassifiedasMobile:laterentrant.Operatorattribution:mobilesubscribersarecountedonanetworkorwholesalebasis(thatiswherecustomersofserviceproviderswithouttheirownnetworkinfrastructureareallocatedtothenetworkoperator(s)thatsupport(s)theirservice).(Totalmarketvaluesarethesameforconnectionsmetricsonaretailornetworkbasissincethedifferenceisonlyintheallocationofsubscriberstooperator.)
Mobile,Connections–marketshare,total,Total,Sub-SaharanAfrica,Ghana,Glo,%,,,0.00%,0.00%,0.00%,0.00%,0.00%,0.00%,7.08%,6.27%,5.78%,5.07%,2.48%,2.19%,2.47%,2.31%,2.19%,2.31%,0.82%,0.03%,,,,Unknown,,,,,,,,,,,,,,,,,,,,,,,,,,,,,,Unknown,Unknown,Unknown,Unknown,Unknown,Unknown,Unknown,Unknown,Unknown,Unknown,Unknown,Unknown,5.83%,5.55%,5.25%,5.07%,3.85%,3.27%,3.00%,2.48%,2.73%,2.57%,2.72%,2.19%,2.40%,2.53%,2.65%,2.47%,2.34%,2.32%,2.32%,2.31%,2.28%,2.28%,2.20%,2.19%,2.14%,2.20%,2.36%,2.31%,2.07%,2.60%,0.93%,0.82%,0.61%,0.33%,0.12%,0.03%,0.00%,0.00%,laterentrant,Glo,Unknown,Totals,Totals,Notspecified,Totals,All,Standardised,Mobile/Connections–marketshare/total|Publicationdate:24September2024Basedonhistoricaldatauptoquarter2of2024|OperatormarketshareofallactivemobileconnectionsexcludingIoTthatishandsetandmobilebroadbandconnectionsonly.Activesubscribersarethosethathaveusedtheirmobileaccountinthepast3months.Connectionsmetricsrelatetotheend-of-periodfigure.OperatorNotes:ThisoperatorisclassifiedasMobile:laterentrant.Operatorattribution:mobilesubscribersarecountedonanetworkorwholesalebasis(thatiswherecustomersofserviceproviderswithouttheirownnetworkinfrastructureareallocatedtothenetworkoperator(s)thatsupport(s)theirservice).(Totalmarketvaluesarethesameforconnectionsmetricsonaretailornetworkbasissincethedifferenceisonlyintheallocationofsubscriberstooperator.)
Mobile,Connections–marketshare,total,Total,Sub-SaharanAfrica,Ghana,AirtelTigo(AT),%,,,0.00%,0.00%,0.00%,0.00%,0.00%,0.00%,0.00%,0.00%,0.00%,0.00%,0.00%,22.00%,16.24%,15.56%,13.81%,13.31%,9.78%,4.96%,,,,Unknown,,,,,,,,,,,,,,,,,,,,,,,,,,,,,,Unknown,Unknown,Unknown,Unknown,Unknown,Unknown,Unknown,Unknown,Unknown,Unknown,Unknown,Unknown,0.00%,0.00%,0.00%,0.00%,0.00%,0.00%,0.00%,0.00%,0.00%,0.00%,0.00%,22.00%,21.06%,19.76%,18.35%,16.24%,15.54%,15.55%,15.56%,15.56%,14.80%,14.58%,14.75%,13.81%,13.48%,13.49%,13.54%,13.31%,12.86%,11.80%,10.95%,9.78%,10.39%,5.51%,5.92%,4.96%,4.03%,3.18%,laterentrant,AirtelTigo(AT),Unknown,Totals,Totals,Notspecified,Totals,All,Standardised,Mobile/Connections–marketshare/total|Publicationdate:24September2024Basedonhistoricaldatauptoquarter2of2024|OperatormarketshareofallactivemobileconnectionsexcludingIoTthatishandsetandmobilebroadbandconnectionsonly.Activesubscribersarethosethathaveusedtheirmobileaccountinthepast3months.Connectionsmetricsrelatetotheend-of-periodfigure.OperatorNotes:ThisoperatorisclassifiedasMobile:laterentrant.Operatorattribution:mobilesubscribersarecountedonanetworkorwholesalebasis(thatiswherecustomersofserviceproviderswithouttheirownnetworkinfrastructureareallocatedtothenetworkoperator(s)thatsupport(s)theirservice).(Totalmarketvaluesarethesameforconnectionsmetricsonaretailornetworkbasissincethedifferenceisonlyintheallocationofsubscriberstooperator.)
Mobile,Connections–marketshare,total,Total,Sub-SaharanAfrica,Ghana,Totalmarket,%,,,100.00%,100.00%,100.00%,100.00%,100.00%,100.00%,100.00%,100.00%,100.00%,100.00%,100.00%,100.00%,100.00%,100.00%,100.00%,100.00%,100.00%,100.00%,,,,Unknown,,,,,,,,,,,,,,,,,,,,,,,,,,,,,,Unknown,Unknown,Unknown,Unknown,Unknown,Unknown,Unknown,Unknown,Unknown,Unknown,Unknown,Unknown,100.00%,100.00%,100.00%,100.00%,100.00%,100.00%,100.00%,100.00%,100.00%,100.00%,100.00%,100.00%,100.00%,100.00%,100.00%,100.00%,100.00%,100.00%,100.00%,100.00%,100.00%,100.00%,100.00%,100.00%,100.00%,100.00%,100.00%,100.00%,100.00%,100.00%,100.00%,100.00%,100.00%,100.00%,100.00%,100.00%,100.00%,100.00%,Unknown,Unknown,Unknown,Totals,Totals,Notspecified,Totals,All,Standardised,Mobile/Connections–marketshare/total|Publicationdate:24September2024Basedonhistoricaldatauptoquarter2of2024|OperatormarketshareofallactivemobileconnectionsexcludingIoTthatishandsetandmobilebroadbandconnectionsonly.Activesubscribersarethosethathaveusedtheirmobileaccountinthepast3months.Connectionsmetricsrelatetotheend-of-periodfigure.Operatorattribution:mobilesubscribersarecountedonanetworkorwholesalebasis(thatiswherecustomersofserviceproviderswithouttheirownnetworkinfrastructureareallocatedtothenetworkoperator(s)thatsupport(s)theirservice).(Totalmarketvaluesarethesameforconnectionsmetricsonaretailornetworkbasissincethedifferenceisonlyintheallocationofsubscriberstooperator.)
Mobile,Connections–marketshare,total,Total,Sub-SaharanAfrica,Kenya,Safaricom,%,,,72.62%,81.46%,77.98%,78.23%,71.16%,72.33%,68.40%,71.13%,71.84%,71.19%,71.15%,69.18%,63.31%,64.63%,63.40%,65.88%,65.65%,68.02%,,,,Unknown,,,,,,,,,,,,,,,,,,,,,,,,,,,,,,Unknown,Unknown,Unknown,Unknown,Unknown,Unknown,Unknown,Unknown,Unknown,Unknown,Unknown,Unknown,71.84%,71.73%,71.20%,71.19%,70.82%,70.72%,69.70%,71.15%,72.02%,72.76%,72.03%,69.18%,67.12%,65.28%,64.27%,63.31%,62.42%,63.49%,64.91%,64.63%,64.35%,63.99%,63.58%,63.40%,64.40%,64.24%,64.63%,65.88%,65.69%,65.76%,65.98%,65.65%,67.29%,67.45%,67.70%,68.02%,67.70%,67.40%,firstentrant,Safaricom,Vodafone,Totals,Totals,Notspecified,Totals,All,Standardised,Mobile/Connections–marketshare/total|Publicationdate:24September2024Basedonhistoricaldatauptoquarter2of2024|OperatormarketshareofallactivemobileconnectionsexcludingIoTthatishandsetandmobilebroadbandconnectionsonly.Activesubscribersarethosethathaveusedtheirmobileaccountinthepast3months.Connectionsmetricsrelatetotheend-of-periodfigure.OperatorNotes:ThisoperatorisclassifiedasMobile:firstentrant.March2017:ownedbyVodafoneKenya(40%)whichisitselfownedbyVodafoneGroup(87.5%)Operatorattribution:mobilesubscribersarecountedonanetworkorwholesalebasis(thatiswherecustomersofserviceproviderswithouttheirownnetworkinfrastructureareallocatedtothenetworkoperator(s)thatsupport(s)theirservice).(Totalmarketvaluesarethesameforconnectionsmetricsonaretailornetworkbasissincethedifferenceisonlyintheallocationofsubscriberstooperator.)
Mobile,Connections–marketshare,total,Total,Sub-SaharanAfrica,Kenya,Airtel,%,,,27.37%,18.53%,18.96%,10.80%,15.92%,16.61%,18.42%,17.30%,24.19%,23.48%,21.40%,21.76%,27.57%,28.95%,30.06%,27.38%,29.14%,29.38%,,,,Unknown,,,,,,,,,,,,,,,,,,,,,,,,,,,,,,Unknown,Unknown,Unknown,Unknown,Unknown,Unknown,Unknown,Unknown,Unknown,Unknown,Unknown,Unknown,23.63%,23.36%,23.54%,23.48%,23.66%,23.46%,23.71%,21.40%,20.79%,20.02%,19.57%,21.76%,24.18%,25.87%,26.62%,27.57%,29.48%,28.21%,28.21%,28.95%,29.65%,29.74%,29.89%,30.06%,29.10%,29.22%,28.62%,27.38%,28.05%,28.51%,28.61%,29.14%,28.11%,28.29%,28.68%,29.38%,29.49%,29.60%,secondentrant,Airtel,Airtel,Totals,Totals,Notspecified,Totals,All,Standardised,Mobile/Connections–marketshare/total|Publicationdate:24September2024Basedonhistoricaldatauptoquarter2of2024|OperatormarketshareofallactivemobileconnectionsexcludingIoTthatishandsetandmobilebroadbandconnectionsonly.Activesubscribersarethosethathaveusedtheirmobileaccountinthepast3months.Connectionsmetricsrelatetotheend-of-periodfigure.OperatorNotes:ThisoperatorisclassifiedasMobile:secondentrant.Operatorattribution:mobilesubscribersarecountedonanetworkorwholesalebasis(thatiswherecustomersofserviceproviderswithouttheirownnetworkinfrastructureareallocatedtothenetworkoperator(s)thatsupport(s)theirservice).(Totalmarketvaluesarethesameforconnectionsmetricsonaretailornetworkbasissincethedifferenceisonlyintheallocationofsubscriberstooperator.)
Mobile,Connections–marketshare,total,Total,Sub-SaharanAfrica,Kenya,TelkomKenya,%,,,0.00%,0.00%,2.21%,3.93%,4.43%,3.23%,2.85%,3.18%,3.96%,5.32%,7.43%,9.03%,8.99%,6.20%,6.26%,6.36%,4.68%,1.88%,,,,Unknown,,,,,,,,,,,,,,,,,,,,,,,,,,,,,,Unknown,Unknown,Unknown,Unknown,Unknown,Unknown,Unknown,Unknown,Unknown,Unknown,Unknown,Unknown,4.52%,4.90%,5.24%,5.32%,5.50%,5.81%,6.58%,7.43%,7.18%,7.21%,8.39%,9.03%,8.63%,8.75%,8.99%,8.99%,7.94%,8.12%,6.68%,6.20%,5.76%,6.01%,6.27%,6.26%,6.20%,6.22%,6.41%,6.36%,5.85%,5.29%,4.94%,4.68%,4.04%,3.64%,2.96%,1.88%,2.04%,2.18%,thirdentrant,TelkomKenya,Unknown,Totals,Totals,Notspecified,Totals,All,Standardised,Mobile/Connections–marketshare/total|Publicationdate:24September2024Basedonhistoricaldatauptoquarter2of2024|OperatormarketshareofallactivemobileconnectionsexcludingIoTthatishandsetandmobilebroadbandconnectionsonly.Activesubscribersarethosethathaveusedtheirmobileaccountinthepast3months.Connectionsmetricsrelatetotheend-of-periodfigure.OperatorNotes:ThisoperatorisclassifiedasMobile:thirdentrant.Operatorattribution:mobilesubscribersarecountedonanetworkorwholesalebasis(thatiswherecustomersofserviceproviderswithouttheirownnetworkinfrastructureareallocatedtothenetworkoperator(s)thatsupport(s)theirservice).(Totalmarketvaluesarethesameforconnectionsmetricsonaretailornetworkbasissincethedifferenceisonlyintheallocationofsubscriberstooperator.)
Mobile,Connections–marketshare,total,Total,Sub-SaharanAfrica,Kenya,EssarTelecom(yu),%,,,0.00%,0.00%,0.83%,7.02%,8.47%,7.81%,10.31%,8.37%,0.00%,0.00%,0.00%,0.00%,0.00%,0.00%,0.00%,0.00%,0.00%,0.00%,,,,Unknown,,,,,,,,,,,,,,,,,,,,,,,,,,,,,,Unknown,Unknown,Unknown,Unknown,Unknown,Unknown,Unknown,Unknown,Unknown,Unknown,Unknown,Unknown,0.00%,0.00%,0.00%,0.00%,0.00%,0.00%,0.00%,0.00%,0.00%,0.00%,0.00%,0.00%,0.00%,0.00%,0.00%,0.00%,0.00%,0.00%,0.00%,0.00%,0.00%,0.00%,0.00%,0.00%,0.00%,0.00%,0.00%,0.00%,0.00%,0.00%,0.00%,0.00%,0.00%,0.00%,0.00%,0.00%,0.00%,0.00%,fourthentrant,EssarTelecom(yu),Unknown,Totals,Totals,Notspecified,Totals,All,Standardised,Mobile/Connections–marketshare/total|Publicationdate:24September2024Basedonhistoricaldatauptoquarter2of2024|OperatormarketshareofallactivemobileconnectionsexcludingIoTthatishandsetandmobilebroadbandconnectionsonly.Activesubscribersarethosethathaveusedtheirmobileaccountinthepast3months.Connectionsmetricsrelatetotheend-of-periodfigure.OperatorNotes:ThisoperatorisclassifiedasMobile:fourthentrant.Operatorattribution:mobilesubscribersarecountedonanetworkorwholesalebasis(thatiswherecustomersofserviceproviderswithouttheirownnetworkinfrastructureareallocatedtothenetworkoperator(s)thatsupport(s)theirservice).(Totalmarketvaluesarethesameforconnectionsmetricsonaretailornetworkbasissincethedifferenceisonlyintheallocationofsubscriberstooperator.)
Mobile,Connections–marketshare,total,Total,Sub-SaharanAfrica,Kenya,JamiiTelecommunications(Faiba),%,,,0.00%,0.00%,0.00%,0.00%,0.00%,0.00%,0.00%,0.00%,0.00%,0.00%,0.00%,0.01%,0.12%,0.20%,0.26%,0.36%,0.50%,0.70%,,,,Unknown,,,,,,,,,,,,,,,,,,,,,,,,,,,,,,Unknown,Unknown,Unknown,Unknown,Unknown,Unknown,Unknown,Unknown,Unknown,Unknown,Unknown,Unknown,0.00%,0.00%,0.00%,0.00%,0.00%,0.00%,0.00%,0.00%,0.00%,0.00%,0.00%,0.01%,0.05%,0.08%,0.10%,0.12%,0.14%,0.16%,0.18%,0.20%,0.22%,0.23%,0.24%,0.26%,0.28%,0.30%,0.33%,0.36%,0.39%,0.42%,0.45%,0.50%,0.54%,0.59%,0.64%,0.70%,0.75%,0.80%,laterentrant,JamiiTelecommunications(Faiba),Unknown,Totals,Totals,Notspecified,Totals,All,Standardised,Mobile/Connections–marketshare/total|Publicationdate:24September2024Basedonhistoricaldatauptoquarter2of2024|OperatormarketshareofallactivemobileconnectionsexcludingIoTthatishandsetandmobilebroadbandconnectionsonly.Activesubscribersarethosethathaveusedtheirmobileaccountinthepast3months.Connectionsmetricsrelatetotheend-of-periodfigure.OperatorNotes:ThisoperatorisclassifiedasMobile:laterentrant.Operatorattribution:mobilesubscribersarecountedonanetworkorwholesalebasis(thatiswherecustomersofserviceproviderswithouttheirownnetworkinfrastructureareallocatedtothenetworkoperator(s)thatsupport(s)theirservice).(Totalmarketvaluesarethesameforconnectionsmetricsonaretailornetworkbasissincethedifferenceisonlyintheallocationofsubscriberstooperator.)
Mobile,Connections–marketshare,total,Total,Sub-SaharanAfrica,Kenya,Totalmarket,%,,,100.00%,100.00%,100.00%,100.00%,100.00%,100.00%,100.00%,100.00%,100.00%,100.00%,100.00%,100.00%,100.00%,100.00%,100.00%,100.00%,100.00%,100.00%,,,,Unknown,,,,,,,,,,,,,,,,,,,,,,,,,,,,,,Unknown,Unknown,Unknown,Unknown,Unknown,Unknown,Unknown,Unknown,Unknown,Unknown,Unknown,Unknown,100.00%,100.00%,100.00%,100.00%,100.00%,100.00%,100.00%,100.00%,100.00%,100.00%,100.00%,100.00%,100.00%,100.00%,100.00%,100.00%,100.00%,100.00%,100.00%,100.00%,100.00%,100.00%,100.00%,100.00%,100.00%,100.00%,100.00%,100.00%,100.00%,100.00%,100.00%,100.00%,100.00%,100.00%,100.00%,100.00%,100.00%,100.00%,Unknown,Unknown,Unknown,Totals,Totals,Notspecified,Totals,All,Standardised,Mobile/Connections–marketshare/total|Publicationdate:24September2024Basedonhistoricaldatauptoquarter2of2024|OperatormarketshareofallactivemobileconnectionsexcludingIoTthatishandsetandmobilebroadbandconnectionsonly.Activesubscribersarethosethathaveusedtheirmobileaccountinthepast3months.Connectionsmetricsrelatetotheend-of-periodfigure.Operatorattribution:mobilesubscribersarecountedonanetworkorwholesalebasis(thatiswherecustomersofserviceproviderswithouttheirownnetworkinfrastructureareallocatedtothenetworkoperator(s)thatsupport(s)theirservice).(Totalmarketvaluesarethesameforconnectionsmetricsonaretailornetworkbasissincethedifferenceisonlyintheallocationofsubscriberstooperator.)
Mobile,Connections–marketshare,total,Total,Sub-SaharanAfrica,Nigeria,MTN,%,,,43.86%,40.87%,36.63%,42.17%,43.80%,43.01%,41.11%,42.62%,40.42%,37.43%,36.42%,36.02%,35.52%,35.70%,38.22%,35.99%,36.17%,36.67%,,,,Unknown,,,,,,,,,,,,,,,,,,,,,,,,,,,,,,Unknown,Unknown,Unknown,Unknown,Unknown,Unknown,Unknown,Unknown,Unknown,Unknown,Unknown,Unknown,39.71%,39.30%,38.47%,37.43%,35.20%,35.87%,35.97%,36.42%,35.91%,35.37%,35.93%,36.02%,36.52%,36.44%,36.42%,35.52%,35.69%,36.11%,35.01%,35.70%,37.20%,37.69%,37.98%,38.22%,38.05%,37.69%,36.56%,35.99%,36.09%,36.81%,36.14%,36.17%,36.32%,36.30%,36.37%,36.67%,36.14%,36.60%,firstentrant,MTN,MTN,Totals,Totals,Notspecified,Totals,All,Standardised,Mobile/Connections–marketshare/total|Publicationdate:24September2024Basedonhistoricaldatauptoquarter2of2024|OperatormarketshareofallactivemobileconnectionsexcludingIoTthatishandsetandmobilebroadbandconnectionsonly.Activesubscribersarethosethathaveusedtheirmobileaccountinthepast3months.Connectionsmetricsrelatetotheend-of-periodfigure.OperatorNotes:ThisoperatorisclassifiedasMobile:firstentrant.Operatorattribution:mobilesubscribersarecountedonanetworkorwholesalebasis(thatiswherecustomersofserviceproviderswithouttheirownnetworkinfrastructureareallocatedtothenetworkoperator(s)thatsupport(s)theirservice).(Totalmarketvaluesarethesameforconnectionsmetricsonaretailornetworkbasissincethedifferenceisonlyintheallocationofsubscriberstooperator.)
Mobile,Connections–marketshare,total,Total,Sub-SaharanAfrica,Nigeria,Airtel,%,,,22.84%,27.47%,27.30%,20.21%,18.39%,19.28%,20.92%,20.33%,20.73%,22.48%,23.37%,25.65%,26.97%,27.86%,27.78%,28.34%,28.72%,28.46%,,,,Unknown,,,,,,,,,,,,,,,,,,,,,,,,,,,,,,Unknown,Unknown,Unknown,Unknown,Unknown,Unknown,Unknown,Unknown,Unknown,Unknown,Unknown,Unknown,20.88%,20.86%,21.73%,22.48%,23.83%,22.42%,22.60%,23.37%,24.09%,24.47%,24.73%,25.65%,26.09%,26.35%,26.85%,26.97%,26.79%,26.97%,27.78%,27.86%,27.86%,27.81%,27.97%,27.78%,26.81%,27.70%,27.62%,28.34%,28.47%,28.86%,28.49%,28.72%,28.55%,28.33%,28.23%,28.46%,29.45%,29.61%,firstentrant,Airtel,Airtel,Totals,Totals,Notspecified,Totals,All,Standardised,Mobile/Connections–marketshare/total|Publicationdate:24September2024Basedonhistoricaldatauptoquarter2of2024|OperatormarketshareofallactivemobileconnectionsexcludingIoTthatishandsetandmobilebroadbandconnectionsonly.Activesubscribersarethosethathaveusedtheirmobileaccountinthepast3months.Connectionsmetricsrelatetotheend-of-periodfigure.OperatorNotes:ThisoperatorisclassifiedasMobile:firstentrant.Operatorattribution:mobilesubscribersarecountedonanetworkorwholesalebasis(thatiswherecustomersofserviceproviderswithouttheirownnetworkinfrastructureareallocatedtothenetworkoperator(s)thatsupport(s)theirservice).(Totalmarketvaluesarethesameforconnectionsmetricsonaretailornetworkbasissincethedifferenceisonlyintheallocationofsubscriberstooperator.)
Mobile,Connections–marketshare,total,Total,Sub-SaharanAfrica,Nigeria,Globacom,%,,,30.00%,28.00%,26.00%,24.00%,22.80%,21.27%,21.86%,21.22%,21.23%,22.99%,25.59%,26.30%,27.62%,28.69%,27.38%,28.81%,28.83%,28.35%,,,,Unknown,,,,,,,,,,,,,,,,,,,,,,,,,,,,,,Unknown,Unknown,Unknown,Unknown,Unknown,Unknown,Unknown,Unknown,Unknown,Unknown,Unknown,Unknown,21.54%,22.05%,21.85%,22.99%,24.49%,25.46%,25.49%,25.59%,25.95%,26.83%,26.67%,26.30%,26.15%,26.49%,26.55%,27.62%,27.37%,27.36%,27.96%,28.69%,28.16%,27.87%,27.46%,27.38%,28.16%,27.41%,28.65%,28.81%,28.73%,27.91%,28.97%,28.83%,28.77%,28.86%,28.78%,28.35%,28.90%,28.94%,thirdentrant,Globacom,Unknown,Totals,Totals,Notspecified,Totals,All,Standardised,Mobile/Connections–marketshare/total|Publicationdate:24September2024Basedonhistoricaldatauptoquarter2of2024|OperatormarketshareofallactivemobileconnectionsexcludingIoTthatishandsetandmobilebroadbandconnectionsonly.Activesubscribersarethosethathaveusedtheirmobileaccountinthepast3months.Connectionsmetricsrelatetotheend-of-periodfigure.OperatorNotes:ThisoperatorisclassifiedasMobile:thirdentrant.Operatorattribution:mobilesubscribersarecountedonanetworkorwholesalebasis(thatiswherecustomersofserviceproviderswithouttheirownnetworkinfrastructureareallocatedtothenetworkoperator(s)thatsupport(s)theirservice).(Totalmarketvaluesarethesameforconnectionsmetricsonaretailornetworkbasissincethedifferenceisonlyintheallocationofsubscriberstooperator.)
Mobile,Connections–marketshare,total,Total,Sub-SaharanAfrica,Nigeria,9Mobile,%,,,0.00%,0.00%,0.50%,4.00%,7.89%,11.50%,13.51%,13.94%,15.88%,15.44%,14.25%,11.68%,9.71%,7.57%,6.48%,6.72%,6.14%,6.41%,,,,Unknown,,,,,,,,,,,,,,,,,,,,,,,,,,,,,,Unknown,Unknown,Unknown,Unknown,Unknown,Unknown,Unknown,Unknown,Unknown,Unknown,Unknown,Unknown,16.19%,16.12%,16.39%,15.44%,15.48%,15.75%,15.54%,14.25%,13.64%,12.92%,12.28%,11.68%,10.93%,10.44%,9.98%,9.71%,9.97%,9.37%,9.07%,7.57%,6.58%,6.42%,6.44%,6.48%,6.83%,7.05%,7.02%,6.72%,6.56%,6.28%,6.26%,6.14%,6.22%,6.39%,6.44%,6.41%,5.41%,4.75%,fourthentrant,9Mobile,Unknown,Totals,Totals,Notspecified,Totals,All,Standardised,Mobile/Connections–marketshare/total|Publicationdate:24September2024Basedonhistoricaldatauptoquarter2of2024|OperatormarketshareofallactivemobileconnectionsexcludingIoTthatishandsetandmobilebroadbandconnectionsonly.Activesubscribersarethosethathaveusedtheirmobileaccountinthepast3months.Connectionsmetricsrelatetotheend-of-periodfigure.OperatorNotes:ThisoperatorisclassifiedasMobile:fourthentrant.Operatorattribution:mobilesubscribersarecountedonanetworkorwholesalebasis(thatiswherecustomersofserviceproviderswithouttheirownnetworkinfrastructureareallocatedtothenetworkoperator(s)thatsupport(s)theirservice).(Totalmarketvaluesarethesameforconnectionsmetricsonaretailornetworkbasissincethedifferenceisonlyintheallocationofsubscriberstooperator.)
Mobile,Connections–marketshare,total,Total,Sub-SaharanAfrica,Nigeria,otheroperators,%,,,3.29%,3.65%,9.56%,9.61%,7.09%,4.92%,2.57%,1.87%,1.72%,1.63%,0.35%,0.32%,0.15%,0.16%,0.13%,0.12%,0.11%,0.08%,,,,Unknown,,,,,,,,,,,,,,,,,,,,,,,,,,,,,,Unknown,Unknown,Unknown,Unknown,Unknown,Unknown,Unknown,Unknown,Unknown,Unknown,Unknown,Unknown,1.65%,1.64%,1.53%,1.63%,0.98%,0.48%,0.37%,0.35%,0.37%,0.38%,0.36%,0.32%,0.29%,0.26%,0.18%,0.15%,0.15%,0.16%,0.16%,0.16%,0.17%,0.19%,0.13%,0.13%,0.12%,0.12%,0.12%,0.12%,0.12%,0.13%,0.12%,0.11%,0.11%,0.10%,0.14%,0.08%,0.08%,0.07%,Unknown,Unknown,Unknown,Totals,Totals,Notspecified,Totals,All,Standardised,Mobile/Connections–marketshare/total|Publicationdate:24September2024Basedonhistoricaldatauptoquarter2of2024|OperatormarketshareofallactivemobileconnectionsexcludingIoTthatishandsetandmobilebroadbandconnectionsonly.Activesubscribersarethosethathaveusedtheirmobileaccountinthepast3months.Connectionsmetricsrelatetotheend-of-periodfigure.OperatorNotes:ThisoperatorisclassifiedasMobile:n/a.Operatorattribution:mobilesubscribersarecountedonanetworkorwholesalebasis(thatiswherecustomersofserviceproviderswithouttheirownnetworkinfrastructureareallocatedtothenetworkoperator(s)thatsupport(s)theirservice).(Totalmarketvaluesarethesameforconnectionsmetricsonaretailornetworkbasissincethedifferenceisonlyintheallocationofsubscriberstooperator.)
Mobile,Connections–marketshare,total,Total,Sub-SaharanAfrica,Nigeria,Totalmarket,%,,,100.00%,100.00%,100.00%,100.00%,100.00%,100.00%,100.00%,100.00%,100.00%,100.00%,100.00%,100.00%,100.00%,100.00%,100.00%,100.00%,100.00%,100.00%,,,,Unknown,,,,,,,,,,,,,,,,,,,,,,,,,,,,,,Unknown,Unknown,Unknown,Unknown,Unknown,Unknown,Unknown,Unknown,Unknown,Unknown,Unknown,Unknown,100.00%,100.00%,100.00%,100.00%,100.00%,100.00%,100.00%,100.00%,100.00%,100.00%,100.00%,100.00%,100.00%,100.00%,100.00%,100.00%,100.00%,100.00%,100.00%,100.00%,100.00%,100.00%,100.00%,100.00%,100.00%,100.00%,100.00%,100.00%,100.00%,100.00%,100.00%,100.00%,100.00%,100.00%,100.00%,100.00%,100.00%,100.00%,Unknown,Unknown,Unknown,Totals,Totals,Notspecified,Totals,All,Standardised,Mobile/Connections–marketshare/total|Publicationdate:24September2024Basedonhistoricaldatauptoquarter2of2024|OperatormarketshareofallactivemobileconnectionsexcludingIoTthatishandsetandmobilebroadbandconnectionsonly.Activesubscribersarethosethathaveusedtheirmobileaccountinthepast3months.Connectionsmetricsrelatetotheend-of-periodfigure.Operatorattribution:mobilesubscribersarecountedonanetworkorwholesalebasis(thatiswherecustomersofserviceproviderswithouttheirownnetworkinfrastructureareallocatedtothenetworkoperator(s)thatsupport(s)theirservice).(Totalmarketvaluesarethesameforconnectionsmetricsonaretailornetworkbasissincethedifferenceisonlyintheallocationofsubscriberstooperator.)
Mobile,Connections–marketshare,total,Total,Sub-SaharanAfrica,Rwanda,MTN,%,,,Unknown,100.00%,85.06%,82.71%,73.96%,69.58%,66.87%,52.93%,48.35%,45.05%,42.71%,43.29%,47.01%,54.83%,59.96%,61.97%,63.52%,59.85%,,,,Unknown,,,,,,,,,,,,,,,,,,,,,,,,,,,,,,Unknown,Unknown,Unknown,Unknown,Unknown,Unknown,Unknown,Unknown,Unknown,Unknown,Unknown,Unknown,48.14%,47.11%,45.50%,45.05%,43.61%,42.33%,43.43%,42.71%,43.44%,44.13%,44.10%,43.29%,43.90%,45.47%,47.83%,47.01%,50.48%,52.89%,53.33%,54.83%,54.17%,57.68%,58.97%,59.96%,60.53%,61.52%,61.21%,61.97%,63.51%,64.42%,64.39%,63.52%,62.37%,60.97%,59.97%,59.85%,59.39%,58.80%,firstentrant,MTN,MTN,Totals,Totals,Notspecified,Totals,All,Standardised,Mobile/Connections–marketshare/total|Publicationdate:24September2024Basedonhistoricaldatauptoquarter2of2024|OperatormarketshareofallactivemobileconnectionsexcludingIoTthatishandsetandmobilebroadbandconnectionsonly.Activesubscribersarethosethathaveusedtheirmobileaccountinthepast3months.Connectionsmetricsrelatetotheend-of-periodfigure.OperatorNotes:ThisoperatorisclassifiedasMobile:firstentrant.Operatorattribution:mobilesubscribersarecountedonanetworkorwholesalebasis(thatiswherecustomersofserviceproviderswithouttheirownnetworkinfrastructureareallocatedtothenetworkoperator(s)thatsupport(s)theirservice).(Totalmarketvaluesarethesameforconnectionsmetricsonaretailornetworkbasissincethedifferenceisonlyintheallocationofsubscriberstooperator.)
Mobile,Connections–marketshare,total,Total,Sub-SaharanAfrica,Rwanda,MillicomRwanda(Tigo),%,,,Unknown,0.00%,0.00%,3.46%,16.70%,30.41%,24.94%,31.50%,35.27%,34.86%,36.96%,35.97%,0.00%,0.00%,0.00%,0.00%,0.00%,0.00%,,,,Unknown,,,,,,,,,,,,,,,,,,,,,,,,,,,,,,Unknown,Unknown,Unknown,Unknown,Unknown,Unknown,Unknown,Unknown,Unknown,Unknown,Unknown,Unknown,34.65%,34.76%,34.77%,34.86%,34.99%,34.58%,36.46%,36.96%,36.41%,35.91%,35.81%,35.97%,35.63%,35.46%,34.54%,0.00%,0.00%,0.00%,0.00%,0.00%,0.00%,0.00%,0.00%,0.00%,0.00%,0.00%,0.00%,0.00%,0.00%,0.00%,0.00%,0.00%,0.00%,0.00%,0.00%,0.00%,0.00%,0.00%,thirdentrant,MillicomRwanda(Tigo),Unknown,Totals,Totals,Notspecified,Totals,All,Standardised,Mobile/Connections–marketshare/total|Publicationdate:24September2024Basedonhistoricaldatauptoquarter2of2024|OperatormarketshareofallactivemobileconnectionsexcludingIoTthatishandsetandmobilebroadbandconnectionsonly.Activesubscribersarethosethathaveusedtheirmobileaccountinthepast3months.Connectionsmetricsrelatetotheend-of-periodfigure.OperatorNotes:ThisoperatorisclassifiedasMobile:thirdentrant.Operatorattribution:mobilesubscribersarecountedonanetworkorwholesalebasis(thatiswherecustomersofserviceproviderswithouttheirownnetworkinfrastructureareallocatedtothenetworkoperator(s)thatsupport(s)theirservice).(Totalmarketvaluesarethesameforconnectionsmetricsonaretailornetworkbasissincethedifferenceisonlyintheallocationofsubscriberstooperator.)
Mobile,Connections–marketshare,total,Total,Sub-SaharanAfrica,Rwanda,AirtelRwanda,%,,,Unknown,0.00%,0.00%,0.00%,0.00%,0.00%,8.18%,15.56%,16.36%,20.07%,20.31%,20.73%,52.98%,45.16%,40.03%,38.02%,36.47%,40.14%,,,,Unknown,,,,,,,,,,,,,,,,,,,,,,,,,,,,,,Unknown,Unknown,Unknown,Unknown,Unknown,Unknown,Unknown,Unknown,Unknown,Unknown,Unknown,Unknown,17.19%,18.11%,19.72%,20.07%,21.38%,23.07%,20.10%,20.31%,20.14%,19.94%,20.08%,20.73%,20.45%,19.06%,17.62%,52.98%,49.51%,47.10%,46.66%,45.16%,45.82%,42.31%,41.02%,40.03%,39.46%,38.47%,38.78%,38.02%,36.48%,35.57%,35.60%,36.47%,37.62%,39.02%,40.02%,40.14%,40.60%,41.19%,fourthentrant,AirtelRwanda,Airtel,Totals,Totals,Notspecified,Totals,All,Standardised,Mobile/Connections–marketshare/total|Publicationdate:24September2024Basedonhistoricaldatauptoquarter2of2024|OperatormarketshareofallactivemobileconnectionsexcludingIoTthatishandsetandmobilebroadbandconnectionsonly.Activesubscribersarethosethathaveusedtheirmobileaccountinthepast3months.Connectionsmetricsrelatetotheend-of-periodfigure.OperatorNotes:ThisoperatorisclassifiedasMobile:fourthentrant.Operatorattribution:mobilesubscribersarecountedonanetworkorwholesalebasis(thatiswherecustomersofserviceproviderswithouttheirownnetworkinfrastructureareallocatedtothenetworkoperator(s)thatsupport(s)theirservice).(Totalmarketvaluesarethesameforconnectionsmetricsonaretailornetworkbasissincethedifferenceisonlyintheallocationofsubscriberstooperator.)
Mobile,Connections–marketshare,total,Total,Sub-SaharanAfrica,Rwanda,RwandaTel,%,,,Unknown,0.00%,14.93%,13.82%,9.32%,0.00%,0.00%,0.00%,0.00%,0.00%,0.00%,0.00%,0.00%,0.00%,0.00%,0.00%,0.00%,0.00%,,,,Unknown,,,,,,,,,,,,,,,,,,,,,,,,,,,,,,Unknown,Unknown,Unknown,Unknown,Unknown,Unknown,Unknown,Unknown,Unknown,Unknown,Unknown,Unknown,0.00%,0.00%,0.00%,0.00%,0.00%,0.00%,0.00%,0.00%,0.00%,0.00%,0.00%,0.00%,0.00%,0.00%,0.00%,0.00%,0.00%,0.00%,0.00%,0.00%,0.00%,0.00%,0.00%,0.00%,0.00%,0.00%,0.00%,0.00%,0.00%,0.00%,0.00%,0.00%,0.00%,0.00%,0.00%,0.00%,0.00%,0.00%,secondentrant,RwandaTel,Unknown,Totals,Totals,Notspecified,Totals,All,Standardised,Mobile/Connections–marketshare/total|Publicationdate:24September2024Basedonhistoricaldatauptoquarter2of2024|OperatormarketshareofallactivemobileconnectionsexcludingIoTthatishandsetandmobilebroadbandconnectionsonly.Activesubscribersarethosethathaveusedtheirmobileaccountinthepast3months.Connectionsmetricsrelatetotheend-of-periodfigure.OperatorNotes:ThisoperatorisclassifiedasMobile:secondentrant.Operatorattribution:mobilesubscribersarecountedonanetworkorwholesalebasis(thatiswherecustomersofserviceproviderswithouttheirownnetworkinfrastructureareallocatedtothenetworkoperator(s)thatsupport(s)theirservice).(Totalmarketvaluesarethesameforconnectionsmetricsonaretailornetworkbasissincethedifferenceisonlyintheallocationofsubscriberstooperator.)
Mobile,Connections–marketshare,total,Total,Sub-SaharanAfrica,Rwanda,Totalmarket,%,,,Unknown,100.00%,100.00%,100.00%,100.00%,100.00%,100.00%,100.00%,100.00%,100.00%,100.00%,100.00%,100.00%,100.00%,100.00%,100.00%,100.00%,100.00%,,,,Unknown,,,,,,,,,,,,,,,,,,,,,,,,,,,,,,Unknown,Unknown,Unknown,Unknown,Unknown,Unknown,Unknown,Unknown,Unknown,Unknown,Unknown,Unknown,100.00%,100.00%,100.00%,100.00%,100.00%,100.00%,100.00%,100.00%,100.00%,100.00%,100.00%,100.00%,100.00%,100.00%,100.00%,100.00%,100.00%,100.00%,100.00%,100.00%,100.00%,100.00%,100.00%,100.00%,100.00%,100.00%,100.00%,100.00%,100.00%,100.00%,100.00%,100.00%,100.00%,100.00%,100.00%,100.00%,100.00%,100.00%,Unknown,Unknown,Unknown,Totals,Totals,Notspecified,Totals,All,Standardised,Mobile/Connections–marketshare/total|Publicationdate:24September2024Basedonhistoricaldatauptoquarter2of2024|OperatormarketshareofallactivemobileconnectionsexcludingIoTthatishandsetandmobilebroadbandconnectionsonly.Activesubscribersarethosethathaveusedtheirmobileaccountinthepast3months.Connectionsmetricsrelatetotheend-of-periodfigure.Operatorattribution:mobilesubscribersarecountedonanetworkorwholesalebasis(thatiswherecustomersofserviceproviderswithouttheirownnetworkinfrastructureareallocatedtothenetworkoperator(s)thatsupport(s)theirservice).(Totalmarketvaluesarethesameforconnectionsmetricsonaretailornetworkbasissincethedifferenceisonlyintheallocationofsubscriberstooperator.)
Mobile,Connections–marketshare,total,Total,Sub-SaharanAfrica,SouthAfrica,Vodacom,%,,,56.61%,53.77%,52.25%,52.14%,46.29%,45.96%,45.30%,44.28%,40.15%,41.66%,42.29%,45.11%,43.84%,44.76%,42.82%,41.46%,39.64%,43.48%,,,,Unknown,,,,,,,,,,,,,,,,,,,,,,,,,,,,,,Unknown,Unknown,Unknown,Unknown,Unknown,Unknown,Unknown,Unknown,Unknown,Unknown,Unknown,Unknown,40.56%,41.35%,41.81%,41.66%,42.32%,42.11%,43.10%,42.29%,42.72%,43.47%,43.80%,45.11%,44.71%,45.02%,45.53%,43.84%,43.47%,44.04%,44.18%,44.76%,43.47%,42.44%,43.04%,42.82%,42.20%,42.08%,41.97%,41.46%,41.39%,40.68%,40.41%,39.64%,39.71%,40.02%,41.65%,43.48%,43.87%,42.12%,firstentrant,Vodacom,Vodafone,Totals,Totals,Notspecified,Totals,All,Standardised,Mobile/Connections–marketshare/total|Publicationdate:24September2024Basedonhistoricaldatauptoquarter2of2024|OperatormarketshareofallactivemobileconnectionsexcludingIoTthatishandsetandmobilebroadbandconnectionsonly.Activesubscribersarethosethathaveusedtheirmobileaccountinthepast3months.Connectionsmetricsrelatetotheend-of-periodfigure.OperatorNotes:ThisoperatorisclassifiedasMobile:firstentrant.Operatorattribution:mobilesubscribersarecountedonanetworkorwholesalebasis(thatiswherecustomersofserviceproviderswithouttheirownnetworkinfrastructureareallocatedtothenetworkoperator(s)thatsupport(s)theirservice).(Totalmarketvaluesarethesameforconnectionsmetricsonaretailornetworkbasissincethedifferenceisonlyintheallocationofsubscriberstooperator.)
Mobile,Connections–marketshare,total,Total,Sub-SaharanAfrica,SouthAfrica,MTN,%,,,37.31%,37.60%,38.24%,35.06%,39.05%,38.25%,39.14%,36.75%,35.82%,37.36%,35.74%,32.01%,31.19%,29.16%,31.01%,31.70%,32.42%,31.75%,,,,Unknown,,,,,,,,,,,,,,,,,,,,,,,,,,,,,,Unknown,Unknown,Unknown,Unknown,Unknown,Unknown,Unknown,Unknown,Unknown,Unknown,Unknown,Unknown,35.31%,35.38%,36.03%,37.36%,37.23%,37.21%,35.84%,35.74%,34.78%,34.46%,33.84%,32.01%,32.00%,31.52%,30.44%,31.19%,30.22%,29.42%,29.16%,29.16%,30.48%,31.29%,31.02%,31.01%,30.85%,30.82%,30.97%,31.70%,31.42%,31.89%,31.86%,32.42%,32.25%,32.81%,32.43%,31.75%,31.50%,33.08%,firstentrant,MTN,MTN,Totals,Totals,Notspecified,Totals,All,Standardised,Mobile/Connections–marketshare/total|Publicationdate:24September2024Basedonhistoricaldatauptoquarter2of2024|OperatormarketshareofallactivemobileconnectionsexcludingIoTthatishandsetandmobilebroadbandconnectionsonly.Activesubscribersarethosethathaveusedtheirmobileaccountinthepast3months.Connectionsmetricsrelatetotheend-of-periodfigure.OperatorNotes:ThisoperatorisclassifiedasMobile:firstentrant.Operatorattribution:mobilesubscribersarecountedonanetworkorwholesalebasis(thatiswherecustomersofserviceproviderswithouttheirownnetworkinfrastructureareallocatedtothenetworkoperator(s)thatsupport(s)theirservice).(Totalmarketvaluesarethesameforconnectionsmetricsonaretailornetworkbasissincethedifferenceisonlyintheallocationofsubscriberstooperator.)
Mobile,Connections–marketshare,total,Total,Sub-SaharanAfrica,SouthAfrica,CellC,%,,,6.06%,8.62%,9.50%,12.79%,14.44%,13.50%,13.21%,16.53%,21.32%,17.83%,17.77%,17.67%,16.83%,14.15%,11.78%,11.32%,11.25%,8.54%,,,,Unknown,,,,,,,,,,,,,,,,,,,,,,,,,,,,,,Unknown,Unknown,Unknown,Unknown,Unknown,Unknown,Unknown,Unknown,Unknown,Unknown,Unknown,Unknown,21.36%,20.50%,19.35%,17.83%,17.09%,16.97%,17.16%,17.77%,17.89%,17.44%,17.57%,17.67%,17.68%,17.30%,17.24%,16.83%,16.52%,15.83%,15.03%,14.15%,13.36%,12.25%,11.88%,11.78%,11.86%,11.76%,11.57%,11.32%,11.24%,11.11%,11.15%,11.25%,11.01%,10.19%,9.11%,8.54%,8.33%,8.21%,thirdentrant,CellC,Unknown,Totals,Totals,Notspecified,Totals,All,Standardised,Mobile/Connections–marketshare/total|Publicationdate:24September2024Basedonhistoricaldatauptoquarter2of2024|OperatormarketshareofallactivemobileconnectionsexcludingIoTthatishandsetandmobilebroadbandconnectionsonly.Activesubscribersarethosethathaveusedtheirmobileaccountinthepast3months.Connectionsmetricsrelatetotheend-of-periodfigure.OperatorNotes:ThisoperatorisclassifiedasMobile:thirdentrant.Operatorattribution:mobilesubscribersarecountedonanetworkorwholesalebasis(thatiswherecustomersofserviceproviderswithouttheirownnetworkinfrastructureareallocatedtothenetworkoperator(s)thatsupport(s)theirservice).(Totalmarketvaluesarethesameforconnectionsmetricsonaretailornetworkbasissincethedifferenceisonlyintheallocationofsubscriberstooperator.)
Mobile,Connections–marketshare,total,Total,Sub-SaharanAfrica,SouthAfrica,Telkom,%,,,0.00%,0.00%,0.00%,0.00%,0.20%,2.27%,2.33%,2.43%,2.69%,3.13%,4.18%,5.19%,8.11%,11.86%,14.01%,15.03%,16.10%,15.52%,,,,Unknown,,,,,,,,,,,,,,,,,,,,,,,,,,,,,,Unknown,Unknown,Unknown,Unknown,Unknown,Unknown,Unknown,Unknown,Unknown,Unknown,Unknown,Unknown,2.76%,2.75%,2.79%,3.13%,3.35%,3.69%,3.88%,4.18%,4.60%,4.61%,4.77%,5.19%,5.59%,6.13%,6.76%,8.11%,9.74%,10.65%,11.58%,11.86%,12.62%,13.82%,13.74%,14.01%,14.68%,14.90%,15.02%,15.03%,15.42%,15.77%,16.00%,16.10%,16.39%,16.32%,16.12%,15.52%,15.55%,15.75%,fourthentrant,Telkom,Unknown,Totals,Totals,Notspecified,Totals,All,Standardised,Mobile/Connections–marketshare/total|Publicationdate:24September2024Basedonhistoricaldatauptoquarter2of2024|OperatormarketshareofallactivemobileconnectionsexcludingIoTthatishandsetandmobilebroadbandconnectionsonly.Activesubscribersarethosethathaveusedtheirmobileaccountinthepast3months.Connectionsmetricsrelatetotheend-of-periodfigure.OperatorNotes:ThisoperatorisclassifiedasMobile:fourthentrant.Operatorattribution:mobilesubscribersarecountedonanetworkorwholesalebasis(thatiswherecustomersofserviceproviderswithouttheirownnetworkinfrastructureareallocatedtothenetworkoperator(s)thatsupport(s)theirservice).(Totalmarketvaluesarethesameforconnectionsmetricsonaretailornetworkbasissincethedifferenceisonlyintheallocationofsubscriberstooperator.)
Mobile,Connections–marketshare,total,Total,Sub-SaharanAfrica,SouthAfrica,Rain,%,,,0.00%,0.00%,0.00%,0.00%,0.00%,0.00%,0.00%,0.00%,0.00%,0.00%,0.00%,0.00%,0.01%,0.04%,0.35%,0.47%,0.57%,0.68%,,,,Unknown,,,,,,,,,,,,,,,,,,,,,,,,,,,,,,Unknown,Unknown,Unknown,Unknown,Unknown,Unknown,Unknown,Unknown,Unknown,Unknown,Unknown,Unknown,0.00%,0.00%,0.00%,0.00%,0.00%,0.00%,0.00%,0.00%,0.00%,0.00%,0.00%,0.00%,0.00%,0.00%,0.01%,0.01%,0.02%,0.03%,0.03%,0.04%,0.05%,0.18%,0.28%,0.35%,0.39%,0.42%,0.44%,0.47%,0.51%,0.53%,0.55%,0.57%,0.61%,0.63%,0.66%,0.68%,0.74%,0.81%,laterentrant,Rain,Unknown,Totals,Totals,Notspecified,Totals,All,Standardised,Mobile/Connections–marketshare/total|Publicationdate:24September2024Basedonhistoricaldatauptoquarter2of2024|OperatormarketshareofallactivemobileconnectionsexcludingIoTthatishandsetandmobilebroadbandconnectionsonly.Activesubscribersarethosethathaveusedtheirmobileaccountinthepast3months.Connectionsmetricsrelatetotheend-of-periodfigure.OperatorNotes:ThisoperatorisclassifiedasMobile:laterentrant.Operatorattribution:mobilesubscribersarecountedonanetworkorwholesalebasis(thatiswherecustomersofserviceproviderswithouttheirownnetworkinfrastructureareallocatedtothenetworkoperator(s)thatsupport(s)theirservice).(Totalmarketvaluesarethesameforconnectionsmetricsonaretailornetworkbasissincethedifferenceisonlyintheallocationofsubscriberstooperator.)
Mobile,Connections–marketshare,total,Total,Sub-SaharanAfrica,SouthAfrica,Totalmarket,%,,,100.00%,100.00%,100.00%,100.00%,100.00%,100.00%,100.00%,100.00%,100.00%,100.00%,100.00%,100.00%,100.00%,100.00%,100.00%,100.00%,100.00%,100.00%,,,,Unknown,,,,,,,,,,,,,,,,,,,,,,,,,,,,,,Unknown,Unknown,Unknown,Unknown,Unknown,Unknown,Unknown,Unknown,Unknown,Unknown,Unknown,Unknown,100.00%,100.00%,100.00%,100.00%,100.00%,100.00%,100.00%,100.00%,100.00%,100.00%,100.00%,100.00%,100.00%,100.00%,100.00%,100.00%,100.00%,100.00%,100.00%,100.00%,100.00%,100.00%,100.00%,100.00%,100.00%,100.00%,100.00%,100.00%,100.00%,100.00%,100.00%,100.00%,100.00%,100.00%,100.00%,100.00%,100.00%,100.00%,Unknown,Unknown,Unknown,Totals,Totals,Notspecified,Totals,All,Standardised,Mobile/Connections–marketshare/total|Publicationdate:24September2024Basedonhistoricaldatauptoquarter2of2024|OperatormarketshareofallactivemobileconnectionsexcludingIoTthatishandsetandmobilebroadbandconnectionsonly.Activesubscribersarethosethathaveusedtheirmobileaccountinthepast3months.Connectionsmetricsrelatetotheend-of-periodfigure.Operatorattribution:mobilesubscribersarecountedonanetworkorwholesalebasis(thatiswherecustomersofserviceproviderswithouttheirownnetworkinfrastructureareallocatedtothenetworkoperator(s)thatsupport(s)theirservice).(Totalmarketvaluesarethesameforconnectionsmetricsonaretailornetworkbasissincethedifferenceisonlyintheallocationofsubscriberstooperator.)
Mobile,Connections–marketshare,total,Total,Sub-SaharanAfrica,Tanzania,Vodacom,%,,,69.41%,46.91%,41.92%,39.66%,41.49%,45.41%,34.45%,37.56%,36.38%,32.05%,31.01%,32.20%,32.51%,32.86%,30.50%,29.45%,30.21%,30.29%,,,,Unknown,,,,,,,,,,,,,,,,,,,,,,,,,,,,,,Unknown,Unknown,Unknown,Unknown,Unknown,Unknown,Unknown,Unknown,Unknown,Unknown,Unknown,Unknown,35.87%,33.97%,33.68%,32.05%,31.37%,30.84%,30.90%,31.01%,31.84%,31.34%,32.24%,32.20%,31.97%,31.83%,32.66%,32.51%,32.34%,32.85%,33.15%,32.86%,31.90%,30.69%,30.50%,30.50%,30.25%,30.09%,29.77%,29.45%,30.27%,30.62%,30.53%,30.21%,30.03%,29.87%,30.66%,30.29%,30.52%,30.55%,secondentrant,Vodacom,Vodafone,Totals,Totals,Notspecified,Totals,All,Standardised,Mobile/Connections–marketshare/total|Publicationdate:24September2024Basedonhistoricaldatauptoquarter2of2024|OperatormarketshareofallactivemobileconnectionsexcludingIoTthatishandsetandmobilebroadbandconnectionsonly.Activesubscribersarethosethathaveusedtheirmobileaccountinthepast3months.Connectionsmetricsrelatetotheend-of-periodfigure.OperatorNotes:ThisoperatorisclassifiedasMobile:secondentrant.Operatorattribution:mobilesubscribersarecountedonanetworkorwholesalebasis(thatiswherecustomersofserviceproviderswithouttheirownnetworkinfrastructureareallocatedtothenetworkoperator(s)thatsupport(s)theirservice).(Totalmarketvaluesarethesameforconnectionsmetricsonaretailornetworkbasissincethedifferenceisonlyintheallocationofsubscriberstooperator.)
Mobile,Connections–marketshare,total,Total,Sub-SaharanAfrica,Tanzania,AxianTelecom,%,,,8.83%,14.44%,19.91%,24.07%,21.42%,21.29%,23.45%,22.99%,26.56%,32.65%,31.86%,30.02%,31.58%,28.82%,27.44%,26.79%,26.48%,28.05%,,,,Unknown,,,,,,,,,,,,,,,,,,,,,,,,,,,,,,Unknown,Unknown,Unknown,Unknown,Unknown,Unknown,Unknown,Unknown,Unknown,Unknown,Unknown,Unknown,27.30%,28.43%,28.62%,32.65%,33.54%,33.28%,33.10%,31.86%,30.86%,30.71%,29.95%,30.02%,30.70%,31.35%,31.42%,31.58%,31.18%,29.41%,28.79%,28.82%,27.76%,28.15%,27.32%,27.44%,27.61%,26.64%,26.86%,26.79%,26.95%,26.58%,26.46%,26.48%,26.86%,27.32%,27.12%,28.05%,27.99%,28.47%,secondentrant,AxianTelecom,Unknown,Totals,Totals,Notspecified,Totals,All,Standardised,Mobile/Connections–marketshare/total|Publicationdate:24September2024Basedonhistoricaldatauptoquarter2of2024|OperatormarketshareofallactivemobileconnectionsexcludingIoTthatishandsetandmobilebroadbandconnectionsonly.Activesubscribersarethosethathaveusedtheirmobileaccountinthepast3months.Connectionsmetricsrelatetotheend-of-periodfigure.OperatorNotes:ThisoperatorisclassifiedasMobile:secondentrant.PreviouslyTigo.TheacquisitiondealofTigobyAxianwassignedinApril2022andapprovedbytheregulatorinJuly2022.Operatorattribution:mobilesubscribersarecountedonanetworkorwholesalebasis(thatiswherecustomersofserviceproviderswithouttheirownnetworkinfrastructureareallocatedtothenetworkoperator(s)thatsupport(s)theirservice).(Totalmarketvaluesarethesameforconnectionsmetricsonaretailornetworkbasissincethedifferenceisonlyintheallocationofsubscriberstooperator.)
Mobile,Connections–marketshare,total,Total,Sub-SaharanAfrica,Tanzania,ZanzibarTelecom(Zantel),%,,,4.12%,8.22%,8.19%,7.94%,8.13%,5.94%,11.31%,6.60%,5.29%,0.00%,0.00%,0.00%,0.00%,0.00%,0.00%,0.00%,0.00%,0.00%,,,,Unknown,,,,,,,,,,,,,,,,,,,,,,,,,,,,,,Unknown,Unknown,Unknown,Unknown,Unknown,Unknown,Unknown,Unknown,Unknown,Unknown,Unknown,Unknown,5.09%,4.61%,4.20%,0.00%,0.00%,0.00%,0.00%,0.00%,0.00%,0.00%,0.00%,0.00%,0.00%,0.00%,0.00%,0.00%,0.00%,0.00%,0.00%,0.00%,0.00%,0.00%,0.00%,0.00%,0.00%,0.00%,0.00%,0.00%,0.00%,0.00%,0.00%,0.00%,0.00%,0.00%,0.00%,0.00%,0.00%,0.00%,firstentrant,ZanzibarTelecom(Zantel),Unknown,Totals,Totals,Notspecified,Totals,All,Standardised,Mobile/Connections–marketshare/total|Publicationdate:24September2024Basedonhistoricaldatauptoquarter2of2024|OperatormarketshareofallactivemobileconnectionsexcludingIoTthatishandsetandmobilebroadbandconnectionsonly.Activesubscribersarethosethathaveusedtheirmobileaccountinthepast3months.Connectionsmetricsrelatetotheend-of-periodfigure.OperatorNotes:ThisoperatorisclassifiedasMobile:firstentrant.Operatorattribution:mobilesubscribersarecountedonanetworkorwholesalebasis(thatiswherecustomersofserviceproviderswithouttheirownnetworkinfrastructureareallocatedtothenetworkoperator(s)thatsupport(s)theirservice).(Totalmarketvaluesarethesameforconnectionsmetricsonaretailornetworkbasissincethedifferenceisonlyintheallocationofsubscriberstooperator.)
Mobile,Connections–marketshare,total,Total,Sub-SaharanAfrica,Tanzania,Airtel,%,,,17.62%,30.36%,29.93%,28.29%,28.81%,27.31%,30.76%,32.84%,29.42%,27.85%,26.11%,27.17%,25.18%,26.68%,26.99%,27.20%,27.61%,27.26%,,,,Unknown,,,,,,,,,,,,,,,,,,,,,,,,,,,,,,Unknown,Unknown,Unknown,Unknown,Unknown,Unknown,Unknown,Unknown,Unknown,Unknown,Unknown,Unknown,28.60%,29.11%,29.28%,27.85%,27.17%,26.36%,26.28%,26.11%,25.71%,25.72%,26.51%,27.17%,27.31%,26.69%,25.50%,25.18%,26.07%,26.34%,26.63%,26.68%,27.40%,27.31%,27.64%,26.99%,26.18%,26.67%,27.10%,27.20%,26.67%,27.23%,27.99%,27.61%,27.60%,27.35%,27.57%,27.26%,26.43%,25.81%,fourthentrant,Airtel,Airtel,Totals,Totals,Notspecified,Totals,All,Standardised,Mobile/Connections–marketshare/total|Publicationdate:24September2024Basedonhistoricaldatauptoquarter2of2024|OperatormarketshareofallactivemobileconnectionsexcludingIoTthatishandsetandmobilebroadbandconnectionsonly.Activesubscribersarethosethathaveusedtheirmobileaccountinthepast3months.Connectionsmetricsrelatetotheend-of-periodfigure.OperatorNotes:ThisoperatorisclassifiedasMobile:fourthentrant.Operatorattribution:mobilesubscribersarecountedonanetworkorwholesalebasis(thatiswherecustomersofserviceproviderswithouttheirownnetworkinfrastructureareallocatedtothenetworkoperator(s)thatsupport(s)theirservice).(Totalmarketvaluesarethesameforconnectionsmetricsonaretailornetworkbasissincethedifferenceisonlyintheallocationofsubscriberstooperator.)
Mobile,Connections–marketshare,total,Total,Sub-SaharanAfrica,Tanzania,Halotel,%,,,0.00%,0.00%,0.00%,0.00%,0.00%,0.00%,0.00%,0.00%,0.00%,3.09%,8.58%,9.51%,9.06%,9.73%,13.31%,13.32%,13.34%,12.14%,,,,Unknown,,,,,,,,,,,,,,,,,,,,,,,,,,,,,,Unknown,Unknown,Unknown,Unknown,Unknown,Unknown,Unknown,Unknown,Unknown,Unknown,Unknown,Unknown,0.00%,0.00%,0.00%,3.09%,4.56%,6.81%,7.73%,8.58%,8.80%,9.44%,9.44%,9.51%,8.81%,8.75%,9.10%,9.06%,8.44%,9.63%,9.69%,9.73%,10.64%,12.52%,12.98%,13.31%,14.01%,14.27%,13.64%,13.32%,12.84%,12.50%,12.56%,13.34%,13.18%,13.14%,12.33%,12.14%,12.84%,12.99%,laterentrant,Halotel,Unknown,Totals,Totals,Notspecified,Totals,All,Standardised,Mobile/Connections–marketshare/total|Publicationdate:24September2024Basedonhistoricaldatauptoquarter2of2024|OperatormarketshareofallactivemobileconnectionsexcludingIoTthatishandsetandmobilebroadbandconnectionsonly.Activesubscribersarethosethathaveusedtheirmobileaccountinthepast3months.Connectionsmetricsrelatetotheend-of-periodfigure.OperatorNotes:ThisoperatorisclassifiedasMobile:laterentrant.Operatorattribution:mobilesubscribersarecountedonanetworkorwholesalebasis(thatiswherecustomersofserviceproviderswithouttheirownnetworkinfrastructureareallocatedtothenetworkoperator(s)thatsupport(s)theirservice).(Totalmarketvaluesarethesameforconnectionsmetricsonaretailornetworkbasissincethedifferenceisonlyintheallocationofsubscriberstooperator.)
Mobile,Connections–marketshare,total,Total,Sub-SaharanAfrica,Tanzania,TanzaniaTelecommunicationsCompany(TTCL),%,,,0.00%,0.00%,0.00%,0.00%,0.00%,0.00%,0.00%,0.00%,0.48%,0.41%,0.41%,0.75%,1.34%,1.89%,1.73%,3.22%,2.34%,2.23%,,,,Unknown,,,,,,,,,,,,,,,,,,,,,,,,,,,,,,Unknown,Unknown,Unknown,Unknown,Unknown,Unknown,Unknown,Unknown,Unknown,Unknown,Unknown,Unknown,0.47%,0.46%,0.44%,0.41%,0.42%,0.42%,0.41%,0.41%,0.52%,0.70%,0.55%,0.75%,0.85%,1.04%,0.98%,1.34%,1.64%,1.45%,1.73%,1.89%,2.28%,1.30%,1.54%,1.73%,1.92%,2.31%,2.61%,3.22%,3.25%,3.04%,2.43%,2.34%,2.30%,2.30%,2.29%,2.23%,2.19%,2.15%,laterentrant,TanzaniaTelecommunicationsCompany(TTCL),Unknown,Totals,Totals,Notspecified,Totals,All,Standardised,Mobile/Connections–marketshare/total|Publicationdate:24September2024Basedonhistoricaldatauptoquarter2of2024|OperatormarketshareofallactivemobileconnectionsexcludingIoTthatishandsetandmobilebroadbandconnectionsonly.Activesubscribersarethosethathaveusedtheirmobileaccountinthepast3months.Connectionsmetricsrelatetotheend-of-periodfigure.OperatorNotes:ThisoperatorisclassifiedasMobile:laterentrant.Operatorattribution:mobilesubscribersarecountedonanetworkorwholesalebasis(thatiswherecustomersofserviceproviderswithouttheirownnetworkinfrastructureareallocatedtothenetworkoperator(s)thatsupport(s)theirservice).(Totalmarketvaluesarethesameforconnectionsmetricsonaretailornetworkbasissincethedifferenceisonlyintheallocationofsubscriberstooperator.)
Mobile,Connections–marketshare,total,Total,Sub-SaharanAfrica,Tanzania,otheroperators,%,,,0.00%,0.03%,0.02%,0.01%,0.13%,0.02%,0.00%,0.00%,1.84%,3.93%,2.00%,0.32%,0.30%,0.00%,0.00%,0.00%,0.00%,0.00%,,,,Unknown,,,,,,,,,,,,,,,,,,,,,,,,,,,,,,Unknown,Unknown,Unknown,Unknown,Unknown,Unknown,Unknown,Unknown,Unknown,Unknown,Unknown,Unknown,2.65%,3.39%,3.76%,3.93%,2.92%,2.25%,1.55%,2.00%,2.23%,2.06%,1.27%,0.32%,0.32%,0.31%,0.30%,0.30%,0.30%,0.30%,0.00%,0.00%,0.00%,0.00%,0.00%,0.00%,0.00%,0.00%,0.00%,0.00%,0.00%,0.00%,0.00%,0.00%,0.00%,0.00%,0.00%,0.00%,0.00%,0.00%,Unknown,Unknown,Unknown,Totals,Totals,Notspecified,Totals,All,Standardised,Mobile/Connections–marketshare/total|Publicationdate:24September2024Basedonhistoricaldatauptoquarter2of2024|OperatormarketshareofallactivemobileconnectionsexcludingIoTthatishandsetandmobilebroadbandconnectionsonly.Activesubscribersarethosethathaveusedtheirmobileaccountinthepast3months.Connectionsmetricsrelatetotheend-of-periodfigure.OperatorNotes:ThisoperatorisclassifiedasMobile:n/a.Operatorattribution:mobilesubscribersarecountedonanetworkorwholesalebasis(thatiswherecustomersofserviceproviderswithouttheirownnetworkinfrastructureareallocatedtothenetworkoperator(s)thatsupport(s)theirservice).(Totalmarketvaluesarethesameforconnectionsmetricsonaretailornetworkbasissincethedifferenceisonlyintheallocationofsubscriberstooperator.)
Mobile,Connections–marketshare,total,Total,Sub-SaharanAfrica,Tanzania,Totalmarket,%,,,100.00%,100.00%,100.00%,100.00%,100.00%,100.00%,100.00%,100.00%,100.00%,100.00%,100.00%,100.00%,100.00%,100.00%,100.00%,100.00%,100.00%,100.00%,,,,Unknown,,,,,,,,,,,,,,,,,,,,,,,,,,,,,,Unknown,Unknown,Unknown,Unknown,Unknown,Unknown,Unknown,Unknown,Unknown,Unknown,Unknown,Unknown,100.00%,100.00%,100.00%,100.00%,100.00%,100.00%,100.00%,100.00%,100.00%,100.00%,100.00%,100.00%,100.00%,100.00%,100.00%,100.00%,100.00%,100.00%,100.00%,100.00%,100.00%,100.00%,100.00%,100.00%,100.00%,100.00%,100.00%,100.00%,100.00%,100.00%,100.00%,100.00%,100.00%,100.00%,100.00%,100.00%,100.00%,100.00%,Unknown,Unknown,Unknown,Totals,Totals,Notspecified,Totals,All,Standardised,Mobile/Connections–marketshare/total|Publicationdate:24September2024Basedonhistoricaldatauptoquarter2of2024|OperatormarketshareofallactivemobileconnectionsexcludingIoTthatishandsetandmobilebroadbandconnectionsonly.Activesubscribersarethosethathaveusedtheirmobileaccountinthepast3months.Connectionsmetricsrelatetotheend-of-periodfigure.Operatorattribution:mobilesubscribersarecountedonanetworkorwholesalebasis(thatiswherecustomersofserviceproviderswithouttheirownnetworkinfrastructureareallocatedtothenetworkoperator(s)thatsupport(s)theirservice).(Totalmarketvaluesarethesameforconnectionsmetricsonaretailornetworkbasissincethedifferenceisonlyintheallocationofsubscriberstooperator.)
Mobile,Connections–marketshare,total,Total,Sub-SaharanAfrica,Uganda,MTN,%,,,59.12%,45.74%,41.18%,55.64%,50.38%,45.69%,46.19%,48.74%,51.04%,44.15%,46.18%,42.91%,46.20%,47.51%,51.27%,52.16%,50.69%,48.67%,,,,Unknown,,,,,,,,,,,,,,,,,,,,,,,,,,,,,,Unknown,Unknown,Unknown,Unknown,Unknown,Unknown,Unknown,Unknown,Unknown,Unknown,Unknown,Unknown,50.29%,50.86%,50.88%,44.15%,45.62%,44.88%,46.28%,46.18%,45.89%,47.26%,44.35%,42.91%,45.18%,44.34%,46.80%,46.20%,47.52%,46.91%,47.35%,47.51%,46.52%,51.31%,51.82%,51.27%,51.87%,51.79%,53.51%,52.16%,52.96%,53.08%,52.45%,50.69%,49.44%,48.55%,49.29%,48.67%,48.05%,48.28%,secondentrant,MTN,MTN,Totals,Totals,Notspecified,Totals,All,Standardised,Mobile/Connections–marketshare/total|Publicationdate:24September2024Basedonhistoricaldatauptoquarter2of2024|OperatormarketshareofallactivemobileconnectionsexcludingIoTthatishandsetandmobilebroadbandconnectionsonly.Activesubscribersarethosethathaveusedtheirmobileaccountinthepast3months.Connectionsmetricsrelatetotheend-of-periodfigure.OperatorNotes:ThisoperatorisclassifiedasMobile:secondentrant.Operatorattribution:mobilesubscribersarecountedonanetworkorwholesalebasis(thatiswherecustomersofserviceproviderswithouttheirownnetworkinfrastructureareallocatedtothenetworkoperator(s)thatsupport(s)theirservice).(Totalmarketvaluesarethesameforconnectionsmetricsonaretailornetworkbasissincethedifferenceisonlyintheallocationofsubscriberstooperator.)
Mobile,Connections–marketshare,total,Total,Sub-SaharanAfrica,Uganda,Airtel,%,,,17.42%,27.79%,24.29%,20.51%,20.00%,21.00%,23.50%,36.80%,36.50%,38.46%,39.14%,41.17%,40.06%,37.97%,35.33%,42.10%,43.57%,45.59%,,,,Unknown,,,,,,,,,,,,,,,,,,,,,,,,,,,,,,Unknown,Unknown,Unknown,Unknown,Unknown,Unknown,Unknown,Unknown,Unknown,Unknown,Unknown,Unknown,37.03%,37.54%,38.02%,38.46%,38.83%,39.12%,39.21%,39.14%,39.26%,37.36%,40.04%,41.17%,39.01%,42.73%,39.63%,40.06%,38.31%,38.74%,38.01%,37.97%,39.43%,33.76%,33.91%,35.33%,35.53%,36.49%,35.51%,42.10%,41.30%,41.17%,41.81%,43.57%,44.82%,45.71%,44.98%,45.59%,46.21%,45.96%,firstentrant,Airtel,Airtel,Totals,Totals,Notspecified,Totals,All,Standardised,Mobile/Connections–marketshare/total|Publicationdate:24September2024Basedonhistoricaldatauptoquarter2of2024|OperatormarketshareofallactivemobileconnectionsexcludingIoTthatishandsetandmobilebroadbandconnectionsonly.Activesubscribersarethosethathaveusedtheirmobileaccountinthepast3months.Connectionsmetricsrelatetotheend-of-periodfigure.OperatorNotes:ThisoperatorisclassifiedasMobile:firstentrant.Operatorattribution:mobilesubscribersarecountedonanetworkorwholesalebasis(thatiswherecustomersofserviceproviderswithouttheirownnetworkinfrastructureareallocatedtothenetworkoperator(s)thatsupport(s)theirservice).(Totalmarketvaluesarethesameforconnectionsmetricsonaretailornetworkbasissincethedifferenceisonlyintheallocationofsubscriberstooperator.)
Mobile,Connections–marketshare,total,Total,Sub-SaharanAfrica,Uganda,WaridTelecom,%,,,0.00%,0.00%,11.00%,12.00%,13.00%,14.00%,15.00%,0.00%,0.00%,0.00%,0.00%,0.00%,0.00%,0.00%,0.00%,0.00%,0.00%,0.00%,,,,Unknown,,,,,,,,,,,,,,,,,,,,,,,,,,,,,,Unknown,Unknown,Unknown,Unknown,Unknown,Unknown,Unknown,Unknown,Unknown,Unknown,Unknown,Unknown,0.00%,0.00%,0.00%,0.00%,0.00%,0.00%,0.00%,0.00%,0.00%,0.00%,0.00%,0.00%,0.00%,0.00%,0.00%,0.00%,0.00%,0.00%,0.00%,0.00%,0.00%,0.00%,0.00%,0.00%,0.00%,0.00%,0.00%,0.00%,0.00%,0.00%,0.00%,0.00%,0.00%,0.00%,0.00%,0.00%,0.00%,0.00%,fourthentrant,WaridTelecom,Unknown,Totals,Totals,Notspecified,Totals,All,Standardised,Mobile/Connections–marketshare/total|Publicationdate:24September2024Basedonhistoricaldatauptoquarter2of2024|OperatormarketshareofallactivemobileconnectionsexcludingIoTthatishandsetandmobilebroadbandconnectionsonly.Activesubscribersarethosethathaveusedtheirmobileaccountinthepast3months.Connectionsmetricsrelatetotheend-of-periodfigure.OperatorNotes:ThisoperatorisclassifiedasMobile:fourthentrant.In2013WariddiscontinuedoperationswhenitwastakenoverbyAirtelOperatorattribution:mobilesubscribersarecountedonanetworkorwholesalebasis(thatiswherecustomersofserviceproviderswithouttheirownnetworkinfrastructureareallocatedtothenetworkoperator(s)thatsupport(s)theirservice).(Totalmarketvaluesarethesameforconnectionsmetricsonaretailornetworkbasissincethedifferenceisonlyintheallocationofsubscriberstooperator.)
Mobile,Connections–marketshare,total,Total,Sub-SaharanAfrica,Uganda,UgandaTelecommunicationsCorporationLtd(UTel),%,,,23.45%,26.46%,23.52%,8.00%,11.37%,15.08%,11.65%,9.81%,7.15%,9.70%,5.98%,5.90%,5.83%,5.76%,5.70%,5.65%,5.60%,5.55%,,,,Unknown,,,,,,,,,,,,,,,,,,,,,,,,,,,,,,Unknown,Unknown,Unknown,Unknown,Unknown,Unknown,Unknown,Unknown,Unknown,Unknown,Unknown,Unknown,7.46%,5.84%,4.90%,9.70%,7.69%,8.00%,6.00%,5.98%,5.96%,5.94%,5.92%,5.90%,5.88%,5.86%,5.85%,5.83%,5.81%,5.80%,5.78%,5.76%,5.75%,5.73%,5.72%,5.70%,5.69%,5.68%,5.66%,5.65%,5.64%,5.62%,5.61%,5.60%,5.59%,5.57%,5.56%,5.55%,5.54%,5.53%,thirdentrant,UgandaTelecommunicationsCorporationLtd(Utel),Unknown,Totals,Totals,Notspecified,Totals,All,Standardised,Mobile/Connections–marketshare/total|Publicationdate:24September2024Basedonhistoricaldatauptoquarter2of2024|OperatormarketshareofallactivemobileconnectionsexcludingIoTthatishandsetandmobilebroadbandconnectionsonly.Activesubscribersarethosethathaveusedtheirmobileaccountinthepast3months.Connectionsmetricsrelatetotheend-of-periodfigure.OperatorNotes:ThisoperatorisclassifiedasMobile:thirdentrant.Operatorattribution:mobilesubscribersarecountedonanetworkorwholesalebasis(thatiswherecustomersofserviceproviderswithouttheirownnetworkinfrastructureareallocatedtothenetworkoperator(s)thatsupport(s)theirservice).(Totalmarketvaluesarethesameforconnectionsmetricsonaretailornetworkbasissincethedifferenceisonlyintheallocationofsubscriberstooperator.)
Mobile,Connections–marketshare,total,Total,Sub-SaharanAfrica,Uganda,Africell,%,,,0.00%,0.00%,0.00%,3.72%,4.74%,3.72%,3.04%,3.97%,4.41%,5.94%,6.75%,7.88%,7.88%,8.74%,7.63%,0.00%,0.00%,0.00%,,,,Unknown,,,,,,,,,,,,,,,,,,,,,,,,,,,,,,Unknown,Unknown,Unknown,Unknown,Unknown,Unknown,Unknown,Unknown,Unknown,Unknown,Unknown,Unknown,4.53%,4.78%,4.96%,5.94%,6.07%,6.19%,6.60%,6.75%,6.93%,7.38%,7.59%,7.88%,8.70%,7.04%,7.71%,7.88%,8.34%,8.53%,8.84%,8.74%,8.28%,9.17%,8.51%,7.63%,6.84%,5.97%,5.23%,0.00%,0.00%,0.00%,0.00%,0.00%,0.00%,0.00%,0.00%,0.00%,0.00%,0.00%,fourthentrant,Africell,Unknown,Totals,Totals,Notspecified,Totals,All,Standardised,Mobile/Connections–marketshare/total|Publicationdate:24September2024Basedonhistoricaldatauptoquarter2of2024|OperatormarketshareofallactivemobileconnectionsexcludingIoTthatishandsetandmobilebroadbandconnectionsonly.Activesubscribersarethosethathaveusedtheirmobileaccountinthepast3months.Connectionsmetricsrelatetotheend-of-periodfigure.OperatorNotes:ThisoperatorisclassifiedasMobile:fourthentrant.AfricellhascompletedtheacquisitionofOrangeUgandaatNovember2014anditsoperatingunderthenameAfricell(includesMVNOK2)Operatorattribution:mobilesubscribersarecountedonanetworkorwholesalebasis(thatiswherecustomersofserviceproviderswithouttheirownnetworkinfrastructureareallocatedtothenetworkoperator(s)thatsupport(s)theirservice).(Totalmarketvaluesarethesameforconnectionsmetricsonaretailornetworkbasissincethedifferenceisonlyintheallocationofsubscriberstooperator.)
Mobile,Connections–marketshare,total,Total,Sub-SaharanAfrica,Uganda,SmartTelecom,%,,,0.00%,0.00%,0.00%,0.00%,0.00%,0.00%,0.00%,0.00%,0.49%,0.98%,1.05%,1.12%,0.00%,0.00%,0.00%,0.00%,0.00%,0.00%,,,,Unknown,,,,,,,,,,,,,,,,,,,,,,,,,,,,,,Unknown,Unknown,Unknown,Unknown,Unknown,Unknown,Unknown,Unknown,Unknown,Unknown,Unknown,Unknown,0.58%,0.68%,0.77%,0.98%,0.99%,0.99%,1.04%,1.05%,1.05%,1.10%,1.10%,1.12%,1.20%,0.00%,0.00%,0.00%,0.00%,0.00%,0.00%,0.00%,0.00%,0.00%,0.00%,0.00%,0.00%,0.00%,0.00%,0.00%,0.00%,0.00%,0.00%,0.00%,0.00%,0.00%,0.00%,0.00%,0.00%,0.00%,laterentrant,SmartTelecom,Unknown,Totals,Totals,Notspecified,Totals,All,Standardised,Mobile/Connections–marketshare/total|Publicationdate:24September2024Basedonhistoricaldatauptoquarter2of2024|OperatormarketshareofallactivemobileconnectionsexcludingIoTthatishandsetandmobilebroadbandconnectionsonly.Activesubscribersarethosethathaveusedtheirmobileaccountinthepast3months.Connectionsmetricsrelatetotheend-of-periodfigure.OperatorNotes:ThisoperatorisclassifiedasMobile:laterentrant.Operatorattribution:mobilesubscribersarecountedonanetworkorwholesalebasis(thatiswherecustomersofserviceproviderswithouttheirownnetworkinfrastructureareallocatedtothenetworkoperator(s)thatsupport(s)theirservice).(Totalmarketvaluesarethesameforconnectionsmetricsonaretailornetworkbasissincethedifferenceisonlyintheallocationofsubscriberstooperator.)
Mobile,Connections–marketshare,total,Total,Sub-SaharanAfrica,Uganda,AfrimaxUganda,%,,,0.00%,0.00%,0.00%,0.00%,0.00%,0.00%,0.00%,0.00%,0.00%,0.74%,0.87%,1.00%,0.00%,0.00%,0.00%,0.00%,0.00%,0.00%,,,,Unknown,,,,,,,,,,,,,,,,,,,,,,,,,,,,,,Unknown,Unknown,Unknown,Unknown,Unknown,Unknown,Unknown,Unknown,Unknown,Unknown,Unknown,Unknown,0.09%,0.27%,0.44%,0.74%,0.77%,0.79%,0.85%,0.87%,0.89%,0.95%,0.97%,1.00%,0.00%,0.00%,0.00%,0.00%,0.00%,0.00%,0.00%,0.00%,0.00%,0.00%,0.00%,0.00%,0.00%,0.00%,0.00%,0.00%,0.00%,0.00%,0.00%,0.00%,0.00%,0.00%,0.00%,0.00%,0.00%,0.00%,laterentrant,AfrimaxUganda,Unknown,Totals,Totals,Notspecified,Totals,All,Standardised,Mobile/Connections–marketshare/total|Publicationdate:24September2024Basedonhistoricaldatauptoquarter2of2024|OperatormarketshareofallactivemobileconnectionsexcludingIoTthatishandsetandmobilebroadbandconnectionsonly.Activesubscribersarethosethathaveusedtheirmobileaccountinthepast3months.Connectionsmetricsrelatetotheend-of-periodfigure.OperatorNotes:ThisoperatorisclassifiedasMobile:laterentrant.Operatorattribution:mobilesubscribersarecountedonanetworkorwholesalebasis(thatiswherecustomersofserviceproviderswithouttheirownnetworkinfrastructureareallocatedtothenetworkoperator(s)thatsupport(s)theirservice).(Totalmarketvaluesarethesameforconnectionsmetricsonaretailornetworkbasissincethedifferenceisonlyintheallocationofsubscriberstooperator.)
Mobile,Connections–marketshare,total,Total,Sub-SaharanAfrica,Uganda,otheroperators,%,,,0.00%,0.00%,0.00%,0.10%,0.50%,0.50%,0.59%,0.66%,0.39%,0.00%,0.00%,0.00%,0.00%,0.00%,0.03%,0.07%,0.12%,0.17%,,,,Unknown,,,,,,,,,,,,,,,,,,,,,,,,,,,,,,Unknown,Unknown,Unknown,Unknown,Unknown,Unknown,Unknown,Unknown,Unknown,Unknown,Unknown,Unknown,0.00%,0.00%,0.00%,0.00%,0.00%,0.00%,0.00%,0.00%,0.00%,0.00%,0.00%,0.00%,0.00%,0.00%,0.00%,0.00%,0.00%,0.00%,0.00%,0.00%,0.00%,0.01%,0.02%,0.03%,0.04%,0.05%,0.06%,0.07%,0.09%,0.10%,0.11%,0.12%,0.13%,0.14%,0.15%,0.17%,0.19%,0.21%,Unknown,Unknown,Unknown,Totals,Totals,Notspecified,Totals,All,Standardised,Mobile/Connections–marketshare/total|Publicationdate:24September2024Basedonhistoricaldatauptoquarter2of2024|OperatormarketshareofallactivemobileconnectionsexcludingIoTthatishandsetandmobilebroadbandconnectionsonly.Activesubscribersarethosethathaveusedtheirmobileaccountinthepast3months.Connectionsmetricsrelatetotheend-of-periodfigure.OperatorNotes:ThisoperatorisclassifiedasMobile:n/a.Operatorattribution:mobilesubscribersarecountedonanetworkorwholesalebasis(thatiswherecustomersofserviceproviderswithouttheirownnetworkinfrastructureareallocatedtothenetworkoperator(s)thatsupport(s)theirservice).(Totalmarketvaluesarethesameforconnectionsmetricsonaretailornetworkbasissincethedifferenceisonlyintheallocationofsubscriberstooperator.)
Mobile,Connections–marketshare,total,Total,Sub-SaharanAfrica,Uganda,Totalmarket,%,,,100.00%,100.00%,100.00%,100.00%,100.00%,100.00%,100.00%,100.00%,100.00%,100.00%,100.00%,100.00%,100.00%,100.00%,100.00%,100.00%,100.00%,100.00%,,,,Unknown,,,,,,,,,,,,,,,,,,,,,,,,,,,,,,Unknown,Unknown,Unknown,Unknown,Unknown,Unknown,Unknown,Unknown,Unknown,Unknown,Unknown,Unknown,100.00%,100.00%,100.00%,100.00%,100.00%,100.00%,100.00%,100.00%,100.00%,100.00%,100.00%,100.00%,100.00%,100.00%,100.00%,100.00%,100.00%,100.00%,100.00%,100.00%,100.00%,100.00%,100.00%,100.00%,100.00%,100.00%,100.00%,100.00%,100.00%,100.00%,100.00%,100.00%,100.00%,100.00%,100.00%,100.00%,100.00%,100.00%,Unknown,Unknown,Unknown,Totals,Totals,Notspecified,Totals,All,Standardised,Mobile/Connections–marketshare/total|Publicationdate:24September2024Basedonhistoricaldatauptoquarter2of2024|OperatormarketshareofallactivemobileconnectionsexcludingIoTthatishandsetandmobilebroadbandconnectionsonly.Activesubscribersarethosethathaveusedtheirmobileaccountinthepast3months.Connectionsmetricsrelatetotheend-of-periodfigure.Operatorattribution:mobilesubscribersarecountedonanetworkorwholesalebasis(thatiswherecustomersofserviceproviderswithouttheirownnetworkinfrastructureareallocatedtothenetworkoperator(s)thatsupport(s)theirservice).(Totalmarketvaluesarethesameforconnectionsmetricsonaretailornetworkbasissincethedifferenceisonlyintheallocationofsubscriberstooperator.)
Mobile,Connections–marketshare,total,Total,Sub-SaharanAfrica,Zambia,Airtel,%,,,Unknown,88.07%,72.88%,70.07%,65.31%,51.80%,44.90%,43.58%,36.51%,40.10%,41.89%,39.67%,36.03%,33.88%,35.07%,39.51%,45.87%,51.19%,,,,Unknown,,,,,,,,,,,,,,,,,,,,,,,,,,,,,,Unknown,Unknown,Unknown,Unknown,Unknown,Unknown,Unknown,Unknown,Unknown,Unknown,Unknown,Unknown,36.12%,39.18%,39.40%,40.10%,41.84%,42.03%,41.81%,41.89%,42.57%,42.06%,40.70%,39.67%,39.16%,38.73%,36.75%,36.03%,37.11%,36.39%,34.21%,33.88%,34.67%,33.47%,34.10%,35.07%,35.94%,36.30%,37.93%,39.51%,41.82%,43.93%,44.94%,45.87%,47.37%,47.42%,49.96%,51.19%,51.38%,51.55%,firstentrant,Airtel,Airtel,Totals,Totals,Notspecified,Totals,All,Standardised,Mobile/Connections–marketshare/total|Publicationdate:24September2024Basedonhistoricaldatauptoquarter2of2024|OperatormarketshareofallactivemobileconnectionsexcludingIoTthatishandsetandmobilebroadbandconnectionsonly.Activesubscribersarethosethathaveusedtheirmobileaccountinthepast3months.Connectionsmetricsrelatetotheend-of-periodfigure.OperatorNotes:ThisoperatorisclassifiedasMobile:firstentrant.Operatorattribution:mobilesubscribersarecountedonanetworkorwholesalebasis(thatiswherecustomersofserviceproviderswithouttheirownnetworkinfrastructureareallocatedtothenetworkoperator(s)thatsupport(s)theirservice).(Totalmarketvaluesarethesameforconnectionsmetricsonaretailornetworkbasissincethedifferenceisonlyintheallocationofsubscriberstooperator.)
Mobile,Connections–marketshare,total,Total,Sub-SaharanAfrica,Zambia,MTN,%,,,Unknown,9.92%,18.92%,26.42%,32.94%,33.11%,38.71%,42.30%,48.50%,44.27%,47.50%,40.81%,41.75%,40.58%,42.93%,39.78%,35.85%,34.56%,,,,Unknown,,,,,,,,,,,,,,,,,,,,,,,,,,,,,,Unknown,Unknown,Unknown,Unknown,Unknown,Unknown,Unknown,Unknown,Unknown,Unknown,Unknown,Unknown,48.72%,45.18%,45.21%,44.27%,43.38%,44.87%,44.49%,47.50%,44.29%,42.88%,41.86%,40.81%,41.79%,41.53%,41.80%,41.75%,40.64%,42.43%,41.47%,40.58%,40.66%,40.52%,41.97%,42.93%,43.47%,42.13%,41.36%,39.78%,37.62%,36.41%,36.93%,35.85%,35.77%,35.29%,35.21%,34.56%,34.13%,33.96%,secondentrant,MTN,MTN,Totals,Totals,Notspecified,Totals,All,Standardised,Mobile/Connections–marketshare/total|Publicationdate:24September2024Basedonhistoricaldatauptoquarter2of2024|OperatormarketshareofallactivemobileconnectionsexcludingIoTthatishandsetandmobilebroadbandconnectionsonly.Activesubscribersarethosethathaveusedtheirmobileaccountinthepast3months.Connectionsmetricsrelatetotheend-of-periodfigure.OperatorNotes:ThisoperatorisclassifiedasMobile:secondentrant.Operatorattribution:mobilesubscribersarecountedonanetworkorwholesalebasis(thatiswherecustomersofserviceproviderswithouttheirownnetworkinfrastructureareallocatedtothenetworkoperator(s)thatsupport(s)theirservice).(Totalmarketvaluesarethesameforconnectionsmetricsonaretailornetworkbasissincethedifferenceisonlyintheallocationofsubscriberstooperator.)
Mobile,Connections–marketshare,total,Total,Sub-SaharanAfrica,Zambia,ZamtelMobile(Zamtel),%,,,Unknown,2.00%,8.19%,3.49%,1.74%,15.07%,16.38%,14.10%,14.97%,15.62%,10.59%,19.50%,22.21%,25.52%,21.99%,20.69%,18.27%,14.24%,,,,Unknown,,,,,,,,,,,,,,,,,,,,,,,,,,,,,,Unknown,Unknown,Unknown,Unknown,Unknown,Unknown,Unknown,Unknown,Unknown,Unknown,Unknown,Unknown,15.15%,15.63%,15.38%,15.62%,14.76%,13.09%,13.68%,10.59%,13.12%,15.04%,17.42%,19.50%,19.04%,19.72%,21.44%,22.21%,22.24%,21.17%,24.31%,25.52%,24.65%,25.99%,23.92%,21.99%,20.57%,21.55%,20.69%,20.69%,20.55%,19.65%,18.11%,18.27%,16.85%,17.27%,14.81%,14.24%,14.48%,14.47%,thirdentrant,ZamtelMobile(Zamtel),Unknown,Totals,Totals,Notspecified,Totals,All,Standardised,Mobile/Connections–marketshare/total|Publicationdate:24September2024Basedonhistoricaldatauptoquarter2of2024|OperatormarketshareofallactivemobileconnectionsexcludingIoTthatishandsetandmobilebroadbandconnectionsonly.Activesubscribersarethosethathaveusedtheirmobileaccountinthepast3months.Connectionsmetricsrelatetotheend-of-periodfigure.OperatorNotes:ThisoperatorisclassifiedasMobile:thirdentrant.Operatorattribution:mobilesubscribersarecountedonanetworkorwholesalebasis(thatiswherecustomersofserviceproviderswithouttheirownnetworkinfrastructureareallocatedtothenetworkoperator(s)thatsupport(s)theirservice).(Totalmarketvaluesarethesameforconnectionsmetricsonaretailornetworkbasissincethedifferenceisonlyintheallocationofsubscriberstooperator.)
Mobile,Connections–marketshare,total,Total,Sub-SaharanAfrica,Zambia,Totalmarket,%,,,Unknown,100.00%,100.00%,100.00%,100.00%,100.00%,100.00%,100.00%,100.00%,100.00%,100.00%,100.00%,100.00%,100.00%,100.00%,100.00%,100.00%,100.00%,,,,Unknown,,,,,,,,,,,,,,,,,,,,,,,,,,,,,,Unknown,Unknown,Unknown,Unknown,Unknown,Unknown,Unknown,Unknown,Unknown,Unknown,Unknown,Unknown,100.00%,100.00%,100.00%,100.00%,100.00%,100.00%,100.00%,100.00%,100.00%,100.00%,100.00%,100.00%,100.00%,100.00%,100.00%,100.00%,100.00%,100.00%,100.00%,100.00%,100.00%,100.00%,100.00%,100.00%,100.00%,100.00%,100.00%,100.00%,100.00%,100.00%,100.00%,100.00%,100.00%,100.00%,100.00%,100.00%,100.00%,100.00%,Unknown,Unknown,Unknown,Totals,Totals,Notspecified,Totals,All,Standardised,Mobile/Connections–marketshare/total|Publicationdate:24September2024Basedonhistoricaldatauptoquarter2of2024|OperatormarketshareofallactivemobileconnectionsexcludingIoTthatishandsetandmobilebroadbandconnectionsonly.Activesubscribersarethosethathaveusedtheirmobileaccountinthepast3months.Connectionsmetricsrelatetotheend-of-periodfigure.Operatorattribution:mobilesubscribersarecountedonanetworkorwholesalebasis(thatiswherecustomersofserviceproviderswithouttheirownnetworkinfrastructureareallocatedtothenetworkoperator(s)thatsupport(s)theirservice).(Totalmarketvaluesarethesameforconnectionsmetricsonaretailornetworkbasissincethedifferenceisonlyintheallocationofsubscriberstooperator.)
Mobile,Penetration,total,Total,Sub-SaharanAfrica,Cameroon,Totalmarket,%,,,Unknown,23.40%,28.27%,33.94%,38.08%,45.93%,55.72%,60.10%,63.73%,70.67%,68.70%,73.27%,74.52%,83.47%,86.31%,83.85%,85.67%,88.85%,,,,Unknown,,,,,,,,,,,,,,,,,,,,,,,,,,,,,,Unknown,Unknown,Unknown,Unknown,Unknown,Unknown,Unknown,Unknown,Unknown,Unknown,Unknown,Unknown,68.95%,74.66%,75.25%,70.67%,70.83%,71.30%,69.62%,68.70%,68.97%,70.19%,73.43%,73.27%,73.09%,72.19%,72.65%,74.52%,76.48%,79.61%,79.50%,83.47%,85.22%,85.29%,89.02%,86.31%,84.91%,83.09%,81.97%,83.85%,83.13%,83.78%,84.30%,85.67%,87.01%,87.80%,88.38%,88.85%,89.97%,90.33%,Unknown,Unknown,Unknown,Totals,Totals,Notspecified,Totals,All,Standardised,Mobile/Penetration/total|Publicationdate:24September2024Basedonhistoricaldatauptoquarter2of2024|ThesumofallactivemobileconnectionsexcludingIoTdividedbypopulation.PopulationdataisfromUnitedNationsDepartmentofEconomicandSocialAffairsPopulationDivision(2022).WorldPopulationProspects2022OnlineEdition.SourcedatafromtheUNismid-year;wehaveusedsimpleaveragestoderiveend-of-yearandquarterlyfigures.Wecalculatepenetrationusingend-of-periodfiguresforconnectionsandpopulation.Activesubscribersarethosethathaveusedtheirmobileaccountinthepast3months.Connectionsmetricsrelatetotheend-of-periodfigure.
Mobile,Penetration,total,Total,Sub-SaharanAfrica,CôtedIvoire,Totalmarket,%,,,Unknown,Unknown,47.42%,57.35%,67.94%,73.10%,77.31%,80.86%,90.59%,100.78%,108.04%,124.12%,125.62%,129.13%,138.80%,145.41%,147.62%,150.56%,,,,Unknown,,,,,,,,,,,,,,,,,,,,,,,,,,,,,,Unknown,Unknown,Unknown,Unknown,Unknown,Unknown,Unknown,Unknown,Unknown,Unknown,Unknown,Unknown,91.20%,96.36%,98.72%,100.78%,96.61%,97.76%,102.75%,108.04%,114.14%,118.52%,123.02%,124.12%,124.34%,127.88%,125.30%,125.62%,123.97%,126.69%,126.87%,129.13%,132.32%,132.81%,134.94%,138.80%,140.66%,140.83%,139.59%,145.41%,147.37%,142.92%,145.66%,147.62%,146.62%,145.47%,147.24%,150.56%,150.44%,151.94%,Unknown,Unknown,Unknown,Totals,Totals,Notspecified,Totals,All,Standardised,Mobile/Penetration/total|Publicationdate:24September2024Basedonhistoricaldatauptoquarter2of2024|ThesumofallactivemobileconnectionsexcludingIoTdividedbypopulation.PopulationdataisfromUnitedNationsDepartmentofEconomicandSocialAffairsPopulationDivision(2022).WorldPopulationProspects2022OnlineEdition.SourcedatafromtheUNismid-year;wehaveusedsimpleaveragestoderiveend-of-yearandquarterlyfigures.Wecalculatepenetrationusingend-of-periodfiguresforconnectionsandpopulation.Activesubscribersarethosethathaveusedtheirmobileaccountinthepast3months.Connectionsmetricsrelatetotheend-of-periodfigure.
Mobile,Penetration,total,Total,Sub-SaharanAfrica,Ghana,Totalmarket,%,,,22.02%,31.66%,47.00%,59.06%,62.38%,71.35%,81.38%,85.68%,87.93%,92.45%,93.71%,93.81%,95.66%,98.56%,109.68%,110.16%,111.13%,94.53%,,,,Unknown,,,,,,,,,,,,,,,,,,,,,,,,,,,,,,Unknown,Unknown,Unknown,Unknown,Unknown,Unknown,Unknown,Unknown,Unknown,Unknown,Unknown,Unknown,88.46%,90.09%,90.59%,92.45%,92.58%,92.70%,92.71%,93.71%,93.58%,94.26%,94.27%,93.81%,94.48%,94.77%,94.62%,95.66%,98.57%,98.30%,97.53%,98.56%,99.72%,101.61%,107.01%,109.68%,112.02%,112.32%,113.70%,110.16%,113.64%,113.73%,112.69%,111.13%,106.28%,97.70%,93.17%,94.53%,96.01%,96.31%,Unknown,Unknown,Unknown,Totals,Totals,Notspecified,Totals,All,Standardised,Mobile/Penetration/total|Publicationdate:24September2024Basedonhistoricaldatauptoquarter2of2024|ThesumofallactivemobileconnectionsexcludingIoTdividedbypopulation.PopulationdataisfromUnitedNationsDepartmentofEconomicandSocialAffairsPopulationDivision(2022).WorldPopulationProspects2022OnlineEdition.SourcedatafromtheUNismid-year;wehaveusedsimpleaveragestoderiveend-of-yearandquarterlyfigures.Wecalculatepenetrationusingend-of-periodfiguresforconnectionsandpopulation.Activesubscribersarethosethathaveusedtheirmobileaccountinthepast3months.Connectionsmetricsrelatetotheend-of-periodfigure.
Mobile,Penetration,total,Total,Sub-SaharanAfrica,Kenya,Totalmarket,%,,,18.89%,29.39%,40.81%,47.29%,56.58%,59.54%,63.81%,65.75%,67.87%,77.70%,80.50%,86.41%,98.05%,106.21%,116.27%,121.61%,120.47%,127.73%,,,,Unknown,,,,,,,,,,,,,,,,,,,,,,,,,,,,,,Unknown,Unknown,Unknown,Unknown,Unknown,Unknown,Unknown,Unknown,Unknown,Unknown,Unknown,Unknown,69.73%,71.94%,74.80%,77.70%,74.57%,76.57%,79.27%,80.50%,80.23%,82.09%,83.22%,86.41%,88.63%,91.32%,92.80%,98.05%,100.60%,102.35%,103.97%,106.21%,106.96%,109.97%,114.83%,116.27%,117.45%,121.49%,121.84%,121.61%,120.12%,119.67%,120.49%,120.47%,124.35%,125.52%,128.65%,127.73%,129.44%,131.13%,Unknown,Unknown,Unknown,Totals,Totals,Notspecified,Totals,All,Standardised,Mobile/Penetration/total|Publicationdate:24September2024Basedonhistoricaldatauptoquarter2of2024|ThesumofallactivemobileconnectionsexcludingIoTdividedbypopulation.PopulationdataisfromUnitedNationsDepartmentofEconomicandSocialAffairsPopulationDivision(2022).WorldPopulationProspects2022OnlineEdition.SourcedatafromtheUNismid-year;wehaveusedsimpleaveragestoderiveend-of-yearandquarterlyfigures.Wecalculatepenetrationusingend-of-periodfiguresforconnectionsandpopulation.Activesubscribersarethosethathaveusedtheirmobileaccountinthepast3months.Connectionsmetricsrelatetotheend-of-periodfigure.
Mobile,Penetration,total,Total,Sub-SaharanAfrica,Nigeria,Totalmarket,%,,,19.13%,26.86%,40.77%,46.03%,52.72%,55.71%,63.99%,69.01%,73.13%,77.01%,76.39%,74.05%,81.55%,87.52%,94.97%,88.08%,94.53%,95.91%,,,,Unknown,,,,,,,,,,,,,,,,,,,,,,,,,,,,,,Unknown,Unknown,Unknown,Unknown,Unknown,Unknown,Unknown,Unknown,Unknown,Unknown,Unknown,Unknown,75.09%,77.01%,77.36%,77.01%,75.35%,75.57%,76.34%,76.39%,74.78%,72.04%,71.89%,74.05%,75.71%,76.31%,77.06%,81.55%,83.53%,83.74%,86.03%,87.52%,88.89%,90.53%,94.24%,94.97%,88.56%,85.67%,86.03%,88.08%,89.50%,92.16%,93.23%,94.53%,94.95%,94.91%,94.80%,95.91%,94.42%,94.63%,Unknown,Unknown,Unknown,Totals,Totals,Notspecified,Totals,All,Standardised,Mobile/Penetration/total|Publicationdate:24September2024Basedonhistoricaldatauptoquarter2of2024|ThesumofallactivemobileconnectionsexcludingIoTdividedbypopulation.PopulationdataisfromUnitedNationsDepartmentofEconomicandSocialAffairsPopulationDivision(2022).WorldPopulationProspects2022OnlineEdition.SourcedatafromtheUNismid-year;wehaveusedsimpleaveragestoderiveend-of-yearandquarterlyfigures.Wecalculatepenetrationusingend-of-periodfiguresforconnectionsandpopulation.Activesubscribersarethosethathaveusedtheirmobileaccountinthepast3months.Connectionsmetricsrelatetotheend-of-periodfigure.
Mobile,Penetration,total,Total,Sub-SaharanAfrica,Rwanda,Totalmarket,%,,,Unknown,6.59%,13.34%,21.22%,31.49%,36.61%,43.57%,54.75%,61.57%,66.71%,65.04%,63.67%,74.88%,73.04%,76.16%,76.24%,76.99%,85.10%,,,,Unknown,,,,,,,,,,,,,,,,,,,,,,,,,,,,,,Unknown,Unknown,Unknown,Unknown,Unknown,Unknown,Unknown,Unknown,Unknown,Unknown,Unknown,Unknown,61.91%,63.34%,65.36%,66.71%,66.08%,66.55%,65.51%,65.04%,65.23%,65.01%,65.87%,63.67%,65.34%,66.76%,69.69%,74.88%,71.40%,68.88%,71.23%,73.04%,73.51%,71.29%,75.58%,76.16%,76.05%,78.17%,77.54%,76.24%,74.33%,74.18%,76.12%,76.99%,79.14%,81.18%,84.34%,85.10%,86.97%,88.49%,Unknown,Unknown,Unknown,Totals,Totals,Notspecified,Totals,All,Standardised,Mobile/Penetration/total|Publicationdate:24September2024Basedonhistoricaldatauptoquarter2of2024|ThesumofallactivemobileconnectionsexcludingIoTdividedbypopulation.PopulationdataisfromUnitedNationsDepartmentofEconomicandSocialAffairsPopulationDivision(2022).WorldPopulationProspects2022OnlineEdition.SourcedatafromtheUNismid-year;wehaveusedsimpleaveragestoderiveend-of-yearandquarterlyfigures.Wecalculatepenetrationusingend-of-periodfiguresforconnectionsandpopulation.Activesubscribersarethosethathaveusedtheirmobileaccountinthepast3months.Connectionsmetricsrelatetotheend-of-periodfigure.
Mobile,Penetration,total,Total,Sub-SaharanAfrica,SouthAfrica,Totalmarket,%,,,68.18%,78.26%,88.25%,89.02%,92.57%,109.08%,121.36%,128.77%,141.29%,145.78%,152.25%,161.78%,173.25%,169.47%,175.09%,185.08%,187.32%,194.12%,,,,Unknown,,,,,,,,,,,,,,,,,,,,,,,,,,,,,,Unknown,Unknown,Unknown,Unknown,Unknown,Unknown,Unknown,Unknown,Unknown,Unknown,Unknown,Unknown,142.61%,144.54%,144.27%,145.78%,143.58%,142.16%,146.67%,152.25%,153.42%,159.57%,160.56%,161.78%,162.87%,166.91%,168.28%,173.25%,171.50%,171.12%,170.38%,169.47%,162.14%,158.06%,168.94%,175.09%,176.23%,178.50%,181.85%,185.08%,183.72%,185.02%,187.58%,187.32%,184.70%,185.23%,187.25%,194.12%,193.41%,190.48%,Unknown,Unknown,Unknown,Totals,Totals,Notspecified,Totals,All,Standardised,Mobile/Penetration/total|Publicationdate:24September2024Basedonhistoricaldatauptoquarter2of2024|ThesumofallactivemobileconnectionsexcludingIoTdividedbypopulation.PopulationdataisfromUnitedNationsDepartmentofEconomicandSocialAffairsPopulationDivision(2022).WorldPopulationProspects2022OnlineEdition.SourcedatafromtheUNismid-year;wehaveusedsimpleaveragestoderiveend-of-yearandquarterlyfigures.Wecalculatepenetrationusingend-of-periodfiguresforconnectionsandpopulation.Activesubscribersarethosethathaveusedtheirmobileaccountinthepast3months.Connectionsmetricsrelatetotheend-of-periodfigure.
Mobile,Penetration,total,Total,Sub-SaharanAfrica,Tanzania,Totalmarket,%,,,20.92%,19.70%,30.25%,39.80%,46.88%,56.14%,58.30%,57.74%,66.33%,78.24%,76.67%,74.19%,78.05%,82.71%,85.97%,87.92%,94.70%,106.95%,,,,Unknown,,,,,,,,,,,,,,,,,,,,,,,,,,,,,,Unknown,Unknown,Unknown,Unknown,Unknown,Unknown,Unknown,Unknown,Unknown,Unknown,Unknown,Unknown,68.77%,70.98%,74.07%,78.24%,77.27%,76.09%,77.13%,76.67%,75.52%,75.83%,74.62%,74.19%,74.16%,76.12%,77.48%,78.05%,78.19%,77.43%,78.38%,82.71%,84.03%,82.11%,83.25%,85.97%,87.88%,87.72%,88.56%,87.92%,89.21%,89.88%,92.10%,94.70%,96.43%,99.06%,102.92%,106.95%,109.42%,113.26%,Unknown,Unknown,Unknown,Totals,Totals,Notspecified,Totals,All,Standardised,Mobile/Penetration/total|Publicationdate:24September2024Basedonhistoricaldatauptoquarter2of2024|ThesumofallactivemobileconnectionsexcludingIoTdividedbypopulation.PopulationdataisfromUnitedNationsDepartmentofEconomicandSocialAffairsPopulationDivision(2022).WorldPopulationProspects2022OnlineEdition.SourcedatafromtheUNismid-year;wehaveusedsimpleaveragestoderiveend-of-yearandquarterlyfigures.Wecalculatepenetrationusingend-of-periodfiguresforconnectionsandpopulation.Activesubscribersarethosethathaveusedtheirmobileaccountinthepast3months.Connectionsmetricsrelatetotheend-of-periodfigure.
Mobile,Penetration,total,Total,Sub-SaharanAfrica,Uganda,Totalmarket,%,,,9.23%,17.17%,27.63%,29.43%,39.08%,49.42%,47.94%,50.46%,55.18%,53.05%,57.91%,61.11%,57.74%,60.91%,61.35%,64.71%,70.67%,81.15%,,,,Unknown,,,,,,,,,,,,,,,,,,,,,,,,,,,,,,Unknown,Unknown,Unknown,Unknown,Unknown,Unknown,Unknown,Unknown,Unknown,Unknown,Unknown,Unknown,57.66%,58.41%,59.89%,53.05%,54.86%,56.82%,56.24%,57.91%,59.48%,58.83%,60.18%,61.11%,58.34%,57.07%,55.24%,57.74%,57.86%,59.23%,59.10%,60.91%,64.40%,57.12%,59.05%,61.35%,62.15%,62.89%,61.86%,64.71%,64.10%,64.82%,66.91%,70.67%,74.47%,76.63%,78.86%,81.15%,83.52%,85.95%,Unknown,Unknown,Unknown,Totals,Totals,Notspecified,Totals,All,Standardised,Mobile/Penetration/total|Publicationdate:24September2024Basedonhistoricaldatauptoquarter2of2024|ThesumofallactivemobileconnectionsexcludingIoTdividedbypopulation.PopulationdataisfromUnitedNationsDepartmentofEconomicandSocialAffairsPopulationDivision(2022).WorldPopulationProspects2022OnlineEdition.SourcedatafromtheUNismid-year;wehaveusedsimpleaveragestoderiveend-of-yearandquarterlyfigures.Wecalculatepenetrationusingend-of-periodfiguresforconnectionsandpopulation.Activesubscribersarethosethathaveusedtheirmobileaccountinthepast3months.Connectionsmetricsrelatetotheend-of-periodfigure.
Mobile,Penetration,total,Total,Sub-SaharanAfrica,Zambia,Totalmarket,%,,,Unknown,20.89%,27.98%,32.52%,41.11%,56.28%,70.20%,67.31%,62.94%,70.01%,68.93%,76.49%,85.43%,92.31%,99.49%,102.54%,97.75%,95.54%,,,,Unknown,,,,,,,,,,,,,,,,,,,,,,,,,,,,,,Unknown,Unknown,Unknown,Unknown,Unknown,Unknown,Unknown,Unknown,Unknown,Unknown,Unknown,Unknown,67.22%,65.25%,66.16%,70.01%,69.79%,69.58%,69.12%,68.93%,69.41%,71.84%,74.40%,76.49%,76.20%,77.57%,80.55%,85.43%,86.05%,86.54%,91.20%,92.31%,90.82%,94.69%,97.67%,99.49%,99.60%,101.09%,101.82%,102.54%,97.53%,93.45%,95.59%,97.75%,96.18%,97.57%,95.27%,95.54%,95.80%,96.07%,Unknown,Unknown,Unknown,Totals,Totals,Notspecified,Totals,All,Standardised,Mobile/Penetration/total|Publicationdate:24September2024Basedonhistoricaldatauptoquarter2of2024|ThesumofallactivemobileconnectionsexcludingIoTdividedbypopulation.PopulationdataisfromUnitedNationsDepartmentofEconomicandSocialAffairsPopulationDivision(2022).WorldPopulationProspects2022OnlineEdition.SourcedatafromtheUNismid-year;wehaveusedsimpleaveragestoderiveend-of-yearandquarterlyfigures.Wecalculatepenetrationusingend-of-periodfiguresforconnectionsandpopulation.Activesubscribersarethosethathaveusedtheirmobileaccountinthepast3months.Connectionsmetricsrelatetotheend-of-periodfigure.
Mobile,Service+equipmentrevenue,total,Total,Sub-SaharanAfrica,Cameroon,Totalmarket,USD,,,Unknown,Unknown,592792387,588541826,594551107,812365483,848684491,899958464,965214076,836048264,849903646,887533611,942284165,874147946,923994351,1076956403,1001084177,1148946163,,,,Unknown,,,,,,,,,,,,,,,,,,,,,,,,,,,,,,Unknown,Unknown,Unknown,Unknown,Unknown,Unknown,Unknown,Unknown,Unknown,Unknown,Unknown,Unknown,202950480,199419792,219357527,214074956,208219255,214303540,214968648,212226700,203299229,209545054,231565456,244247049,245082744,233572741,234730134,228702484,218897292,217162187,219029799,218971226,221475201,214782174,231325594,257497820,263143394,270243201,274318328,268664883,258149633,245958559,244426124,251306981,273967161,280510537,287641394,306816870,312492614,319023131,Unknown,Unknown,Unknown,Totals,Totals,Notspecified,Totals,All,Standardised,Mobile/Service+equipmentrevenue/total|Publicationdate:24September2024Basedonhistoricaldatauptoquarter2of2024|Totalrevenueformobileservicesincludingwholesalerevenue(interconnectionroaming-inandhosting)plusrevenuefromdirectequipmentsales.Thisincludesonlyrevenuethatisbilledforbyoperators(ortheirserviceproviderorMVNOpartners)andexcludesmobileservicerevenuethatisbilledforseparatelybythirdpartiessuchascontentproviders.Servicerevenueisequaltoretailrevenuepluswholesalerevenue.
Mobile,Service+equipmentrevenue,total,Total,Sub-SaharanAfrica,CôtedIvoire,Totalmarket,USD,,,Unknown,Unknown,Unknown,1177633776,1170926415,1236326274,1361317675,1482831967,1554223440,1436685867,1484325429,1648783895,1682882214,1459630039,1606833443,1783725727,1617112849,1668472185,,,,Unknown,,,,,,,,,,,,,,,,,,,,,,,,,,,,,,Unknown,Unknown,Unknown,Unknown,Unknown,Unknown,Unknown,Unknown,Unknown,Unknown,Unknown,Unknown,359780169,347569898,365441295,363685073,364237583,368198144,369634348,381606461,369705735,412266869,422344696,446032175,437972377,413278167,406138090,425662078,373199030,354500353,359870820,371811130,381593581,367178445,406530392,454052163,441170769,439100140,449148282,453285939,423594000,411362259,376296336,405218729,425050505,422313257,402590884,418563265,417971431,410206026,Unknown,Unknown,Unknown,Totals,Totals,Notspecified,Totals,All,Standardised,Mobile/Service+equipmentrevenue/total|Publicationdate:24September2024Basedonhistoricaldatauptoquarter2of2024|Totalrevenueformobileservicesincludingwholesalerevenue(interconnectionroaming-inandhosting)plusrevenuefromdirectequipmentsales.Thisincludesonlyrevenuethatisbilledforbyoperators(ortheirserviceproviderorMVNOpartners)andexcludesmobileservicerevenuethatisbilledforseparatelybythirdpartiessuchascontentproviders.Servicerevenueisequaltoretailrevenuepluswholesalerevenue.
Mobile,Service+equipmentrevenue,total,Total,Sub-SaharanAfrica,Ghana,Totalmarket,USD,,,Unknown,863160408,1080475018,1100821786,1250453258,1436689880,1617188579,1657015160,1231559371,1098031369,1223492296,1251928876,1310721997,1301331558,1337369915,1580631688,1273417511,1240906914,,,,Unknown,,,,,,,,,,,,,,,,,,,,,,,,,,,,,,Unknown,Unknown,Unknown,Unknown,Unknown,Unknown,Unknown,Unknown,Unknown,Unknown,Unknown,Unknown,276022102,260515034,278740808,279637503,294407048,311664706,306008510,310218422,298930091,298020140,314667053,339033874,344303030,325744879,318272414,322343996,316041777,316679793,327194535,338488280,336509514,321725562,326205255,352718930,378255131,388364852,408261102,404705054,370628868,352776353,276699834,263908341,276240653,311467516,323654633,329084294,323843978,326513523,Unknown,Unknown,Unknown,Totals,Totals,Notspecified,Totals,All,Standardised,Mobile/Service+equipmentrevenue/total|Publicationdate:24September2024Basedonhistoricaldatauptoquarter2of2024|Totalrevenueformobileservicesincludingwholesalerevenue(interconnectionroaming-inandhosting)plusrevenuefromdirectequipmentsales.Thisincludesonlyrevenuethatisbilledforbyoperators(ortheirserviceproviderorMVNOpartners)andexcludesmobileservicerevenuethatisbilledforseparatelybythirdpartiessuchascontentproviders.Servicerevenueisequaltoretailrevenuepluswholesalerevenue.
Mobile,Service+equipmentrevenue,total,Total,Sub-SaharanAfrica,Kenya,Totalmarket,USD,,,Unknown,1069063630,1117085486,1258047686,1385512483,1458259765,1788556683,2024727543,2143165777,2066192707,2264768768,2420706396,2757369130,2931744410,2766378215,3021371006,2917652312,2670208919,,,,Unknown,,,,,,,,,,,,,,,,,,,,,,,,,,,,,,Unknown,Unknown,Unknown,Unknown,Unknown,Unknown,Unknown,Unknown,Unknown,Unknown,Unknown,Unknown,529522269,517321803,499110054,516716904,545906405,556170616,572783994,589876757,596086316,595918459,603087091,625568746,658745133,684005631,699368386,715396201,737328275,743439037,737033965,713936128,696784025,681138435,669392212,717722584,745420595,755700559,767112760,752832316,743958854,731110083,717797514,723733009,704787176,674066749,653817564,633096376,682323512,765372688,Unknown,Unknown,Unknown,Totals,Totals,Notspecified,Totals,All,Standardised,Mobile/Service+equipmentrevenue/total|Publicationdate:24September2024Basedonhistoricaldatauptoquarter2of2024|Totalrevenueformobileservicesincludingwholesalerevenue(interconnectionroaming-inandhosting)plusrevenuefromdirectequipmentsales.Thisincludesonlyrevenuethatisbilledforbyoperators(ortheirserviceproviderorMVNOpartners)andexcludesmobileservicerevenuethatisbilledforseparatelybythirdpartiessuchascontentproviders.Servicerevenueisequaltoretailrevenuepluswholesalerevenue.
Mobile,Service+equipmentrevenue,total,Total,Sub-SaharanAfrica,Nigeria,Totalmarket,USD,,,Unknown,6021440235,8319576385,8676483565,8938658391,9263287531,9145379637,9568246081,9850594370,8551433068,7137331571,5421157829,5656826430,6137021795,6708788568,7375327656,8432534802,6899161267,,,,Unknown,,,,,,,,,,,,,,,,,,,,,,,,,,,,,,Unknown,Unknown,Unknown,Unknown,Unknown,Unknown,Unknown,Unknown,Unknown,Unknown,Unknown,Unknown,2224315962,2134539434,2104960347,2088421996,2237785405,1887677575,1495356553,1497578677,1486637316,1298748822,1288622398,1342567607,1379888273,1396281295,1404362683,1476113523,1509631986,1480619727,1511613300,1635156783,1683694677,1575898962,1671649885,1769828100,1768517396,1787632262,1838363192,1978096194,2025845785,2062381677,2108163943,2222434651,2198420422,1792471127,1376229551,1414717199,1096755323,925632430,Unknown,Unknown,Unknown,Totals,Totals,Notspecified,Totals,All,Standardised,Mobile/Service+equipmentrevenue/total|Publicationdate:24September2024Basedonhistoricaldatauptoquarter2of2024|Totalrevenueformobileservicesincludingwholesalerevenue(interconnectionroaming-inandhosting)plusrevenuefromdirectequipmentsales.Thisincludesonlyrevenuethatisbilledforbyoperators(ortheirserviceproviderorMVNOpartners)andexcludesmobileservicerevenuethatisbilledforseparatelybythirdpartiessuchascontentproviders.Servicerevenueisequaltoretailrevenuepluswholesalerevenue.
Mobile,Service+equipmentrevenue,total,Total,Sub-SaharanAfrica,Rwanda,Totalmarket,USD,,,Unknown,Unknown,182533436,195465324,229668178,201557555,216313134,203057017,190419735,186402545,169120920,167427327,169947771,184661729,200452224,228748086,255511685,264844129,,,,Unknown,,,,,,,,,,,,,,,,,,,,,,,,,,,,,,Unknown,Unknown,Unknown,Unknown,Unknown,Unknown,Unknown,Unknown,Unknown,Unknown,Unknown,Unknown,46978140,47370430,47920672,44139317,43633825,41799282,42573969,41083301,41881322,41541220,42229540,41749855,39383374,40947871,44093973,45385836,43959624,46343674,47808884,46476321,46974299,46834690,55253393,51315189,53111497,56118336,58972209,60431479,59030996,62153156,67580576,66482800,66808376,69042212,67469838,61348105,59771284,62479644,Unknown,Unknown,Unknown,Totals,Totals,Notspecified,Totals,All,Standardised,Mobile/Service+equipmentrevenue/total|Publicationdate:24September2024Basedonhistoricaldatauptoquarter2of2024|Totalrevenueformobileservicesincludingwholesalerevenue(interconnectionroaming-inandhosting)plusrevenuefromdirectequipmentsales.Thisincludesonlyrevenuethatisbilledforbyoperators(ortheirserviceproviderorMVNOpartners)andexcludesmobileservicerevenuethatisbilledforseparatelybythirdpartiessuchascontentproviders.Servicerevenueisequaltoretailrevenuepluswholesalerevenue.
Mobile,Service+equipmentrevenue,total,Total,Sub-SaharanAfrica,SouthAfrica,Totalmarket,USD,,,Unknown,9166461318,8649475866,10034453092,11226168432,11692594587,10734983253,8751070679,7709758763,8387395053,7773901639,9320092403,9845285201,9160113996,8517380333,10209833351,9369209904,8817608641,,,,Unknown,,,,,,,,,,,,,,,,,,,,,,,,,,,,,,Unknown,Unknown,Unknown,Unknown,Unknown,Unknown,Unknown,Unknown,Unknown,Unknown,Unknown,Unknown,2239141470,2144748764,2043703850,1939950599,1748195322,1722435626,2102042942,2219950127,2217257884,2213948925,2379411942,2513232604,2710974340,2470972787,2341712597,2316598437,2256315467,2236350610,2227491106,2437880855,2089753745,1881418529,2157768471,2396361847,2573033171,2559496938,2549610779,2522981215,2402590604,2355615682,2269501662,2334176887,2291564182,2155185513,2128830803,2239192699,2184791505,2180492408,Unknown,Unknown,Unknown,Totals,Totals,Notspecified,Totals,All,Standardised,Mobile/Service+equipmentrevenue/total|Publicationdate:24September2024Basedonhistoricaldatauptoquarter2of2024|Totalrevenueformobileservicesincludingwholesalerevenue(interconnectionroaming-inandhosting)plusrevenuefromdirectequipmentsales.Thisincludesonlyrevenuethatisbilledforbyoperators(ortheirserviceproviderorMVNOpartners)andexcludesmobileservicerevenuethatisbilledforseparatelybythirdpartiessuchascontentproviders.Servicerevenueisequaltoretailrevenuepluswholesalerevenue.
Mobile,Service+equipmentrevenue,total,Total,Sub-SaharanAfrica,Tanzania,Totalmarket,USD,,,Unknown,857162361,918957730,845139038,849521255,1027680389,1270709206,1357047352,1434521393,1308984696,1298168419,1221297824,1183662641,1143417304,1066822470,1104153803,1087514815,1269769028,,,,Unknown,,,,,,,,,,,,,,,,,,,,,,,,,,,,,,Unknown,Unknown,Unknown,Unknown,Unknown,Unknown,Unknown,Unknown,Unknown,Unknown,Unknown,Unknown,357370987,329995188,303744588,316187757,344344583,322605886,312258122,319051373,309146904,307038071,305836894,299291835,298433779,297750610,292631840,294839012,293156163,291264314,287419156,271538904,264576064,265794716,263551730,272875728,277293126,279714488,283976388,263115108,244615083,268569218,282172615,291961688,304078493,318114453,319918731,325884124,335584970,342257044,Unknown,Unknown,Unknown,Totals,Totals,Notspecified,Totals,All,Standardised,Mobile/Service+equipmentrevenue/total|Publicationdate:24September2024Basedonhistoricaldatauptoquarter2of2024|Totalrevenueformobileservicesincludingwholesalerevenue(interconnectionroaming-inandhosting)plusrevenuefromdirectequipmentsales.Thisincludesonlyrevenuethatisbilledforbyoperators(ortheirserviceproviderorMVNOpartners)andexcludesmobileservicerevenuethatisbilledforseparatelybythirdpartiessuchascontentproviders.Servicerevenueisequaltoretailrevenuepluswholesalerevenue.
Mobile,Service+equipmentrevenue,total,Total,Sub-SaharanAfrica,Uganda,Totalmarket,USD,,,Unknown,526295863,734770147,720627560,743611339,707618283,856300781,957306747,930349669,807398067,821151466,834111926,871203901,950788267,983221542,1055230469,1144221196,1405925023,,,,Unknown,,,,,,,,,,,,,,,,,,,,,,,,,,,,,,Unknown,Unknown,Unknown,Unknown,Unknown,Unknown,Unknown,Unknown,Unknown,Unknown,Unknown,Unknown,215019158,193743595,187760308,206947760,209142430,196816603,209079814,205918652,199031693,200118180,210072805,224818024,218238127,208963239,216926723,226876435,229171810,231675505,241716523,248332810,247891946,239266460,241809725,254352844,254763858,259632464,269743950,271267013,280755892,274259828,283388302,304381142,322954843,341202022,364828026,376807225,390841819,412540299,Unknown,Unknown,Unknown,Totals,Totals,Notspecified,Totals,All,Standardised,Mobile/Service+equipmentrevenue/total|Publicationdate:24September2024Basedonhistoricaldatauptoquarter2of2024|Totalrevenueformobileservicesincludingwholesalerevenue(interconnectionroaming-inandhosting)plusrevenuefromdirectequipmentsales.Thisincludesonlyrevenuethatisbilledforbyoperators(ortheirserviceproviderorMVNOpartners)andexcludesmobileservicerevenuethatisbilledforseparatelybythirdpartiessuchascontentproviders.Servicerevenueisequaltoretailrevenuepluswholesalerevenue.
Mobile,Service+equipmentrevenue,total,Total,Sub-SaharanAfrica,Zambia,Totalmarket,USD,,,Unknown,Unknown,339015538,227833079,302254037,446544926,492007525,573389558,628262260,483194212,423365890,455635143,452175375,428487429,348935756,388256239,510286905,529585328,,,,Unknown,,,,,,,,,,,,,,,,,,,,,,,,,,,,,,Unknown,Unknown,Unknown,Unknown,Unknown,Unknown,Unknown,Unknown,Unknown,Unknown,Unknown,Unknown,139325860,132186022,110103104,96312281,100194229,104778934,110352927,107921604,101690813,111502132,119541100,122805801,116072085,119620503,109334580,105320054,104436584,104173879,109394614,109201532,90820250,85965589,87755134,82562757,76724219,81052664,104612147,129995678,113849251,118130212,139288319,139708561,131168519,141144727,138300004,116809975,98117275,116655913,Unknown,Unknown,Unknown,Totals,Totals,Notspecified,Totals,All,Standardised,Mobile/Service+equipmentrevenue/total|Publicationdate:24September2024Basedonhistoricaldatauptoquarter2of2024|Totalrevenueformobileservicesincludingwholesalerevenue(interconnectionroaming-inandhosting)plusrevenuefromdirectequipmentsales.Thisincludesonlyrevenuethatisbilledforbyoperators(ortheirserviceproviderorMVNOpartners)andexcludesmobileservicerevenuethatisbilledforseparatelybythirdpartiessuchascontentproviders.Servicerevenueisequaltoretailrevenuepluswholesalerevenue.
Mobile,Servicerevenue,total,Total,Sub-SaharanAfrica,Cameroon,MTN,USD,,,Unknown,Unknown,281721730,287095071,266860719,425492328,454783800,522731903,578471126,433591690,404863815,383210528,365809765,365004894,398614640,482567687,459261131,535347582,,,,Unknown,,,,,,,,,,,,,,,,,,,,,,,,,,,,,,Unknown,Unknown,Unknown,Unknown,Unknown,Unknown,Unknown,Unknown,Unknown,Unknown,Unknown,Unknown,114699284,106043993,110304013,102697215,99738361,103939119,100437854,100701820,94236750,89304116,96849088,102846481,98883845,87377414,88698554,90785751,88889068,90020095,91560763,94546710,94891438,91739182,99272017,113333924,117024176,117650101,124416720,123072076,115067273,112057460,114098381,117094765,129366839,131135148,133106372,141737642,142825547,146815058,firstentrant,MTN,MTN,Totals,Totals,Notspecified,Totals,All,Standardised,Mobile/Servicerevenue/total|Publicationdate:24September2024Basedonhistoricaldatauptoquarter2of2024|Totalrevenueformobileservicesincludingwholesalerevenue(interconnectionroaming-inandhosting)butexcludingrevenuefromdirectequipmentsales.Thisincludesonlyrevenuethatisbilledforbyoperators(ortheirserviceproviderorMVNOpartners)andexcludesmobileservicerevenuethatisbilledforseparatelybythirdpartiessuchascontentproviders.Servicerevenueisequaltoretailrevenuepluswholesalerevenue.OperatorNotes:ThisoperatorisclassifiedasMobile:firstentrant.servicerevenueformobileservicesfromanoperator'sownsubscribersaswellasfromitshostedMVNOs’subscribers(apartfromWesternEuropeanmarketswhereMVNOdataisshownseparately).Thisincludestermination(interconnectionandroaming-in)revenue.
Mobile,Servicerevenue,total,Total,Sub-SaharanAfrica,Cameroon,Orange,USD,,,Unknown,Unknown,311070658,301446756,327690389,386873155,392091564,372960969,370294673,308977120,295557550,301216665,343711118,342441983,368613753,444262278,438179727,507788686,,,,Unknown,,,,,,,,,,,,,,,,,,,,,,,,,,,,,,Unknown,Unknown,Unknown,Unknown,Unknown,Unknown,Unknown,Unknown,Unknown,Unknown,Unknown,Unknown,75004061,73043027,80591576,80244385,75071192,74435368,75706585,70382100,66629614,71091378,79721457,84345918,86106992,85767851,86573611,85025190,85724815,86433219,86005871,84249091,86958170,85911997,93491620,102722738,105200137,112874239,113107905,112709280,113862366,108012663,106203629,109664906,119117982,123384626,127926188,137353439,141825546,144764734,firstentrant,Orange,Orange,Totals,Totals,Notspecified,Totals,All,Standardised,Mobile/Servicerevenue/total|Publicationdate:24September2024Basedonhistoricaldatauptoquarter2of2024|Totalrevenueformobileservicesincludingwholesalerevenue(interconnectionroaming-inandhosting)butexcludingrevenuefromdirectequipmentsales.Thisincludesonlyrevenuethatisbilledforbyoperators(ortheirserviceproviderorMVNOpartners)andexcludesmobileservicerevenuethatisbilledforseparatelybythirdpartiessuchascontentproviders.Servicerevenueisequaltoretailrevenuepluswholesalerevenue.OperatorNotes:ThisoperatorisclassifiedasMobile:firstentrant.servicerevenueformobileservicesfromanoperator'sownsubscribersaswellasfromitshostedMVNOs’subscribers(apartfromWesternEuropeanmarketswhereMVNOdataisshownseparately).Thisincludestermination(interconnectionandroaming-in)revenue.
Mobile,Servicerevenue,total,Total,Sub-SaharanAfrica,Cameroon,Viettel(Nexttel),USD,,,Unknown,Unknown,0,0,0,0,0,0,8821680,82699987,126054798,173130019,216902505,147516205,136956158,124443764,77991989,74382879,,,,Unknown,,,,,,,,,,,,,,,,,,,,,,,,,,,,,,Unknown,Unknown,Unknown,Unknown,Unknown,Unknown,Unknown,Unknown,Unknown,Unknown,Unknown,Unknown,11537263,18575030,25169032,27140120,28580319,30104206,32697351,34527583,35453029,41230584,47462006,49519428,54677173,57036450,55671802,49574592,40290047,36301295,36293143,34547786,34600516,32491156,33700199,36155418,35182772,33560096,30041454,25896837,22566808,19610138,17931288,18048894,18480108,18641941,18547536,18712647,18539752,17953274,thirdentrant,Viettel(Nexttel),Unknown,Totals,Totals,Notspecified,Totals,All,Standardised,Mobile/Servicerevenue/total|Publicationdate:24September2024Basedonhistoricaldatauptoquarter2of2024|Totalrevenueformobileservicesincludingwholesalerevenue(interconnectionroaming-inandhosting)butexcludingrevenuefromdirectequipmentsales.Thisincludesonlyrevenuethatisbilledforbyoperators(ortheirserviceproviderorMVNOpartners)andexcludesmobileservicerevenuethatisbilledforseparatelybythirdpartiessuchascontentproviders.Servicerevenueisequaltoretailrevenuepluswholesalerevenue.OperatorNotes:ThisoperatorisclassifiedasMobile:thirdentrant.servicerevenueformobileservicesfromanoperator'sownsubscribersaswellasfromitshostedMVNOs’subscribers(apartfromWesternEuropeanmarketswhereMVNOdataisshownseparately).Thisincludestermination(interconnectionandroaming-in)revenue.
Mobile,Servicerevenue,total,Total,Sub-SaharanAfrica,Cameroon,Camtel,USD,,,Unknown,Unknown,0,0,0,0,0,0,0,0,119880,1448973,6290872,10459869,14195876,20743357,22465069,27268691,,,,Unknown,,,,,,,,,,,,,,,,,,,,,,,,,,,,,,Unknown,Unknown,Unknown,Unknown,Unknown,Unknown,Unknown,Unknown,Unknown,Unknown,Unknown,Unknown,0,0,0,0,0,2753,30938,84165,158702,275960,403583,630230,1040525,1436072,1772632,1998221,2230208,2526680,2795894,2913878,3164261,3230894,3621148,4218074,4622770,5113702,5419249,5552293,5635281,5499628,5458644,5828546,6269535,6624290,6882527,7492362,7705365,7743208,fourthentrant,Camtel,Unknown,Totals,Totals,Notspecified,Totals,All,Standardised,Mobile/Servicerevenue/total|Publicationdate:24September2024Basedonhistoricaldatauptoquarter2of2024|Totalrevenueformobileservicesincludingwholesalerevenue(interconnectionroaming-inandhosting)butexcludingrevenuefromdirectequipmentsales.Thisincludesonlyrevenuethatisbilledforbyoperators(ortheirserviceproviderorMVNOpartners)andexcludesmobileservicerevenuethatisbilledforseparatelybythirdpartiessuchascontentproviders.Servicerevenueisequaltoretailrevenuepluswholesalerevenue.OperatorNotes:ThisoperatorisclassifiedasMobile:fourthentrant.servicerevenueformobileservicesfromanoperator'sownsubscribersaswellasfromitshostedMVNOs’subscribers(apartfromWesternEuropeanmarketswhereMVNOdataisshownseparately).Thisincludestermination(interconnectionandroaming-in)revenue.
Mobile,Servicerevenue,total,Total,Sub-SaharanAfrica,Cameroon,Totalmarket,USD,,,Unknown,Unknown,592792387,588541826,594551107,812365483,846875363,895692872,957587479,825268797,826596043,859006186,932714260,865422951,918380427,1072017086,997897916,1144787837,,,,Unknown,,,,,,,,,,,,,,,,,,,,,,,,,,,,,,Unknown,Unknown,Unknown,Unknown,Unknown,Unknown,Unknown,Unknown,Unknown,Unknown,Unknown,Unknown,201240609,197662050,216064621,210081720,203389873,208481446,208872729,205695669,196478095,201902038,224436135,237342057,240708535,231617787,232716600,227383756,217134139,215281289,216655671,216257465,219614385,213373230,230084985,256430155,262029855,269198138,272985328,267230486,257131729,245179889,243691942,250637110,273234464,279786005,286462624,305296090,310896210,317276274,Unknown,Unknown,Unknown,Totals,Totals,Notspecified,Totals,All,Standardised,Mobile/Servicerevenue/total|Publicationdate:24September2024Basedonhistoricaldatauptoquarter2of2024|Totalrevenueformobileservicesincludingwholesalerevenue(interconnectionroaming-inandhosting)butexcludingrevenuefromdirectequipmentsales.Thisincludesonlyrevenuethatisbilledforbyoperators(ortheirserviceproviderorMVNOpartners)andexcludesmobileservicerevenuethatisbilledforseparatelybythirdpartiessuchascontentproviders.Servicerevenueisequaltoretailrevenuepluswholesalerevenue.servicerevenueformobileservicesfromanoperator'sownsubscribersaswellasfromitshostedMVNOs’subscribers(apartfromWesternEuropeanmarketswhereMVNOdataisshownseparately).Thisincludestermination(interconnectionandroaming-in)revenue.
Mobile,Servicerevenue,total,Total,Sub-SaharanAfrica,CôtedIvoire,MTN,USD,,,Unknown,Unknown,Unknown,467520609,456490717,473057792,510946847,542268931,546285553,468973743,474027426,556446011,529033132,473711087,525742062,594588905,531231164,560463440,,,,Unknown,,,,,,,,,,,,,,,,,,,,,,,,,,,,,,Unknown,Unknown,Unknown,Unknown,Unknown,Unknown,Unknown,Unknown,Unknown,Unknown,Unknown,Unknown,123531002,118057970,118507974,108998016,116291915,121394237,117623310,118643211,133517512,136474701,139734791,146525116,146340169,132577800,125895083,124590404,118494489,116476319,118096648,120532988,124224226,121478522,131069403,149839527,150387665,148365592,150902094,144859270,132872736,130522906,127830600,138878749,142026893,145990046,135600246,136770644,130968542,131133038,firstentrant,MTN,MTN,Totals,Totals,Notspecified,Totals,All,Standardised,Mobile/Servicerevenue/total|Publicationdate:24September2024Basedonhistoricaldatauptoquarter2of2024|Totalrevenueformobileservicesincludingwholesalerevenue(interconnectionroaming-inandhosting)butexcludingrevenuefromdirectequipmentsales.Thisincludesonlyrevenuethatisbilledforbyoperators(ortheirserviceproviderorMVNOpartners)andexcludesmobileservicerevenuethatisbilledforseparatelybythirdpartiessuchascontentproviders.Servicerevenueisequaltoretailrevenuepluswholesalerevenue.OperatorNotes:ThisoperatorisclassifiedasMobile:firstentrant.servicerevenueformobileservicesfromanoperator'sownsubscribersaswellasfromitshostedMVNOs’subscribers(apartfromWesternEuropeanmarketswhereMVNOdataisshownseparately).Thisincludestermination(interconnectionandroaming-in)revenue.
Mobile,Servicerevenue,total,Total,Sub-SaharanAfrica,CôtedIvoire,Orange,USD,,,Unknown,Unknown,Unknown,421004075,441688062,490406719,566112105,649066506,732817416,697040739,741077274,763377414,776706211,641346632,712438565,794379152,714943727,705180565,,,,Unknown,,,,,,,,,,,,,,,,,,,,,,,,,,,,,,Unknown,Unknown,Unknown,Unknown,Unknown,Unknown,Unknown,Unknown,Unknown,Unknown,Unknown,Unknown,170248894,166716724,176927759,182893369,179893432,181907265,186374767,192501241,166961364,199571943,192723771,204755283,199489902,187596808,187910700,201656885,163280520,154426916,158015541,165462230,168583688,161071557,184240883,199627322,190722135,195382948,201004570,206532793,193805266,188300899,160561562,173056814,182249150,173460383,170842270,178705905,179204515,169654600,firstentrant,Orange,Orange,Totals,Totals,Notspecified,Totals,All,Standardised,Mobile/Servicerevenue/total|Publicationdate:24September2024Basedonhistoricaldatauptoquarter2of2024|Totalrevenueformobileservicesincludingwholesalerevenue(interconnectionroaming-inandhosting)butexcludingrevenuefromdirectequipmentsales.Thisincludesonlyrevenuethatisbilledforbyoperators(ortheirserviceproviderorMVNOpartners)andexcludesmobileservicerevenuethatisbilledforseparatelybythirdpartiessuchascontentproviders.Servicerevenueisequaltoretailrevenuepluswholesalerevenue.OperatorNotes:ThisoperatorisclassifiedasMobile:firstentrant.servicerevenueformobileservicesfromanoperator'sownsubscribersaswellasfromitshostedMVNOs’subscribers(apartfromWesternEuropeanmarketswhereMVNOdataisshownseparately).Thisincludestermination(interconnectionandroaming-in)revenue.
Mobile,Servicerevenue,total,Total,Sub-SaharanAfrica,CôtedIvoire,MarocTelecom(Moov),USD,,,Unknown,Unknown,Unknown,232582671,217985361,216366921,223295895,226574444,208424775,202065268,244648404,299737529,337901870,305478389,319162142,333120635,308449000,333337264,,,,Unknown,,,,,,,,,,,,,,,,,,,,,,,,,,,,,,Unknown,Unknown,Unknown,Unknown,Unknown,Unknown,Unknown,Unknown,Unknown,Unknown,Unknown,Unknown,44386740,44490029,54501179,58493779,61776770,59354577,59453997,63912625,63958091,68825859,82085592,85836626,82784612,83655722,82654225,88684077,81855621,74221663,74025940,75419280,77634063,73562194,78419980,89981943,85652395,80511483,81559112,85273472,80925984,76660276,73352921,77275640,83667990,85751500,79169603,84781858,88726868,90470573,thirdentrant,MarocTelecom(Moov),Etisalat,Totals,Totals,Notspecified,Totals,All,Standardised,Mobile/Servicerevenue/total|Publicationdate:24September2024Basedonhistoricaldatauptoquarter2of2024|Totalrevenueformobileservicesincludingwholesalerevenue(interconnectionroaming-inandhosting)butexcludingrevenuefromdirectequipmentsales.Thisincludesonlyrevenuethatisbilledforbyoperators(ortheirserviceproviderorMVNOpartners)andexcludesmobileservicerevenuethatisbilledforseparatelybythirdpartiessuchascontentproviders.Servicerevenueisequaltoretailrevenuepluswholesalerevenue.OperatorNotes:ThisoperatorisclassifiedasMobile:thirdentrant.servicerevenueformobileservicesfromanoperator'sownsubscribersaswellasfromitshostedMVNOs’subscribers(apartfromWesternEuropeanmarketswhereMVNOdataisshownseparately).Thisincludestermination(interconnectionandroaming-in)revenue.
Mobile,Servicerevenue,total,Total,Sub-SaharanAfrica,CôtedIvoire,Comium,USD,,,Unknown,Unknown,Unknown,56290894,53031678,52959099,55046925,55197057,47786897,35403621,0,0,0,0,0,0,0,0,,,,Unknown,,,,,,,,,,,,,,,,,,,,,,,,,,,,,,Unknown,Unknown,Unknown,Unknown,Unknown,Unknown,Unknown,Unknown,Unknown,Unknown,Unknown,Unknown,10640571,9859011,8676991,6276010,0,0,0,0,0,0,0,0,0,0,0,0,0,0,0,0,0,0,0,0,0,0,0,0,0,0,0,0,0,0,0,0,0,0,fourthentrant,Comium,Unknown,Totals,Totals,Notspecified,Totals,All,Standardised,Mobile/Servicerevenue/total|Publicationdate:24September2024Basedonhistoricaldatauptoquarter2of2024|Totalrevenueformobileservicesincludingwholesalerevenue(interconnectionroaming-inandhosting)butexcludingrevenuefromdirectequipmentsales.Thisincludesonlyrevenuethatisbilledforbyoperators(ortheirserviceproviderorMVNOpartners)andexcludesmobileservicerevenuethatisbilledforseparatelybythirdpartiessuchascontentproviders.Servicerevenueisequaltoretailrevenuepluswholesalerevenue.OperatorNotes:ThisoperatorisclassifiedasMobile:fourthentrant.servicerevenueformobileservicesfromanoperator'sownsubscribersaswellasfromitshostedMVNOs’subscribers(apartfromWesternEuropeanmarketswhereMVNOdataisshownseparately).Thisincludestermination(interconnectionandroaming-in)revenue.
Mobile,Servicerevenue,total,Total,Sub-SaharanAfrica,CôtedIvoire,GreenN,USD,,,Unknown,Unknown,Unknown,235527,1730597,3535743,5915903,9725029,18908798,12566463,0,0,0,0,0,0,0,0,,,,Unknown,,,,,,,,,,,,,,,,,,,,,,,,,,,,,,Unknown,Unknown,Unknown,Unknown,Unknown,Unknown,Unknown,Unknown,Unknown,Unknown,Unknown,Unknown,5772677,3426693,1650738,1787194,0,0,0,0,0,0,0,0,0,0,0,0,0,0,0,0,0,0,0,0,0,0,0,0,0,0,0,0,0,0,0,0,0,0,laterentrant,GreenN,Unknown,Totals,Totals,Notspecified,Totals,All,Standardised,Mobile/Servicerevenue/total|Publicationdate:24September2024Basedonhistoricaldatauptoquarter2of2024|Totalrevenueformobileservicesincludingwholesalerevenue(interconnectionroaming-inandhosting)butexcludingrevenuefromdirectequipmentsales.Thisincludesonlyrevenuethatisbilledforbyoperators(ortheirserviceproviderorMVNOpartners)andexcludesmobileservicerevenuethatisbilledforseparatelybythirdpartiessuchascontentproviders.Servicerevenueisequaltoretailrevenuepluswholesalerevenue.OperatorNotes:ThisoperatorisclassifiedasMobile:laterentrant.servicerevenueformobileservicesfromanoperator'sownsubscribersaswellasfromitshostedMVNOs’subscribers(apartfromWesternEuropeanmarketswhereMVNOdataisshownseparately).Thisincludestermination(interconnectionandroaming-in)revenue.
Mobile,Servicerevenue,total,Total,Sub-SaharanAfrica,CôtedIvoire,Totalmarket,USD,,,Unknown,Unknown,Unknown,1177633776,1170926415,1236326274,1361317675,1482831967,1554223440,1416049834,1459753105,1619560953,1643641213,1420536109,1557342769,1722088692,1554623891,1598981269,,,,Unknown,,,,,,,,,,,,,,,,,,,,,,,,,,,,,,Unknown,Unknown,Unknown,Unknown,Unknown,Unknown,Unknown,Unknown,Unknown,Unknown,Unknown,Unknown,354579884,342550427,360264640,358448368,357962117,362656079,363452074,375057076,364436966,404872503,414544155,437117025,428614682,403830330,396460008,414931366,363630630,345124898,350138129,361414497,370441977,356112273,393730267,439448793,426762196,424260023,433465775,436665534,407603986,395484081,361745082,389211204,407944033,405201929,385612119,400258407,398899925,391258212,Unknown,Unknown,Unknown,Totals,Totals,Notspecified,Totals,All,Standardised,Mobile/Servicerevenue/total|Publicationdate:24September2024Basedonhistoricaldatauptoquarter2of2024|Totalrevenueformobileservicesincludingwholesalerevenue(interconnectionroaming-inandhosting)butexcludingrevenuefromdirectequipmentsales.Thisincludesonlyrevenuethatisbilledforbyoperators(ortheirserviceproviderorMVNOpartners)andexcludesmobileservicerevenuethatisbilledforseparatelybythirdpartiessuchascontentproviders.Servicerevenueisequaltoretailrevenuepluswholesalerevenue.servicerevenueformobileservicesfromanoperator'sownsubscribersaswellasfromitshostedMVNOs’subscribers(apartfromWesternEuropeanmarketswhereMVNOdataisshownseparately).Thisincludestermination(interconnectionandroaming-in)revenue.
Mobile,Servicerevenue,total,Total,Sub-SaharanAfrica,Ghana,MTN,USD,,,Unknown,557748409,712005262,704865773,754477117,797981362,827119717,836507484,642463454,600835145,699723974,779099621,885860102,943676923,1029578984,1281252179,1088314176,1125442825,,,,Unknown,,,,,,,,,,,,,,,,,,,,,,,,,,,,,,Unknown,Unknown,Unknown,Unknown,Unknown,Unknown,Unknown,Unknown,Unknown,Unknown,Unknown,Unknown,142607781,141627479,158014799,155972510,161722931,177821367,176147253,182934132,180145153,180006831,199675936,218144474,227287792,215146064,216999857,225817463,220890352,225011331,239774546,254948549,253327800,245507325,251907672,278564631,303496930,312948529,331824654,331965234,309340239,300854957,236767531,230316150,243361761,280831698,297076058,303679842,301246081,305641247,thirdentrant,MTN,MTN,Totals,Totals,Notspecified,Totals,All,Standardised,Mobile/Servicerevenue/total|Publicationdate:24September2024Basedonhistoricaldatauptoquarter2of2024|Totalrevenueformobileservicesincludingwholesalerevenue(interconnectionroaming-inandhosting)butexcludingrevenuefromdirectequipmentsales.Thisincludesonlyrevenuethatisbilledforbyoperators(ortheirserviceproviderorMVNOpartners)andexcludesmobileservicerevenuethatisbilledforseparatelybythirdpartiessuchascontentproviders.Servicerevenueisequaltoretailrevenuepluswholesalerevenue.OperatorNotes:ThisoperatorisclassifiedasMobile:thirdentrant.servicerevenueformobileservicesfromanoperator'sownsubscribersaswellasfromitshostedMVNOs’subscribers(apartfromWesternEuropeanmarketswhereMVNOdataisshownseparately).Thisincludestermination(interconnectionandroaming-in)revenue.
Mobile,Servicerevenue,total,Total,Sub-SaharanAfrica,Ghana,Expresso,USD,,,Unknown,27581260,29987944,21402139,16018113,12543349,8659101,5685800,3149247,3125884,2739195,999947,87733,0,0,0,0,0,,,,Unknown,,,,,,,,,,,,,,,,,,,,,,,,,,,,,,Unknown,Unknown,Unknown,Unknown,Unknown,Unknown,Unknown,Unknown,Unknown,Unknown,Unknown,Unknown,737615,755238,838124,778467,712300,693769,650405,682066,460726,223399,145799,176489,91401,0,0,0,0,0,0,0,0,0,0,0,0,0,0,0,0,0,0,0,0,0,0,0,0,0,secondentrant,Expresso,Unknown,Totals,Totals,Notspecified,Totals,All,Standardised,Mobile/Servicerevenue/total|Publicationdate:24September2024Basedonhistoricaldatauptoquarter2of2024|Totalrevenueformobileservicesincludingwholesalerevenue(interconnectionroaming-inandhosting)butexcludingrevenuefromdirectequipmentsales.Thisincludesonlyrevenuethatisbilledforbyoperators(ortheirserviceproviderorMVNOpartners)andexcludesmobileservicerevenuethatisbilledforseparatelybythirdpartiessuchascontentproviders.Servicerevenueisequaltoretailrevenuepluswholesalerevenue.OperatorNotes:ThisoperatorisclassifiedasMobile:secondentrant.servicerevenueformobileservicesfromanoperator'sownsubscribersaswellasfromitshostedMVNOs’subscribers(apartfromWesternEuropeanmarketswhereMVNOdataisshownseparately).Thisincludestermination(interconnectionandroaming-in)revenue.
Mobile,Servicerevenue,total,Total,Sub-SaharanAfrica,Ghana,Tigo,USD,,,Unknown,189354293,215587276,195075190,211182110,206823490,164000000,129930333,93502343,96865807,101516502,79732641,0,0,0,0,0,0,,,,Unknown,,,,,,,,,,,,,,,,,,,,,,,,,,,,,,Unknown,Unknown,Unknown,Unknown,Unknown,Unknown,Unknown,Unknown,Unknown,Unknown,Unknown,Unknown,23358895,23345902,25463473,24263375,24024954,25282578,24815878,27216892,26602917,28050963,25648944,0,0,0,0,0,0,0,0,0,0,0,0,0,0,0,0,0,0,0,0,0,0,0,0,0,0,0,firstentrant,Tigo,Unknown,Totals,Totals,Notspecified,Totals,All,Standardised,Mobile/Servicerevenue/total|Publicationdate:24September2024Basedonhistoricaldatauptoquarter2of2024|Totalrevenueformobileservicesincludingwholesalerevenue(interconnectionroaming-inandhosting)butexcludingrevenuefromdirectequipmentsales.Thisincludesonlyrevenuethatisbilledforbyoperators(ortheirserviceproviderorMVNOpartners)andexcludesmobileservicerevenuethatisbilledforseparatelybythirdpartiessuchascontentproviders.Servicerevenueisequaltoretailrevenuepluswholesalerevenue.OperatorNotes:ThisoperatorisclassifiedasMobile:firstentrant.servicerevenueformobileservicesfromanoperator'sownsubscribersaswellasfromitshostedMVNOs’subscribers(apartfromWesternEuropeanmarketswhereMVNOdataisshownseparately).Thisincludestermination(interconnectionandroaming-in)revenue.
Mobile,Servicerevenue,total,Total,Sub-SaharanAfrica,Ghana,TelecelGroup(Vodafone),USD,,,Unknown,88476447,109994535,122778684,155597127,228712796,320054345,345530615,259441910,208225702,243347868,218421437,204511075,181843675,143054040,142793943,84533661,67117724,,,,Unknown,,,,,,,,,,,,,,,,,,,,,,,,,,,,,,Unknown,Unknown,Unknown,Unknown,Unknown,Unknown,Unknown,Unknown,Unknown,Unknown,Unknown,Unknown,57564134,49599006,49388676,51679296,60668614,61907039,61334193,59351188,54946851,54687560,54896432,53857611,53003973,51822087,49638737,50029480,50120833,47337699,43939296,40694836,38092177,36503042,34700889,33790120,35111491,36730365,37024514,33928958,27197642,22351211,18197974,16809955,16791076,17113348,16713358,16492760,15491101,15001897,fourthentrant,TelecelGroup(Vodafone),Unknown,Totals,Totals,Notspecified,Totals,All,Standardised,Mobile/Servicerevenue/total|Publicationdate:24September2024Basedonhistoricaldatauptoquarter2of2024|Totalrevenueformobileservicesincludingwholesalerevenue(interconnectionroaming-inandhosting)butexcludingrevenuefromdirectequipmentsales.Thisincludesonlyrevenuethatisbilledforbyoperators(ortheirserviceproviderorMVNOpartners)andexcludesmobileservicerevenuethatisbilledforseparatelybythirdpartiessuchascontentproviders.Servicerevenueisequaltoretailrevenuepluswholesalerevenue.OperatorNotes:ThisoperatorisclassifiedasMobile:fourthentrant.servicerevenueformobileservicesfromanoperator'sownsubscribersaswellasfromitshostedMVNOs’subscribers(apartfromWesternEuropeanmarketswhereMVNOdataisshownseparately).Thisincludestermination(interconnectionandroaming-in)revenue.
Mobile,Servicerevenue,total,Total,Sub-SaharanAfrica,Ghana,Airtel,USD,,,Unknown,0,12900000,56700000,113178792,190628884,242187519,243284080,170874684,135969060,134349476,80527928,0,0,0,0,0,0,,,,Unknown,,,,,,,,,,,,,,,,,,,,,,,,,,,,,,Unknown,Unknown,Unknown,Unknown,Unknown,Unknown,Unknown,Unknown,Unknown,Unknown,Unknown,Unknown,36629976,31857231,32441884,35003230,34849907,34517469,33536440,31492356,28668590,26742497,25726567,0,0,0,0,0,0,0,0,0,0,0,0,0,0,0,0,0,0,0,0,0,0,0,0,0,0,0,laterentrant,Airtel,Unknown,Totals,Totals,Notspecified,Totals,All,Standardised,Mobile/Servicerevenue/total|Publicationdate:24September2024Basedonhistoricaldatauptoquarter2of2024|Totalrevenueformobileservicesincludingwholesalerevenue(interconnectionroaming-inandhosting)butexcludingrevenuefromdirectequipmentsales.Thisincludesonlyrevenuethatisbilledforbyoperators(ortheirserviceproviderorMVNOpartners)andexcludesmobileservicerevenuethatisbilledforseparatelybythirdpartiessuchascontentproviders.Servicerevenueisequaltoretailrevenuepluswholesalerevenue.OperatorNotes:ThisoperatorisclassifiedasMobile:laterentrant.servicerevenueformobileservicesfromanoperator'sownsubscribersaswellasfromitshostedMVNOs’subscribers(apartfromWesternEuropeanmarketswhereMVNOdataisshownseparately).Thisincludestermination(interconnectionandroaming-in)revenue.
Mobile,Servicerevenue,total,Total,Sub-SaharanAfrica,Ghana,Glo,USD,,,Unknown,0,0,0,0,0,55167897,96076847,62127733,49609055,33494186,25390420,26212966,24532285,23835796,28712513,17926010,3477447,,,,Unknown,,,,,,,,,,,,,,,,,,,,,,,,,,,,,,Unknown,Unknown,Unknown,Unknown,Unknown,Unknown,Unknown,Unknown,Unknown,Unknown,Unknown,Unknown,13599109,12151072,12021180,11787151,10628925,8697034,7539786,6742174,6192614,6352904,6100692,6727300,6421836,6433726,6659626,6662929,6022418,5885111,6157771,6414112,6173008,5818962,5741619,6101619,6524616,6806728,7634374,7709509,6535913,6608916,3832134,1809316,1560999,1160661,573081,196267,41072,0,laterentrant,Glo,Unknown,Totals,Totals,Notspecified,Totals,All,Standardised,Mobile/Servicerevenue/total|Publicationdate:24September2024Basedonhistoricaldatauptoquarter2of2024|Totalrevenueformobileservicesincludingwholesalerevenue(interconnectionroaming-inandhosting)butexcludingrevenuefromdirectequipmentsales.Thisincludesonlyrevenuethatisbilledforbyoperators(ortheirserviceproviderorMVNOpartners)andexcludesmobileservicerevenuethatisbilledforseparatelybythirdpartiessuchascontentproviders.Servicerevenueisequaltoretailrevenuepluswholesalerevenue.OperatorNotes:ThisoperatorisclassifiedasMobile:laterentrant.servicerevenueformobileservicesfromanoperator'sownsubscribersaswellasfromitshostedMVNOs’subscribers(apartfromWesternEuropeanmarketswhereMVNOdataisshownseparately).Thisincludestermination(interconnectionandroaming-in)revenue.
Mobile,Servicerevenue,total,Total,Sub-SaharanAfrica,Ghana,AirtelTigo(AT),USD,,,Unknown,0,0,0,0,0,0,0,0,0,0,58450804,186617106,143214428,131990592,123418906,78285076,39944708,,,,Unknown,,,,,,,,,,,,,,,,,,,,,,,,,,,,,,Unknown,Unknown,Unknown,Unknown,Unknown,Unknown,Unknown,Unknown,Unknown,Unknown,Unknown,Unknown,0,0,0,0,0,0,0,0,0,0,0,57191172,55166277,50472159,43273441,38278335,37120153,36365572,35309084,34368646,36534482,31446729,31785913,32249429,31744334,31060890,30635052,29986603,26506311,21946309,16847334,13889660,13476544,11387041,7865900,7250591,5789124,4600867,laterentrant,AirtelTigo(AT),Unknown,Totals,Totals,Notspecified,Totals,All,Standardised,Mobile/Servicerevenue/total|Publicationdate:24September2024Basedonhistoricaldatauptoquarter2of2024|Totalrevenueformobileservicesincludingwholesalerevenue(interconnectionroaming-inandhosting)butexcludingrevenuefromdirectequipmentsales.Thisincludesonlyrevenuethatisbilledforbyoperators(ortheirserviceproviderorMVNOpartners)andexcludesmobileservicerevenuethatisbilledforseparatelybythirdpartiessuchascontentproviders.Servicerevenueisequaltoretailrevenuepluswholesalerevenue.OperatorNotes:ThisoperatorisclassifiedasMobile:laterentrant.servicerevenueformobileservicesfromanoperator'sownsubscribersaswellasfromitshostedMVNOs’subscribers(apartfromWesternEuropeanmarketswhereMVNOdataisshownseparately).Thisincludestermination(interconnectionandroaming-in)revenue.
Mobile,Servicerevenue,total,Total,Sub-SaharanAfrica,Ghana,Totalmarket,USD,,,Unknown,863160408,1080475018,1100821786,1250453258,1436689880,1617188579,1657015160,1231559371,1094630652,1215171201,1242622798,1303288983,1293267311,1328459413,1576177541,1269058923,1235982704,,,,Unknown,,,,,,,,,,,,,,,,,,,,,,,,,,,,,,Unknown,Unknown,Unknown,Unknown,Unknown,Unknown,Unknown,Unknown,Unknown,Unknown,Unknown,Unknown,274497511,259335928,278168137,279484029,292607631,308919256,304023955,308418809,297016851,296064155,312194370,336097045,341971278,323874036,316571661,320788207,314153755,314599712,325180697,336426142,334127468,319276058,324136093,350705800,376877371,387546512,407118594,403590305,369580105,351761393,275644973,262825081,275190380,310492748,322228396,327619460,322567378,325244010,Unknown,Unknown,Unknown,Totals,Totals,Notspecified,Totals,All,Standardised,Mobile/Servicerevenue/total|Publicationdate:24September2024Basedonhistoricaldatauptoquarter2of2024|Totalrevenueformobileservicesincludingwholesalerevenue(interconnectionroaming-inandhosting)butexcludingrevenuefromdirectequipmentsales.Thisincludesonlyrevenuethatisbilledforbyoperators(ortheirserviceproviderorMVNOpartners)andexcludesmobileservicerevenuethatisbilledforseparatelybythirdpartiessuchascontentproviders.Servicerevenueisequaltoretailrevenuepluswholesalerevenue.servicerevenueformobileservicesfromanoperator'sownsubscribersaswellasfromitshostedMVNOs’subscribers(apartfromWesternEuropeanmarketswhereMVNOdataisshownseparately).Thisincludestermination(interconnectionandroaming-in)revenue.
Mobile,Servicerevenue,total,Total,Sub-SaharanAfrica,Kenya,Safaricom,USD,,,Unknown,874763630,937030498,1023611399,1098363979,1122671415,1368968213,1580829540,1711232955,1682367760,1859272850,2026874137,2213354132,2264061908,2039127989,2252847942,2199594923,2032229581,,,,Unknown,,,,,,,,,,,,,,,,,,,,,,,,,,,,,,Unknown,Unknown,Unknown,Unknown,Unknown,Unknown,Unknown,Unknown,Unknown,Unknown,Unknown,Unknown,430408989,421611166,405839058,421575260,446733792,456960024,468773197,486772292,500182571,499418886,506095791,521141265,539526613,550943162,557899306,565029615,574487528,575496574,571277732,542861829,520267208,503190262,486476966,528495632,555293794,562041580,571104630,564107319,560839767,550411796,540349654,547145449,534788759,513917506,498014286,481986017,519361523,582836198,firstentrant,Safaricom,Vodafone,Totals,Totals,Notspecified,Totals,All,Standardised,Mobile/Servicerevenue/total|Publicationdate:24September2024Basedonhistoricaldatauptoquarter2of2024|Totalrevenueformobileservicesincludingwholesalerevenue(interconnectionroaming-inandhosting)butexcludingrevenuefromdirectequipmentsales.Thisincludesonlyrevenuethatisbilledforbyoperators(ortheirserviceproviderorMVNOpartners)andexcludesmobileservicerevenuethatisbilledforseparatelybythirdpartiessuchascontentproviders.Servicerevenueisequaltoretailrevenuepluswholesalerevenue.OperatorNotes:ThisoperatorisclassifiedasMobile:firstentrant.March2017:ownedbyVodafoneKenya(40%)whichisitselfownedbyVodafoneGroup(87.5%)servicerevenueformobileservicesfromanoperator'sownsubscribersaswellasfromitshostedMVNOs’subscribers(apartfromWesternEuropeanmarketswhereMVNOdataisshownseparately).Thisincludestermination(interconnectionandroaming-in)revenue.
Mobile,Servicerevenue,total,Total,Sub-SaharanAfrica,Kenya,Airtel,USD,,,Unknown,194300000,162400000,153800000,156573245,195187897,250441202,263597846,270022484,297681381,314355260,297560705,420712980,529741718,578052882,594805536,548614680,490591560,,,,Unknown,,,,,,,,,,,,,,,,,,,,,,,,,,,,,,Unknown,Unknown,Unknown,Unknown,Unknown,Unknown,Unknown,Unknown,Unknown,Unknown,Unknown,Unknown,77132556,74415775,72030617,73686151,76120392,77170843,81022418,80048105,74867903,72894209,72127674,77676297,90357954,102609715,110208478,117629099,129234487,133414726,130954786,136088037,140876830,141963968,145685414,149062880,148447039,150798051,151784401,143830044,138780282,137859341,136322188,135430386,130290418,122974042,119716188,116811900,126035227,142106046,secondentrant,Airtel,Airtel,Totals,Totals,Notspecified,Totals,All,Standardised,Mobile/Servicerevenue/total|Publicationdate:24September2024Basedonhistoricaldatauptoquarter2of2024|Totalrevenueformobileservicesincludingwholesalerevenue(interconnectionroaming-inandhosting)butexcludingrevenuefromdirectequipmentsales.Thisincludesonlyrevenuethatisbilledforbyoperators(ortheirserviceproviderorMVNOpartners)andexcludesmobileservicerevenuethatisbilledforseparatelybythirdpartiessuchascontentproviders.Servicerevenueisequaltoretailrevenuepluswholesalerevenue.OperatorNotes:ThisoperatorisclassifiedasMobile:secondentrant.servicerevenueformobileservicesfromanoperator'sownsubscribersaswellasfromitshostedMVNOs’subscribers(apartfromWesternEuropeanmarketswhereMVNOdataisshownseparately).Thisincludestermination(interconnectionandroaming-in)revenue.
Mobile,Servicerevenue,total,Total,Sub-SaharanAfrica,Kenya,TelkomKenya,USD,,,Unknown,0,13735723,41296052,51090821,54244101,54133791,58586628,46959100,56465006,53655209,53416294,57962090,57169554,60393169,64390827,50306307,28136397,,,,Unknown,,,,,,,,,,,,,,,,,,,,,,,,,,,,,,Unknown,Unknown,Unknown,Unknown,Unknown,Unknown,Unknown,Unknown,Unknown,Unknown,Unknown,Unknown,14326975,13823899,14170241,14015281,13646776,13668350,13408349,12932501,12540867,12917046,13724842,14229169,14688961,14615029,14315170,14340249,14258888,14340185,14260084,14307704,14465855,14575616,15214141,16069007,16231682,16113393,16138719,15903645,14780781,13074548,11746686,10821337,9494674,7947952,6509949,4537218,3482001,2604551,thirdentrant,TelkomKenya,Unknown,Totals,Totals,Notspecified,Totals,All,Standardised,Mobile/Servicerevenue/total|Publicationdate:24September2024Basedonhistoricaldatauptoquarter2of2024|Totalrevenueformobileservicesincludingwholesalerevenue(interconnectionroaming-inandhosting)butexcludingrevenuefromdirectequipmentsales.Thisincludesonlyrevenuethatisbilledforbyoperators(ortheirserviceproviderorMVNOpartners)andexcludesmobileservicerevenuethatisbilledforseparatelybythirdpartiessuchascontentproviders.Servicerevenueisequaltoretailrevenuepluswholesalerevenue.OperatorNotes:ThisoperatorisclassifiedasMobile:thirdentrant.servicerevenueformobileservicesfromanoperator'sownsubscribersaswellasfromitshostedMVNOs’subscribers(apartfromWesternEuropeanmarketswhereMVNOdataisshownseparately).Thisincludestermination(interconnectionandroaming-in)revenue.
Mobile,Servicerevenue,total,Total,Sub-SaharanAfrica,Kenya,EssarTelecom(yu),USD,,,Unknown,0,3919265,39340235,79484438,86156352,115013476,121713530,114951238,0,0,0,0,0,0,0,0,0,,,,Unknown,,,,,,,,,,,,,,,,,,,,,,,,,,,,,,Unknown,Unknown,Unknown,Unknown,Unknown,Unknown,Unknown,Unknown,Unknown,Unknown,Unknown,Unknown,0,0,0,0,0,0,0,0,0,0,0,0,0,0,0,0,0,0,0,0,0,0,0,0,0,0,0,0,0,0,0,0,0,0,0,0,0,0,fourthentrant,EssarTelecom(yu),Unknown,Totals,Totals,Notspecified,Totals,All,Standardised,Mobile/Servicerevenue/total|Publicationdate:24September2024Basedonhistoricaldatauptoquarter2of2024|Totalrevenueformobileservicesincludingwholesalerevenue(interconnectionroaming-inandhosting)butexcludingrevenuefromdirectequipmentsales.Thisincludesonlyrevenuethatisbilledforbyoperators(ortheirserviceproviderorMVNOpartners)andexcludesmobileservicerevenuethatisbilledforseparatelybythirdpartiessuchascontentproviders.Servicerevenueisequaltoretailrevenuepluswholesalerevenue.OperatorNotes:ThisoperatorisclassifiedasMobile:fourthentrant.servicerevenueformobileservicesfromanoperator'sownsubscribersaswellasfromitshostedMVNOs’subscribers(apartfromWesternEuropeanmarketswhereMVNOdataisshownseparately).Thisincludestermination(interconnectionandroaming-in)revenue.
Mobile,Servicerevenue,total,Total,Sub-SaharanAfrica,Kenya,JamiiTelecommunications(Faiba),USD,,,Unknown,0,0,0,0,0,0,0,0,0,0,18354,939191,2295059,3649256,5002148,6401204,7896974,,,,Unknown,,,,,,,,,,,,,,,,,,,,,,,,,,,,,,Unknown,Unknown,Unknown,Unknown,Unknown,Unknown,Unknown,Unknown,Unknown,Unknown,Unknown,Unknown,0,0,0,0,0,0,0,0,0,0,0,18344,96892,200864,279809,362485,443111,525853,608312,715380,811474,880164,939029,1011442,1102751,1207380,1300426,1387588,1474734,1544269,1621995,1745908,1848644,1915351,2003206,2074294,2311205,2472585,laterentrant,JamiiTelecommunications(Faiba),Unknown,Totals,Totals,Notspecified,Totals,All,Standardised,Mobile/Servicerevenue/total|Publicationdate:24September2024Basedonhistoricaldatauptoquarter2of2024|Totalrevenueformobileservicesincludingwholesalerevenue(interconnectionroaming-inandhosting)butexcludingrevenuefromdirectequipmentsales.Thisincludesonlyrevenuethatisbilledforbyoperators(ortheirserviceproviderorMVNOpartners)andexcludesmobileservicerevenuethatisbilledforseparatelybythirdpartiessuchascontentproviders.Servicerevenueisequaltoretailrevenuepluswholesalerevenue.OperatorNotes:ThisoperatorisclassifiedasMobile:laterentrant.servicerevenueformobileservicesfromanoperator'sownsubscribersaswellasfromitshostedMVNOs’subscribers(apartfromWesternEuropeanmarketswhereMVNOdataisshownseparately).Thisincludestermination(interconnectionandroaming-in)revenue.
Mobile,Servicerevenue,total,Total,Sub-SaharanAfrica,Kenya,Totalmarket,USD,,,Unknown,1069063630,1117085486,1258047686,1385512483,1458259765,1788556683,2024727543,2143165777,2036514148,2227283319,2377869490,2692968393,2853268239,2681223296,2917046453,2804917114,2558854512,,,,Unknown,,,,,,,,,,,,,,,,,,,,,,,,,,,,,,Unknown,Unknown,Unknown,Unknown,Unknown,Unknown,Unknown,Unknown,Unknown,Unknown,Unknown,Unknown,521868520,509850840,492039916,509276692,536500960,547799216,563203965,579752899,587591341,585230141,591948308,613065075,644670420,668368769,682702762,697361448,718424014,723777339,717100915,693972951,676421367,660610009,648315549,694638961,721075266,730160405,740328175,725228596,715875565,702889954,690040523,695143080,676422494,646754851,626243629,605409429,651189956,730019380,Unknown,Unknown,Unknown,Totals,Totals,Notspecified,Totals,All,Standardised,Mobile/Servicerevenue/total|Publicationdate:24September2024Basedonhistoricaldatauptoquarter2of2024|Totalrevenueformobileservicesincludingwholesalerevenue(interconnectionroaming-inandhosting)butexcludingrevenuefromdirectequipmentsales.Thisincludesonlyrevenuethatisbilledforbyoperators(ortheirserviceproviderorMVNOpartners)andexcludesmobileservicerevenuethatisbilledforseparatelybythirdpartiessuchascontentproviders.Servicerevenueisequaltoretailrevenuepluswholesalerevenue.servicerevenueformobileservicesfromanoperator'sownsubscribersaswellasfromitshostedMVNOs’subscribers(apartfromWesternEuropeanmarketswhereMVNOdataisshownseparately).Thisincludestermination(interconnectionandroaming-in)revenue.
Mobile,Servicerevenue,total,Total,Sub-SaharanAfrica,Nigeria,MTN,USD,,,Unknown,2792910566,3693098129,4147665874,4438108656,4649387644,4545132521,4929289653,4790183985,3867493081,3019373532,2501286852,2773920527,3080811197,3423892459,3894354795,4537496051,3724980730,,,,Unknown,,,,,,,,,,,,,,,,,,,,,,,,,,,,,,Unknown,Unknown,Unknown,Unknown,Unknown,Unknown,Unknown,Unknown,Unknown,Unknown,Unknown,Unknown,1048387265,978034945,941876743,901129035,961479010,785052822,621244157,645471597,671761353,586534197,602325921,635853615,666248131,683625184,693459798,730480322,743263731,743747630,761911434,831888402,869598017,806810050,839591250,904619160,923973115,940895899,975973268,1051833867,1068447188,1104920685,1137523376,1217606527,1204819129,921245951,751802825,779754018,620526739,501811908,firstentrant,MTN,MTN,Totals,Totals,Notspecified,Totals,All,Standardised,Mobile/Servicerevenue/total|Publicationdate:24September2024Basedonhistoricaldatauptoquarter2of2024|Totalrevenueformobileservicesincludingwholesalerevenue(interconnectionroaming-inandhosting)butexcludingrevenuefromdirectequipmentsales.Thisincludesonlyrevenuethatisbilledforbyoperators(ortheirserviceproviderorMVNOpartners)andexcludesmobileservicerevenuethatisbilledforseparatelybythirdpartiessuchascontentproviders.Servicerevenueisequaltoretailrevenuepluswholesalerevenue.OperatorNotes:ThisoperatorisclassifiedasMobile:firstentrant.servicerevenueformobileservicesfromanoperator'sownsubscribersaswellasfromitshostedMVNOs’subscribers(apartfromWesternEuropeanmarketswhereMVNOdataisshownseparately).Thisincludestermination(interconnectionandroaming-in)revenue.
Mobile,Servicerevenue,total,Total,Sub-SaharanAfrica,Nigeria,Airtel,USD,,,Unknown,1171900000,1635300000,1306500000,1228831062,1309761763,1251858150,1324782467,1570763744,1399786281,1173445152,904493029,950302319,1155135451,1395797904,1648690108,1909296463,1646629954,,,,Unknown,,,,,,,,,,,,,,,,,,,,,,,,,,,,,,Unknown,Unknown,Unknown,Unknown,Unknown,Unknown,Unknown,Unknown,Unknown,Unknown,Unknown,Unknown,338020278,340533312,353729494,366671677,378592010,310479101,243316882,241776362,250103898,225496322,209090430,219841235,226314526,230191428,236467688,257272432,281135451,273000000,287000000,314000000,336000000,319000000,352000000,386000000,392000000,409000000,412000000,435000000,462000000,469000000,474000000,501431629,492470107,481950807,317617359,325716985,239942416,229443895,firstentrant,Airtel,Airtel,Totals,Totals,Notspecified,Totals,All,Standardised,Mobile/Servicerevenue/total|Publicationdate:24September2024Basedonhistoricaldatauptoquarter2of2024|Totalrevenueformobileservicesincludingwholesalerevenue(interconnectionroaming-inandhosting)butexcludingrevenuefromdirectequipmentsales.Thisincludesonlyrevenuethatisbilledforbyoperators(ortheirserviceproviderorMVNOpartners)andexcludesmobileservicerevenuethatisbilledforseparatelybythirdpartiessuchascontentproviders.Servicerevenueisequaltoretailrevenuepluswholesalerevenue.OperatorNotes:ThisoperatorisclassifiedasMobile:firstentrant.servicerevenueformobileservicesfromanoperator'sownsubscribersaswellasfromitshostedMVNOs’subscribers(apartfromWesternEuropeanmarketswhereMVNOdataisshownseparately).Thisincludestermination(interconnectionandroaming-in)revenue.
Mobile,Servicerevenue,total,Total,Sub-SaharanAfrica,Nigeria,Globacom,USD,,,Unknown,1912004057,2582946469,2610053430,2407332512,2358082120,2337516740,2278706828,2206541696,2040085386,1932914790,1417292708,1442342777,1499770056,1542109336,1440433467,1580750942,1197903641,,,,Unknown,,,,,,,,,,,,,,,,,,,,,,,,,,,,,,Unknown,Unknown,Unknown,Unknown,Unknown,Unknown,Unknown,Unknown,Unknown,Unknown,Unknown,Unknown,531763423,510166590,500114822,498272340,584950302,511219537,406224390,417756887,393129882,335109016,338082153,350148612,356255731,356854463,354742542,374449330,377483183,360751241,364939225,396596407,393882163,376477358,390562340,380391754,360716964,340030213,349972914,389560637,392571528,388791992,395647951,402156231,399164669,300118792,240987472,242611546,191077280,159972307,thirdentrant,Globacom,Unknown,Totals,Totals,Notspecified,Totals,All,Standardised,Mobile/Servicerevenue/total|Publicationdate:24September2024Basedonhistoricaldatauptoquarter2of2024|Totalrevenueformobileservicesincludingwholesalerevenue(interconnectionroaming-inandhosting)butexcludingrevenuefromdirectequipmentsales.Thisincludesonlyrevenuethatisbilledforbyoperators(ortheirserviceproviderorMVNOpartners)andexcludesmobileservicerevenuethatisbilledforseparatelybythirdpartiessuchascontentproviders.Servicerevenueisequaltoretailrevenuepluswholesalerevenue.OperatorNotes:ThisoperatorisclassifiedasMobile:thirdentrant.servicerevenueformobileservicesfromanoperator'sownsubscribersaswellasfromitshostedMVNOs’subscribers(apartfromWesternEuropeanmarketswhereMVNOdataisshownseparately).Thisincludestermination(interconnectionandroaming-in)revenue.
Mobile,Servicerevenue,total,Total,Sub-SaharanAfrica,Nigeria,9Mobile,USD,,,Unknown,0,18201993,132346352,390028967,610728410,805500748,910168260,1178537383,1156275394,975664510,573250957,470837148,384116343,306511969,373193018,373641012,283191177,,,,Unknown,,,,,,,,,,,,,,,,,,,,,,,,,,,,,,Unknown,Unknown,Unknown,Unknown,Unknown,Unknown,Unknown,Unknown,Unknown,Unknown,Unknown,Unknown,283147291,283691805,287775660,301116254,294854342,271749489,219013089,187103394,166223129,146246510,132688621,129356198,124730153,120104109,115478064,110544097,103945118,98667763,93390409,88113054,79693458,69234297,75027981,82268687,87315912,94793819,94843885,96048224,96615511,93430524,91710544,91798652,89234758,76158371,56069876,57134201,37711791,27687790,fourthentrant,9Mobile,Unknown,Totals,Totals,Notspecified,Totals,All,Standardised,Mobile/Servicerevenue/total|Publicationdate:24September2024Basedonhistoricaldatauptoquarter2of2024|Totalrevenueformobileservicesincludingwholesalerevenue(interconnectionroaming-inandhosting)butexcludingrevenuefromdirectequipmentsales.Thisincludesonlyrevenuethatisbilledforbyoperators(ortheirserviceproviderorMVNOpartners)andexcludesmobileservicerevenuethatisbilledforseparatelybythirdpartiessuchascontentproviders.Servicerevenueisequaltoretailrevenuepluswholesalerevenue.OperatorNotes:ThisoperatorisclassifiedasMobile:fourthentrant.servicerevenueformobileservicesfromanoperator'sownsubscribersaswellasfromitshostedMVNOs’subscribers(apartfromWesternEuropeanmarketswhereMVNOdataisshownseparately).Thisincludestermination(interconnectionandroaming-in)revenue.
Mobile,Servicerevenue,total,Total,Sub-SaharanAfrica,Nigeria,otheroperators,USD,,,Unknown,144625612,390029793,479917908,474357195,335327594,205371478,125298874,104567562,85531833,28440514,11585727,7971103,6151646,6891719,5864437,6527766,4981096,,,,Unknown,,,,,,,,,,,,,,,,,,,,,,,,,,,,,,Unknown,Unknown,Unknown,Unknown,Unknown,Unknown,Unknown,Unknown,Unknown,Unknown,Unknown,Unknown,22349479,21423589,20942730,20827743,16888504,7683461,3590524,3061979,3162540,2969930,2765124,2686363,2465461,2231268,1801865,1473943,1458562,1468226,1543975,1680883,1819257,1829873,1733742,1514268,1438734,1432765,1466599,1524980,1604726,1676845,1645850,1596904,1526388,1255612,1066828,1013721,554483,451074,Unknown,Unknown,Unknown,Totals,Totals,Notspecified,Totals,All,Standardised,Mobile/Servicerevenue/total|Publicationdate:24September2024Basedonhistoricaldatauptoquarter2of2024|Totalrevenueformobileservicesincludingwholesalerevenue(interconnectionroaming-inandhosting)butexcludingrevenuefromdirectequipmentsales.Thisincludesonlyrevenuethatisbilledforbyoperators(ortheirserviceproviderorMVNOpartners)andexcludesmobileservicerevenuethatisbilledforseparatelybythirdpartiessuchascontentproviders.Servicerevenueisequaltoretailrevenuepluswholesalerevenue.OperatorNotes:ThisoperatorisclassifiedasMobile:n/a.servicerevenueformobileservicesfromanoperator'sownsubscribersaswellasfromitshostedMVNOs’subscribers(apartfromWesternEuropeanmarketswhereMVNOdataisshownseparately).Thisincludestermination(interconnectionandroaming-in)revenue.
Mobile,Servicerevenue,total,Total,Sub-SaharanAfrica,Nigeria,Totalmarket,USD,,,Unknown,6021440235,8319576385,8676483565,8938658391,9263287531,9145379637,9568246081,9850594370,8549171973,7129838497,5407909273,5645373873,6125984694,6675203389,7362535825,8407712234,6857686599,,,,Unknown,,,,,,,,,,,,,,,,,,,,,,,,,,,,,,Unknown,Unknown,Unknown,Unknown,Unknown,Unknown,Unknown,Unknown,Unknown,Unknown,Unknown,Unknown,2223667736,2133850241,2104439450,2088017049,2236764170,1886184410,1493389042,1495170218,1484380801,1296355975,1284952247,1337886022,1376014002,1393006451,1401949956,1474220124,1507286045,1477634860,1508785043,1632278746,1680992894,1573351578,1658915314,1754793868,1765444726,1786152696,1834256666,1973967708,2021238954,2057820046,2100527721,2214589942,2187215051,1780729533,1367544360,1406230472,1089812709,919366974,Unknown,Unknown,Unknown,Totals,Totals,Notspecified,Totals,All,Standardised,Mobile/Servicerevenue/total|Publicationdate:24September2024Basedonhistoricaldatauptoquarter2of2024|Totalrevenueformobileservicesincludingwholesalerevenue(interconnectionroaming-inandhosting)butexcludingrevenuefromdirectequipmentsales.Thisincludesonlyrevenuethatisbilledforbyoperators(ortheirserviceproviderorMVNOpartners)andexcludesmobileservicerevenuethatisbilledforseparatelybythirdpartiessuchascontentproviders.Servicerevenueisequaltoretailrevenuepluswholesalerevenue.servicerevenueformobileservicesfromanoperator'sownsubscribersaswellasfromitshostedMVNOs’subscribers(apartfromWesternEuropeanmarketswhereMVNOdataisshownseparately).Thisincludestermination(interconnectionandroaming-in)revenue.
Mobile,Servicerevenue,total,Total,Sub-SaharanAfrica,Rwanda,MTN,USD,,,Unknown,Unknown,167506536,170995903,199031743,177291583,192967897,165722856,145208518,133545026,117332490,116010106,118354253,134332859,154131324,182999456,208304062,212686392,,,,Unknown,,,,,,,,,,,,,,,,,,,,,,,,,,,,,,Unknown,Unknown,Unknown,Unknown,Unknown,Unknown,Unknown,Unknown,Unknown,Unknown,Unknown,Unknown,34121654,34233043,34052965,31167616,30589204,29058443,29519282,28167463,28901827,28769836,29407323,28911545,26929977,28357374,31350623,31609279,31179629,33678486,35282498,34118492,35141569,35260050,43620629,40031721,41786792,44775607,47464063,48865282,47369079,50358605,55657439,54671399,54454304,55809898,53968254,48429916,46788327,48848847,firstentrant,MTN,MTN,Totals,Totals,Notspecified,Totals,All,Standardised,Mobile/Servicerevenue/total|Publicationdate:24September2024Basedonhistoricaldatauptoquarter2of2024|Totalrevenueformobileservicesincludingwholesalerevenue(interconnectionroaming-inandhosting)butexcludingrevenuefromdirectequipmentsales.Thisincludesonlyrevenuethatisbilledforbyoperators(ortheirserviceproviderorMVNOpartners)andexcludesmobileservicerevenuethatisbilledforseparatelybythirdpartiessuchascontentproviders.Servicerevenueisequaltoretailrevenuepluswholesalerevenue.OperatorNotes:ThisoperatorisclassifiedasMobile:firstentrant.servicerevenueformobileservicesfromanoperator'sownsubscribersaswellasfromitshostedMVNOs’subscribers(apartfromWesternEuropeanmarketswhereMVNOdataisshownseparately).Thisincludestermination(interconnectionandroaming-in)revenue.
Mobile,Servicerevenue,total,Total,Sub-SaharanAfrica,Rwanda,MillicomRwanda(Tigo),USD,,,Unknown,Unknown,0,1162368,7794826,15836794,20553700,21276022,25520238,26266447,25449212,25415685,17948182,0,0,0,0,0,,,,Unknown,,,,,,,,,,,,,,,,,,,,,,,,,,,,,,Unknown,Unknown,Unknown,Unknown,Unknown,Unknown,Unknown,Unknown,Unknown,Unknown,Unknown,Unknown,6544092,6604250,6769382,6344175,6378807,6226680,6471308,6354132,6515056,6289059,6326939,6284242,5852324,5968884,6219969,0,0,0,0,0,0,0,0,0,0,0,0,0,0,0,0,0,0,0,0,0,0,0,thirdentrant,MillicomRwanda(Tigo),Unknown,Totals,Totals,Notspecified,Totals,All,Standardised,Mobile/Servicerevenue/total|Publicationdate:24September2024Basedonhistoricaldatauptoquarter2of2024|Totalrevenueformobileservicesincludingwholesalerevenue(interconnectionroaming-inandhosting)butexcludingrevenuefromdirectequipmentsales.Thisincludesonlyrevenuethatisbilledforbyoperators(ortheirserviceproviderorMVNOpartners)andexcludesmobileservicerevenuethatisbilledforseparatelybythirdpartiessuchascontentproviders.Servicerevenueisequaltoretailrevenuepluswholesalerevenue.OperatorNotes:ThisoperatorisclassifiedasMobile:thirdentrant.servicerevenueformobileservicesfromanoperator'sownsubscribersaswellasfromitshostedMVNOs’subscribers(apartfromWesternEuropeanmarketswhereMVNOdataisshownseparately).Thisincludestermination(interconnectionandroaming-in)revenue.
Mobile,Servicerevenue,total,Total,Sub-SaharanAfrica,Rwanda,AirtelRwanda,USD,,,Unknown,Unknown,0,0,0,0,2791537,16058139,19690979,23855789,23474793,22971932,29577367,45272268,40032559,37402195,37962163,42427315,,,,Unknown,,,,,,,,,,,,,,,,,,,,,,,,,,,,,,Unknown,Unknown,Unknown,Unknown,Unknown,Unknown,Unknown,Unknown,Unknown,Unknown,Unknown,Unknown,5619202,5834557,6404468,5977667,5897002,5870330,5854700,5839742,5853374,5719890,5697419,5700282,5739652,5664086,5450232,12606794,11628894,11414288,11204397,11029040,10433398,10135137,9867634,9602947,9504354,9344855,9330830,9222696,9480214,9516699,9505871,9449922,9954168,10753886,11000788,10583892,10625621,11142404,fourthentrant,AirtelRwanda,Airtel,Totals,Totals,Notspecified,Totals,All,Standardised,Mobile/Servicerevenue/total|Publicationdate:24September2024Basedonhistoricaldatauptoquarter2of2024|Totalrevenueformobileservicesincludingwholesalerevenue(interconnectionroaming-inandhosting)butexcludingrevenuefromdirectequipmentsales.Thisincludesonlyrevenuethatisbilledforbyoperators(ortheirserviceproviderorMVNOpartners)andexcludesmobileservicerevenuethatisbilledforseparatelybythirdpartiessuchascontentproviders.Servicerevenueisequaltoretailrevenuepluswholesalerevenue.OperatorNotes:ThisoperatorisclassifiedasMobile:fourthentrant.servicerevenueformobileservicesfromanoperator'sownsubscribersaswellasfromitshostedMVNOs’subscribers(apartfromWesternEuropeanmarketswhereMVNOdataisshownseparately).Thisincludestermination(interconnectionandroaming-in)revenue.
Mobile,Servicerevenue,total,Total,Sub-SaharanAfrica,Rwanda,RwandaTel,USD,,,Unknown,Unknown,15026900,23307053,22841610,8429178,0,0,0,0,0,0,0,0,0,0,0,0,,,,Unknown,,,,,,,,,,,,,,,,,,,,,,,,,,,,,,Unknown,Unknown,Unknown,Unknown,Unknown,Unknown,Unknown,Unknown,Unknown,Unknown,Unknown,Unknown,0,0,0,0,0,0,0,0,0,0,0,0,0,0,0,0,0,0,0,0,0,0,0,0,0,0,0,0,0,0,0,0,0,0,0,0,0,0,secondentrant,RwandaTel,Unknown,Totals,Totals,Notspecified,Totals,All,Standardised,Mobile/Servicerevenue/total|Publicationdate:24September2024Basedonhistoricaldatauptoquarter2of2024|Totalrevenueformobileservicesincludingwholesalerevenue(interconnectionroaming-inandhosting)butexcludingrevenuefromdirectequipmentsales.Thisincludesonlyrevenuethatisbilledforbyoperators(ortheirserviceproviderorMVNOpartners)andexcludesmobileservicerevenuethatisbilledforseparatelybythirdpartiessuchascontentproviders.Servicerevenueisequaltoretailrevenuepluswholesalerevenue.OperatorNotes:ThisoperatorisclassifiedasMobile:secondentrant.servicerevenueformobileservicesfromanoperator'sownsubscribersaswellasfromitshostedMVNOs’subscribers(apartfromWesternEuropeanmarketswhereMVNOdataisshownseparately).Thisincludestermination(interconnectionandroaming-in)revenue.
Mobile,Servicerevenue,total,Total,Sub-SaharanAfrica,Rwanda,Totalmarket,USD,,,Unknown,Unknown,182533436,195465324,229668178,201557555,216313134,203057017,190419735,183667262,166256495,164397723,165879802,179605127,194163883,220401650,246266225,255113707,,,,Unknown,,,,,,,,,,,,,,,,,,,,,,,,,,,,,,Unknown,Unknown,Unknown,Unknown,Unknown,Unknown,Unknown,Unknown,Unknown,Unknown,Unknown,Unknown,46284948,46671849,47226815,43489457,42865012,41155453,41845290,40361337,41270257,40778786,41431681,40896069,38521953,39990343,43020824,44216073,42808524,45092773,46486896,45147532,45574967,45395187,53488263,49634668,51291147,54120461,56794893,58087978,56849293,59875304,65163309,64121321,64408473,66563783,64969042,59013808,57413948,59991251,Unknown,Unknown,Unknown,Totals,Totals,Notspecified,Totals,All,Standardised,Mobile/Servicerevenue/total|Publicationdate:24September2024Basedonhistoricaldatauptoquarter2of2024|Totalrevenueformobileservicesincludingwholesalerevenue(interconnectionroaming-inandhosting)butexcludingrevenuefromdirectequipmentsales.Thisincludesonlyrevenuethatisbilledforbyoperators(ortheirserviceproviderorMVNOpartners)andexcludesmobileservicerevenuethatisbilledforseparatelybythirdpartiessuchascontentproviders.Servicerevenueisequaltoretailrevenuepluswholesalerevenue.servicerevenueformobileservicesfromanoperator'sownsubscribersaswellasfromitshostedMVNOs’subscribers(apartfromWesternEuropeanmarketswhereMVNOdataisshownseparately).Thisincludestermination(interconnectionandroaming-in)revenue.
Mobile,Servicerevenue,total,Total,Sub-SaharanAfrica,SouthAfrica,Vodacom,USD,,,Unknown,4818416463,4402396443,5179283380,5620706981,5750400355,5032330853,4176962400,3586037978,3085049111,3009441270,3785567967,3930950105,3449557855,3256438327,3853515510,3560953831,3353039438,,,,Unknown,,,,,,,,,,,,,,,,,,,,,,,,,,,,,,Unknown,Unknown,Unknown,Unknown,Unknown,Unknown,Unknown,Unknown,Unknown,Unknown,Unknown,Unknown,806400757,766553386,772522342,727576057,682007301,671912908,819975138,841643295,860323334,865674219,1035938089,1025767323,1149807573,1018876462,912989414,860628763,847078259,838011719,866339562,897125883,811425461,739961880,815094861,891243592,967515725,953745844,976148513,954073422,927798636,886311473,867681792,877062435,870073242,818289962,823534177,839760347,816781204,826358252,firstentrant,Vodacom,Vodafone,Totals,Totals,Notspecified,Totals,All,Standardised,Mobile/Servicerevenue/total|Publicationdate:24September2024Basedonhistoricaldatauptoquarter2of2024|Totalrevenueformobileservicesincludingwholesalerevenue(interconnectionroaming-inandhosting)butexcludingrevenuefromdirectequipmentsales.Thisincludesonlyrevenuethatisbilledforbyoperators(ortheirserviceproviderorMVNOpartners)andexcludesmobileservicerevenuethatisbilledforseparatelybythirdpartiessuchascontentproviders.Servicerevenueisequaltoretailrevenuepluswholesalerevenue.OperatorNotes:ThisoperatorisclassifiedasMobile:firstentrant.servicerevenueformobileservicesfromanoperator'sownsubscribersaswellasfromitshostedMVNOs’subscribers(apartfromWesternEuropeanmarketswhereMVNOdataisshownseparately).Thisincludestermination(interconnectionandroaming-in)revenue.
Mobile,Servicerevenue,total,Total,Sub-SaharanAfrica,SouthAfrica,MTN,USD,,,Unknown,3446673960,3369771496,3733615333,4345289543,4557281382,4455359470,3438630333,2861322272,2598624071,2327277286,2515783639,2635741128,2416363030,2162359959,2569615497,2367554141,2197009574,,,,Unknown,,,,,,,,,,,,,,,,,,,,,,,,,,,,,,Unknown,Unknown,Unknown,Unknown,Unknown,Unknown,Unknown,Unknown,Unknown,Unknown,Unknown,Unknown,672260778,659946841,654324656,603451502,541545551,531747776,601745705,656015242,613447012,600753349,633940011,668132848,696787357,652232998,634986768,645095225,606492870,602084276,556469911,651272572,516454629,498257910,537587593,610701157,627629413,647515778,652835679,640204693,603582927,600391911,571552415,590206660,560393713,541308454,537387566,556454641,534784209,549533184,firstentrant,MTN,MTN,Totals,Totals,Notspecified,Totals,All,Standardised,Mobile/Servicerevenue/total|Publicationdate:24September2024Basedonhistoricaldatauptoquarter2of2024|Totalrevenueformobileservicesincludingwholesalerevenue(interconnectionroaming-inandhosting)butexcludingrevenuefromdirectequipmentsales.Thisincludesonlyrevenuethatisbilledforbyoperators(ortheirserviceproviderorMVNOpartners)andexcludesmobileservicerevenuethatisbilledforseparatelybythirdpartiessuchascontentproviders.Servicerevenueisequaltoretailrevenuepluswholesalerevenue.OperatorNotes:ThisoperatorisclassifiedasMobile:firstentrant.servicerevenueformobileservicesfromanoperator'sownsubscribersaswellasfromitshostedMVNOs’subscribers(apartfromWesternEuropeanmarketswhereMVNOdataisshownseparately).Thisincludestermination(interconnectionandroaming-in)revenue.
Mobile,Servicerevenue,total,Total,Sub-SaharanAfrica,SouthAfrica,CellC,USD,,,Unknown,901370895,877307927,1121554379,1260171908,1309552385,1131895106,1003457717,1107049874,1040345195,795717782,973785993,1019420542,915632361,741259890,763466942,614408625,506385566,,,,Unknown,,,,,,,,,,,,,,,,,,,,,,,,,,,,,,Unknown,Unknown,Unknown,Unknown,Unknown,Unknown,Unknown,Unknown,Unknown,Unknown,Unknown,Unknown,292423934,274557472,256783593,218728824,185521340,176796185,208272986,226644316,231325303,241748942,244649733,256362826,279127475,268293374,239848831,232634050,226475022,224690531,229029731,235239821,197968867,170317113,179350368,194052339,200200115,197558631,190136333,175975822,166500760,159884733,147383225,141265356,138603878,127785732,120922025,119478374,116381174,114156069,thirdentrant,CellC,Unknown,Totals,Totals,Notspecified,Totals,All,Standardised,Mobile/Servicerevenue/total|Publicationdate:24September2024Basedonhistoricaldatauptoquarter2of2024|Totalrevenueformobileservicesincludingwholesalerevenue(interconnectionroaming-inandhosting)butexcludingrevenuefromdirectequipmentsales.Thisincludesonlyrevenuethatisbilledforbyoperators(ortheirserviceproviderorMVNOpartners)andexcludesmobileservicerevenuethatisbilledforseparatelybythirdpartiessuchascontentproviders.Servicerevenueisequaltoretailrevenuepluswholesalerevenue.OperatorNotes:ThisoperatorisclassifiedasMobile:thirdentrant.servicerevenueformobileservicesfromanoperator'sownsubscribersaswellasfromitshostedMVNOs’subscribers(apartfromWesternEuropeanmarketswhereMVNOdataisshownseparately).Thisincludestermination(interconnectionandroaming-in)revenue.
Mobile,Servicerevenue,total,Total,Sub-SaharanAfrica,SouthAfrica,Telkom,USD,,,Unknown,0,0,0,0,75360465,115397824,132020229,155348638,181420840,221373179,350822357,548444469,780860011,979359312,1180544960,1052384343,1016166397,,,,Unknown,,,,,,,,,,,,,,,,,,,,,,,,,,,,,,Unknown,Unknown,Unknown,Unknown,Unknown,Unknown,Unknown,Unknown,Unknown,Unknown,Unknown,Unknown,42865809,45829074,46438293,44951179,46335139,51946295,57562981,66285611,73372584,83020228,89550833,105497210,124932682,135731884,131793148,151493138,167218084,186373462,199511290,227128987,229837447,225960993,251571454,271609833,296764237,302140920,301557838,280226944,269052306,269392372,256578756,256833925,262165783,251491988,247546296,254522132,258092821,263643186,fourthentrant,Telkom,Unknown,Totals,Totals,Notspecified,Totals,All,Standardised,Mobile/Servicerevenue/total|Publicationdate:24September2024Basedonhistoricaldatauptoquarter2of2024|Totalrevenueformobileservicesincludingwholesalerevenue(interconnectionroaming-inandhosting)butexcludingrevenuefromdirectequipmentsales.Thisincludesonlyrevenuethatisbilledforbyoperators(ortheirserviceproviderorMVNOpartners)andexcludesmobileservicerevenuethatisbilledforseparatelybythirdpartiessuchascontentproviders.Servicerevenueisequaltoretailrevenuepluswholesalerevenue.OperatorNotes:ThisoperatorisclassifiedasMobile:fourthentrant.servicerevenueformobileservicesfromanoperator'sownsubscribersaswellasfromitshostedMVNOs’subscribers(apartfromWesternEuropeanmarketswhereMVNOdataisshownseparately).Thisincludestermination(interconnectionandroaming-in)revenue.
Mobile,Servicerevenue,total,Total,Sub-SaharanAfrica,SouthAfrica,Rain,USD,,,Unknown,0,0,0,0,0,0,0,0,0,0,0,619722,2640770,13776373,42797932,53362781,65030066,,,,Unknown,,,,,,,,,,,,,,,,,,,,,,,,,,,,,,Unknown,Unknown,Unknown,Unknown,Unknown,Unknown,Unknown,Unknown,Unknown,Unknown,Unknown,Unknown,0,0,0,0,0,0,0,0,0,0,0,0,0,68786,194440,321646,452945,599580,726581,857259,940688,2004208,4215822,6719875,9008729,10309062,11572017,11816301,12484402,13154949,13470247,14101525,15074905,15163458,16259111,18365946,21156934,24632664,laterentrant,Rain,Unknown,Totals,Totals,Notspecified,Totals,All,Standardised,Mobile/Servicerevenue/total|Publicationdate:24September2024Basedonhistoricaldatauptoquarter2of2024|Totalrevenueformobileservicesincludingwholesalerevenue(interconnectionroaming-inandhosting)butexcludingrevenuefromdirectequipmentsales.Thisincludesonlyrevenuethatisbilledforbyoperators(ortheirserviceproviderorMVNOpartners)andexcludesmobileservicerevenuethatisbilledforseparatelybythirdpartiessuchascontentproviders.Servicerevenueisequaltoretailrevenuepluswholesalerevenue.OperatorNotes:ThisoperatorisclassifiedasMobile:laterentrant.servicerevenueformobileservicesfromanoperator'sownsubscribersaswellasfromitshostedMVNOs’subscribers(apartfromWesternEuropeanmarketswhereMVNOdataisshownseparately).Thisincludestermination(interconnectionandroaming-in)revenue.
Mobile,Servicerevenue,total,Total,Sub-SaharanAfrica,SouthAfrica,Totalmarket,USD,,,Unknown,9166461318,8649475866,10034453092,11226168432,11692594587,10734983253,8751070679,7709758763,6905439216,6353809518,7625959956,8135175966,7565054027,7153193860,8409940841,7648663721,7137631041,,,,Unknown,,,,,,,,,,,,,,,,,,,,,,,,,,,,,,Unknown,Unknown,Unknown,Unknown,Unknown,Unknown,Unknown,Unknown,Unknown,Unknown,Unknown,Unknown,1813951279,1746886773,1730068883,1594707561,1455409330,1432403164,1687556811,1790588465,1778468233,1791196739,2004078665,2055760207,2250655086,2075203504,1919812600,1890172822,1847717180,1851759567,1852077075,2011624522,1756627092,1636502103,1787820098,1974326797,2101118219,2111270234,2132250382,2062297182,1979419031,1929135438,1856666436,1879469902,1846311521,1754039594,1745649176,1788581439,1747196342,1778323355,Unknown,Unknown,Unknown,Totals,Totals,Notspecified,Totals,All,Standardised,Mobile/Servicerevenue/total|Publicationdate:24September2024Basedonhistoricaldatauptoquarter2of2024|Totalrevenueformobileservicesincludingwholesalerevenue(interconnectionroaming-inandhosting)butexcludingrevenuefromdirectequipmentsales.Thisincludesonlyrevenuethatisbilledforbyoperators(ortheirserviceproviderorMVNOpartners)andexcludesmobileservicerevenuethatisbilledforseparatelybythirdpartiessuchascontentproviders.Servicerevenueisequaltoretailrevenuepluswholesalerevenue.servicerevenueformobileservicesfromanoperator'sownsubscribersaswellasfromitshostedMVNOs’subscribers(apartfromWesternEuropeanmarketswhereMVNOdataisshownseparately).Thisincludestermination(interconnectionandroaming-in)revenue.
Mobile,Servicerevenue,total,Total,Sub-SaharanAfrica,Tanzania,Vodacom,USD,,,Unknown,439147009,340955221,307012930,326132190,432102972,530665357,555333094,564612224,457175071,425163143,428638542,441916696,454145308,416585803,426188859,429053427,497554045,,,,Unknown,,,,,,,,,,,,,,,,,,,,,,,,,,,,,,Unknown,Unknown,Unknown,Unknown,Unknown,Unknown,Unknown,Unknown,Unknown,Unknown,Unknown,Unknown,126521682,114941889,106558069,108839242,113278396,104847330,101562054,105510508,105643044,106480273,108069640,108403408,108966299,109450210,110032809,113404745,113810457,114843954,115541103,109944614,105999131,103903346,101405763,105282998,107184745,108096748,109662820,101221697,95361538,106332545,112084658,115190292,119042882,123894737,125531231,128347453,131654134,134468029,secondentrant,Vodacom,Vodafone,Totals,Totals,Notspecified,Totals,All,Standardised,Mobile/Servicerevenue/total|Publicationdate:24September2024Basedonhistoricaldatauptoquarter2of2024|Totalrevenueformobileservicesincludingwholesalerevenue(interconnectionroaming-inandhosting)butexcludingrevenuefromdirectequipmentsales.Thisincludesonlyrevenuethatisbilledforbyoperators(ortheirserviceproviderorMVNOpartners)andexcludesmobileservicerevenuethatisbilledforseparatelybythirdpartiessuchascontentproviders.Servicerevenueisequaltoretailrevenuepluswholesalerevenue.OperatorNotes:ThisoperatorisclassifiedasMobile:secondentrant.servicerevenueformobileservicesfromanoperator'sownsubscribersaswellasfromitshostedMVNOs’subscribers(apartfromWesternEuropeanmarketswhereMVNOdataisshownseparately).Thisincludestermination(interconnectionandroaming-in)revenue.
Mobile,Servicerevenue,total,Total,Sub-SaharanAfrica,Tanzania,AxianTelecom,USD,,,Unknown,104473609,164953399,208646155,268429431,291992551,367148386,396683413,458363930,447972304,479170028,393460759,356861630,304875379,256352055,255440688,244970993,290729663,,,,Unknown,,,,,,,,,,,,,,,,,,,,,,,,,,,,,,Unknown,Unknown,Unknown,Unknown,Unknown,Unknown,Unknown,Unknown,Unknown,Unknown,Unknown,Unknown,120904831,110078144,98617892,117037142,128531590,121563024,115479787,113627846,104734535,100038135,96710075,92065045,91340920,91093592,88060723,86402893,83833807,79009902,73755626,68244875,64857660,64220746,63022239,64253916,65471530,64917896,64878268,60153841,55755965,60735880,63177853,65261789,68526817,72849185,73341120,75534183,78841040,80807245,secondentrant,AxianTelecom,Unknown,Totals,Totals,Notspecified,Totals,All,Standardised,Mobile/Servicerevenue/total|Publicationdate:24September2024Basedonhistoricaldatauptoquarter2of2024|Totalrevenueformobileservicesincludingwholesalerevenue(interconnectionroaming-inandhosting)butexcludingrevenuefromdirectequipmentsales.Thisincludesonlyrevenuethatisbilledforbyoperators(ortheirserviceproviderorMVNOpartners)andexcludesmobileservicerevenuethatisbilledforseparatelybythirdpartiessuchascontentproviders.Servicerevenueisequaltoretailrevenuepluswholesalerevenue.OperatorNotes:ThisoperatorisclassifiedasMobile:secondentrant.PreviouslyTigo.TheacquisitiondealofTigobyAxianwassignedinApril2022andapprovedbytheregulatorinJuly2022.servicerevenueformobileservicesfromanoperator'sownsubscribersaswellasfromitshostedMVNOs’subscribers(apartfromWesternEuropeanmarketswhereMVNOdataisshownseparately).Thisincludestermination(interconnectionandroaming-in)revenue.
Mobile,Servicerevenue,total,Total,Sub-SaharanAfrica,Tanzania,ZanzibarTelecom(Zantel),USD,,,Unknown,46238522,63815300,60889068,72146983,72015222,106959720,124012672,88033297,47940498,0,0,0,0,0,0,0,0,,,,Unknown,,,,,,,,,,,,,,,,,,,,,,,,,,,,,,Unknown,Unknown,Unknown,Unknown,Unknown,Unknown,Unknown,Unknown,Unknown,Unknown,Unknown,Unknown,19486523,16507130,13556562,0,0,0,0,0,0,0,0,0,0,0,0,0,0,0,0,0,0,0,0,0,0,0,0,0,0,0,0,0,0,0,0,0,0,0,firstentrant,ZanzibarTelecom(Zantel),Unknown,Totals,Totals,Notspecified,Totals,All,Standardised,Mobile/Servicerevenue/total|Publicationdate:24September2024Basedonhistoricaldatauptoquarter2of2024|Totalrevenueformobileservicesincludingwholesalerevenue(interconnectionroaming-inandhosting)butexcludingrevenuefromdirectequipmentsales.Thisincludesonlyrevenuethatisbilledforbyoperators(ortheirserviceproviderorMVNOpartners)andexcludesmobileservicerevenuethatisbilledforseparatelybythirdpartiessuchascontentproviders.Servicerevenueisequaltoretailrevenuepluswholesalerevenue.OperatorNotes:ThisoperatorisclassifiedasMobile:firstentrant.servicerevenueformobileservicesfromanoperator'sownsubscribersaswellasfromitshostedMVNOs’subscribers(apartfromWesternEuropeanmarketswhereMVNOdataisshownseparately).Thisincludestermination(interconnectionandroaming-in)revenue.
Mobile,Servicerevenue,total,Total,Sub-SaharanAfrica,Tanzania,Airtel,USD,,,Unknown,267147312,348989765,268437557,182211710,230885040,265762826,281002166,307108854,290270290,264950575,240338533,237194420,234083744,230806602,236429138,238275419,278817019,,,,Unknown,,,,,,,,,,,,,,,,,,,,,,,,,,,,,,Unknown,Unknown,Unknown,Unknown,Unknown,Unknown,Unknown,Unknown,Unknown,Unknown,Unknown,Unknown,76624503,73585334,70076456,69311849,71732023,65975503,63206324,64061437,60973402,59388049,59842896,60136030,61064467,60749540,58089792,57321298,58232700,59526236,59538818,56783765,56384284,57593615,57525325,59293731,58753441,59055149,61196817,57419262,52964280,57970369,62354218,64938139,67202719,70005440,70138773,71116073,71573335,70827696,fourthentrant,Airtel,Airtel,Totals,Totals,Notspecified,Totals,All,Standardised,Mobile/Servicerevenue/total|Publicationdate:24September2024Basedonhistoricaldatauptoquarter2of2024|Totalrevenueformobileservicesincludingwholesalerevenue(interconnectionroaming-inandhosting)butexcludingrevenuefromdirectequipmentsales.Thisincludesonlyrevenuethatisbilledforbyoperators(ortheirserviceproviderorMVNOpartners)andexcludesmobileservicerevenuethatisbilledforseparatelybythirdpartiessuchascontentproviders.Servicerevenueisequaltoretailrevenuepluswholesalerevenue.OperatorNotes:ThisoperatorisclassifiedasMobile:fourthentrant.servicerevenueformobileservicesfromanoperator'sownsubscribersaswellasfromitshostedMVNOs’subscribers(apartfromWesternEuropeanmarketswhereMVNOdataisshownseparately).Thisincludestermination(interconnectionandroaming-in)revenue.
Mobile,Servicerevenue,total,Total,Sub-SaharanAfrica,Tanzania,Halotel,USD,,,Unknown,0,0,0,0,0,0,0,0,4908393,73684738,112583894,106886244,102494418,115443580,128742785,110795514,128822771,,,,Unknown,,,,,,,,,,,,,,,,,,,,,,,,,,,,,,Unknown,Unknown,Unknown,Unknown,Unknown,Unknown,Unknown,Unknown,Unknown,Unknown,Unknown,Unknown,0,0,0,4493568,12968403,16491628,20179877,24025978,26168811,28083015,29383468,28913986,27762550,26392455,26158182,26580809,25288775,25645711,26642991,24917698,25106289,28230052,30321631,31762236,32911562,33693504,33095568,29026443,25573502,27076822,28097259,30031717,31996365,33214715,32163551,31389010,32928622,34593561,laterentrant,Halotel,Unknown,Totals,Totals,Notspecified,Totals,All,Standardised,Mobile/Servicerevenue/total|Publicationdate:24September2024Basedonhistoricaldatauptoquarter2of2024|Totalrevenueformobileservicesincludingwholesalerevenue(interconnectionroaming-inandhosting)butexcludingrevenuefromdirectequipmentsales.Thisincludesonlyrevenuethatisbilledforbyoperators(ortheirserviceproviderorMVNOpartners)andexcludesmobileservicerevenuethatisbilledforseparatelybythirdpartiessuchascontentproviders.Servicerevenueisequaltoretailrevenuepluswholesalerevenue.OperatorNotes:ThisoperatorisclassifiedasMobile:laterentrant.servicerevenueformobileservicesfromanoperator'sownsubscribersaswellasfromitshostedMVNOs’subscribers(apartfromWesternEuropeanmarketswhereMVNOdataisshownseparately).Thisincludestermination(interconnectionandroaming-in)revenue.
Mobile,Servicerevenue,total,Total,Sub-SaharanAfrica,Tanzania,TanzaniaTelecommunicationsCompany(TTCL),USD,,,Unknown,0,0,0,0,0,0,0,3406239,5277626,4992823,6435520,10038502,15402563,14813877,19281430,22364944,20852308,,,,Unknown,,,,,,,,,,,,,,,,,,,,,,,,,,,,,,Unknown,Unknown,Unknown,Unknown,Unknown,Unknown,Unknown,Unknown,Unknown,Unknown,Unknown,Unknown,1518674,1359910,1200273,1207548,1306701,1260640,1211740,1213956,1323825,1688994,1698976,1719364,2093995,2447940,2548016,2939886,3729931,3803872,3814076,4055144,4496789,3836328,2978512,3506531,3915495,4497776,5227567,5646357,5725960,6087095,5547105,5006266,5071845,5260985,5251885,5245647,5275524,5268056,laterentrant,TanzaniaTelecommunicationsCompany(TTCL),Unknown,Totals,Totals,Notspecified,Totals,All,Standardised,Mobile/Servicerevenue/total|Publicationdate:24September2024Basedonhistoricaldatauptoquarter2of2024|Totalrevenueformobileservicesincludingwholesalerevenue(interconnectionroaming-inandhosting)butexcludingrevenuefromdirectequipmentsales.Thisincludesonlyrevenuethatisbilledforbyoperators(ortheirserviceproviderorMVNOpartners)andexcludesmobileservicerevenuethatisbilledforseparatelybythirdpartiessuchascontentproviders.Servicerevenueisequaltoretailrevenuepluswholesalerevenue.OperatorNotes:ThisoperatorisclassifiedasMobile:laterentrant.servicerevenueformobileservicesfromanoperator'sownsubscribersaswellasfromitshostedMVNOs’subscribers(apartfromWesternEuropeanmarketswhereMVNOdataisshownseparately).Thisincludestermination(interconnectionandroaming-in)revenue.
Mobile,Servicerevenue,total,Total,Sub-SaharanAfrica,Tanzania,otheroperators,USD,,,Unknown,155908,244046,153328,600941,684604,172916,16007,12996850,36635452,28723843,18281463,3164346,1830787,0,0,0,0,,,,Unknown,,,,,,,,,,,,,,,,,,,,,,,,,,,,,,Unknown,Unknown,Unknown,Unknown,Unknown,Unknown,Unknown,Unknown,Unknown,Unknown,Unknown,Unknown,7149311,8757118,9432645,10745616,10594742,7611944,5395705,5135876,5897558,5852610,4483152,2071851,829227,810080,769036,756648,744301,731586,353304,0,0,0,0,0,0,0,0,0,0,0,0,0,0,0,0,0,0,0,Unknown,Unknown,Unknown,Totals,Totals,Notspecified,Totals,All,Standardised,Mobile/Servicerevenue/total|Publicationdate:24September2024Basedonhistoricaldatauptoquarter2of2024|Totalrevenueformobileservicesincludingwholesalerevenue(interconnectionroaming-inandhosting)butexcludingrevenuefromdirectequipmentsales.Thisincludesonlyrevenuethatisbilledforbyoperators(ortheirserviceproviderorMVNOpartners)andexcludesmobileservicerevenuethatisbilledforseparatelybythirdpartiessuchascontentproviders.Servicerevenueisequaltoretailrevenuepluswholesalerevenue.OperatorNotes:ThisoperatorisclassifiedasMobile:n/a.servicerevenueformobileservicesfromanoperator'sownsubscribersaswellasfromitshostedMVNOs’subscribers(apartfromWesternEuropeanmarketswhereMVNOdataisshownseparately).Thisincludestermination(interconnectionandroaming-in)revenue.
Mobile,Servicerevenue,total,Total,Sub-SaharanAfrica,Tanzania,Totalmarket,USD,,,Unknown,857162361,918957730,845139038,849521255,1027680389,1270709206,1357047352,1434521393,1290179634,1276685150,1199738710,1156061838,1112832199,1034001917,1066082900,1045460296,1216775806,,,,Unknown,,,,,,,,,,,,,,,,,,,,,,,,,,,,,,Unknown,Unknown,Unknown,Unknown,Unknown,Unknown,Unknown,Unknown,Unknown,Unknown,Unknown,Unknown,352205524,325229524,299441898,311634966,338411855,317750068,307035487,313575600,304741175,301531076,300188206,293309684,292057458,290943816,285658559,287406279,285639971,283561260,279645918,263946097,256844153,257784087,255253470,264099412,268236772,270261073,274061041,253467600,235381244,258202711,271261094,280428203,291840628,305225062,306426560,311632365,320272654,325964587,Unknown,Unknown,Unknown,Totals,Totals,Notspecified,Totals,All,Standardised,Mobile/Servicerevenue/total|Publicationdate:24September2024Basedonhistoricaldatauptoquarter2of2024|Totalrevenueformobileservicesincludingwholesalerevenue(interconnectionroaming-inandhosting)butexcludingrevenuefromdirectequipmentsales.Thisincludesonlyrevenuethatisbilledforbyoperators(ortheirserviceproviderorMVNOpartners)andexcludesmobileservicerevenuethatisbilledforseparatelybythirdpartiessuchascontentproviders.Servicerevenueisequaltoretailrevenuepluswholesalerevenue.servicerevenueformobileservicesfromanoperator'sownsubscribersaswellasfromitshostedMVNOs’subscribers(apartfromWesternEuropeanmarketswhereMVNOdataisshownseparately).Thisincludestermination(interconnectionandroaming-in)revenue.
Mobile,Servicerevenue,total,Total,Sub-SaharanAfrica,Uganda,MTN,USD,,,Unknown,264921102,315219854,351320796,391220145,337787866,393497864,452041065,460377362,392721520,367472696,382388735,396594192,451298021,492739840,555344207,598555606,686208060,,,,Unknown,,,,,,,,,,,,,,,,,,,,,,,,,,,,,,Unknown,Unknown,Unknown,Unknown,Unknown,Unknown,Unknown,Unknown,Unknown,Unknown,Unknown,Unknown,107510659,96584375,92688778,94857862,91550273,87314159,93980880,94455368,92218501,93859774,97107836,99188604,97148681,94305665,99172083,105812592,107909725,109989441,114757590,118701520,117230050,117499505,125805921,132337678,132377304,135404340,141991552,145738556,147291408,145652574,148963760,155987017,160580238,165898316,176928568,182727930,187852715,197913618,secondentrant,MTN,MTN,Totals,Totals,Notspecified,Totals,All,Standardised,Mobile/Servicerevenue/total|Publicationdate:24September2024Basedonhistoricaldatauptoquarter2of2024|Totalrevenueformobileservicesincludingwholesalerevenue(interconnectionroaming-inandhosting)butexcludingrevenuefromdirectequipmentsales.Thisincludesonlyrevenuethatisbilledforbyoperators(ortheirserviceproviderorMVNOpartners)andexcludesmobileservicerevenuethatisbilledforseparatelybythirdpartiessuchascontentproviders.Servicerevenueisequaltoretailrevenuepluswholesalerevenue.OperatorNotes:ThisoperatorisclassifiedasMobile:secondentrant.servicerevenueformobileservicesfromanoperator'sownsubscribersaswellasfromitshostedMVNOs’subscribers(apartfromWesternEuropeanmarketswhereMVNOdataisshownseparately).Thisincludestermination(interconnectionandroaming-in)revenue.
Mobile,Servicerevenue,total,Total,Sub-SaharanAfrica,Uganda,Airtel,USD,,,Unknown,114785754,167459059,168840505,156337558,151325347,198108383,298753603,345532379,302908939,324021241,330600314,355378708,368693648,356754635,389317281,477045302,627816898,,,,Unknown,,,,,,,,,,,,,,,,,,,,,,,,,,,,,,Unknown,Unknown,Unknown,Unknown,Unknown,Unknown,Unknown,Unknown,Unknown,Unknown,Unknown,Unknown,79783189,72855503,70506505,78145056,81076948,77387205,83089507,82347893,78619185,77290843,82212621,92432354,88595055,86146674,89752698,90758313,90283005,89827224,93496622,95115027,96622989,88560886,82575492,88970836,90966118,94106242,97120907,107317310,116850324,113243989,117104190,129206027,141791986,153235657,163864308,168876746,178226485,189234088,firstentrant,Airtel,Airtel,Totals,Totals,Notspecified,Totals,All,Standardised,Mobile/Servicerevenue/total|Publicationdate:24September2024Basedonhistoricaldatauptoquarter2of2024|Totalrevenueformobileservicesincludingwholesalerevenue(interconnectionroaming-inandhosting)butexcludingrevenuefromdirectequipmentsales.Thisincludesonlyrevenuethatisbilledforbyoperators(ortheirserviceproviderorMVNOpartners)andexcludesmobileservicerevenuethatisbilledforseparatelybythirdpartiessuchascontentproviders.Servicerevenueisequaltoretailrevenuepluswholesalerevenue.OperatorNotes:ThisoperatorisclassifiedasMobile:firstentrant.servicerevenueformobileservicesfromanoperator'sownsubscribersaswellasfromitshostedMVNOs’subscribers(apartfromWesternEuropeanmarketswhereMVNOdataisshownseparately).Thisincludestermination(interconnectionandroaming-in)revenue.
Mobile,Servicerevenue,total,Total,Sub-SaharanAfrica,Uganda,WaridTelecom,USD,,,Unknown,0,48385754,81374020,92584642,95018952,121658041,67073024,0,0,0,0,0,0,0,0,0,0,,,,Unknown,,,,,,,,,,,,,,,,,,,,,,,,,,,,,,Unknown,Unknown,Unknown,Unknown,Unknown,Unknown,Unknown,Unknown,Unknown,Unknown,Unknown,Unknown,0,0,0,0,0,0,0,0,0,0,0,0,0,0,0,0,0,0,0,0,0,0,0,0,0,0,0,0,0,0,0,0,0,0,0,0,0,0,fourthentrant,WaridTelecom,Unknown,Totals,Totals,Notspecified,Totals,All,Standardised,Mobile/Servicerevenue/total|Publicationdate:24September2024Basedonhistoricaldatauptoquarter2of2024|Totalrevenueformobileservicesincludingwholesalerevenue(interconnectionroaming-inandhosting)butexcludingrevenuefromdirectequipmentsales.Thisincludesonlyrevenuethatisbilledforbyoperators(ortheirserviceproviderorMVNOpartners)andexcludesmobileservicerevenuethatisbilledforseparatelybythirdpartiessuchascontentproviders.Servicerevenueisequaltoretailrevenuepluswholesalerevenue.OperatorNotes:ThisoperatorisclassifiedasMobile:fourthentrant.In2013WariddiscontinuedoperationswhenitwastakenoverbyAirtelservicerevenueformobileservicesfromanoperator'sownsubscribersaswellasfromitshostedMVNOs’subscribers(apartfromWesternEuropeanmarketswhereMVNOdataisshownseparately).Thisincludestermination(interconnectionandroaming-in)revenue.
Mobile,Servicerevenue,total,Total,Sub-SaharanAfrica,Uganda,UgandaTelecommunicationsCorporationLtd(UTel),USD,,,Unknown,146589007,203705480,105483372,71023688,92450912,112185066,98662179,75065530,50597445,57578646,45915210,47245982,50388758,51061345,54232720,57633817,69789600,,,,Unknown,,,,,,,,,,,,,,,,,,,,,,,,,,,,,,Unknown,Unknown,Unknown,Unknown,Unknown,Unknown,Unknown,Unknown,Unknown,Unknown,Unknown,Unknown,15042359,12297528,9476958,13816032,17143670,14677529,13984997,11855590,10987108,11017151,11557368,12349740,11947368,11369444,11713387,12208939,12316067,12425224,12667711,12983049,12903697,12428722,12554123,13179594,13139774,13340421,13739523,14020908,14205689,13890024,14241476,15230562,16112172,16968802,18083391,18619079,19347093,20421827,thirdentrant,UgandaTelecommunicationsCorporationLtd(Utel),Unknown,Totals,Totals,Notspecified,Totals,All,Standardised,Mobile/Servicerevenue/total|Publicationdate:24September2024Basedonhistoricaldatauptoquarter2of2024|Totalrevenueformobileservicesincludingwholesalerevenue(interconnectionroaming-inandhosting)butexcludingrevenuefromdirectequipmentsales.Thisincludesonlyrevenuethatisbilledforbyoperators(ortheirserviceproviderorMVNOpartners)andexcludesmobileservicerevenuethatisbilledforseparatelybythirdpartiessuchascontentproviders.Servicerevenueisequaltoretailrevenuepluswholesalerevenue.OperatorNotes:ThisoperatorisclassifiedasMobile:thirdentrant.servicerevenueformobileservicesfromanoperator'sownsubscribersaswellasfromitshostedMVNOs’subscribers(apartfromWesternEuropeanmarketswhereMVNOdataisshownseparately).Thisincludestermination(interconnectionandroaming-in)revenue.
Mobile,Servicerevenue,total,Total,Sub-SaharanAfrica,Uganda,Africell,USD,,,Unknown,0,0,13328404,30497393,27728793,27541264,30867372,35666884,35338157,46856723,54771575,60998431,72379245,76674721,46006710,0,0,,,,Unknown,,,,,,,,,,,,,,,,,,,,,,,,,,,,,,Unknown,Unknown,Unknown,Unknown,Unknown,Unknown,Unknown,Unknown,Unknown,Unknown,Unknown,Unknown,8742282,8184851,8164791,9915216,11264076,10883973,12123552,12544646,12189709,12815323,14118962,15639996,16239906,14745829,14265833,15778926,16599217,17462402,18792050,19542580,19265022,19033807,19568431,18800949,16860115,15184678,13719250,0,0,0,0,0,0,0,0,0,0,0,fourthentrant,Africell,Unknown,Totals,Totals,Notspecified,Totals,All,Standardised,Mobile/Servicerevenue/total|Publicationdate:24September2024Basedonhistoricaldatauptoquarter2of2024|Totalrevenueformobileservicesincludingwholesalerevenue(interconnectionroaming-inandhosting)butexcludingrevenuefromdirectequipmentsales.Thisincludesonlyrevenuethatisbilledforbyoperators(ortheirserviceproviderorMVNOpartners)andexcludesmobileservicerevenuethatisbilledforseparatelybythirdpartiessuchascontentproviders.Servicerevenueisequaltoretailrevenuepluswholesalerevenue.OperatorNotes:ThisoperatorisclassifiedasMobile:fourthentrant.AfricellhascompletedtheacquisitionofOrangeUgandaatNovember2014anditsoperatingunderthenameAfricell(includesMVNOK2)servicerevenueformobileservicesfromanoperator'sownsubscribersaswellasfromitshostedMVNOs’subscribers(apartfromWesternEuropeanmarketswhereMVNOdataisshownseparately).Thisincludestermination(interconnectionandroaming-in)revenue.
Mobile,Servicerevenue,total,Total,Sub-SaharanAfrica,Uganda,SmartTelecom,USD,,,Unknown,0,0,0,0,0,0,0,1504289,3588680,6196266,6406231,2648075,0,0,0,0,0,,,,Unknown,,,,,,,,,,,,,,,,,,,,,,,,,,,,,,Unknown,Unknown,Unknown,Unknown,Unknown,Unknown,Unknown,Unknown,Unknown,Unknown,Unknown,Unknown,747525,733038,847456,1189916,1537776,1443472,1587771,1623292,1475445,1519672,1637948,1772482,1795924,895529,0,0,0,0,0,0,0,0,0,0,0,0,0,0,0,0,0,0,0,0,0,0,0,0,laterentrant,SmartTelecom,Unknown,Totals,Totals,Notspecified,Totals,All,Standardised,Mobile/Servicerevenue/total|Publicationdate:24September2024Basedonhistoricaldatauptoquarter2of2024|Totalrevenueformobileservicesincludingwholesalerevenue(interconnectionroaming-inandhosting)butexcludingrevenuefromdirectequipmentsales.Thisincludesonlyrevenuethatisbilledforbyoperators(ortheirserviceproviderorMVNOpartners)andexcludesmobileservicerevenuethatisbilledforseparatelybythirdpartiessuchascontentproviders.Servicerevenueisequaltoretailrevenuepluswholesalerevenue.OperatorNotes:ThisoperatorisclassifiedasMobile:laterentrant.servicerevenueformobileservicesfromanoperator'sownsubscribersaswellasfromitshostedMVNOs’subscribers(apartfromWesternEuropeanmarketswhereMVNOdataisshownseparately).Thisincludestermination(interconnectionandroaming-in)revenue.
Mobile,Servicerevenue,total,Total,Sub-SaharanAfrica,Uganda,AfrimaxUganda,USD,,,Unknown,0,0,0,0,0,0,0,0,1582500,4927385,5546844,766133,0,0,0,0,0,,,,Unknown,,,,,,,,,,,,,,,,,,,,,,,,,,,,,,Unknown,Unknown,Unknown,Unknown,Unknown,Unknown,Unknown,Unknown,Unknown,Unknown,Unknown,Unknown,66447,213248,417209,793277,1172085,1132958,1279037,1338352,1242084,1303640,1429341,1571064,787174,0,0,0,0,0,0,0,0,0,0,0,0,0,0,0,0,0,0,0,0,0,0,0,0,0,laterentrant,AfrimaxUganda,Unknown,Totals,Totals,Notspecified,Totals,All,Standardised,Mobile/Servicerevenue/total|Publicationdate:24September2024Basedonhistoricaldatauptoquarter2of2024|Totalrevenueformobileservicesincludingwholesalerevenue(interconnectionroaming-inandhosting)butexcludingrevenuefromdirectequipmentsales.Thisincludesonlyrevenuethatisbilledforbyoperators(ortheirserviceproviderorMVNOpartners)andexcludesmobileservicerevenuethatisbilledforseparatelybythirdpartiessuchascontentproviders.Servicerevenueisequaltoretailrevenuepluswholesalerevenue.OperatorNotes:ThisoperatorisclassifiedasMobile:laterentrant.servicerevenueformobileservicesfromanoperator'sownsubscribersaswellasfromitshostedMVNOs’subscribers(apartfromWesternEuropeanmarketswhereMVNOdataisshownseparately).Thisincludestermination(interconnectionandroaming-in)revenue.
Mobile,Servicerevenue,total,Total,Sub-SaharanAfrica,Uganda,otheroperators,USD,,,Unknown,0,0,280465,1947912,3306411,3310162,3581639,3008578,236150,0,0,0,0,143589,683493,1325401,2320269,,,,Unknown,,,,,,,,,,,,,,,,,,,,,,,,,,,,,,Unknown,Unknown,Unknown,Unknown,Unknown,Unknown,Unknown,Unknown,Unknown,Unknown,Unknown,Unknown,265787,0,0,0,0,0,0,0,0,0,0,0,0,0,0,0,0,0,0,0,0,15569,47661,81067,115415,151934,190427,227637,268649,308091,344884,398424,463176,536459,618685,701264,792780,922526,Unknown,Unknown,Unknown,Totals,Totals,Notspecified,Totals,All,Standardised,Mobile/Servicerevenue/total|Publicationdate:24September2024Basedonhistoricaldatauptoquarter2of2024|Totalrevenueformobileservicesincludingwholesalerevenue(interconnectionroaming-inandhosting)butexcludingrevenuefromdirectequipmentsales.Thisincludesonlyrevenuethatisbilledforbyoperators(ortheirserviceproviderorMVNOpartners)andexcludesmobileservicerevenuethatisbilledforseparatelybythirdpartiessuchascontentproviders.Servicerevenueisequaltoretailrevenuepluswholesalerevenue.OperatorNotes:ThisoperatorisclassifiedasMobile:n/a.servicerevenueformobileservicesfromanoperator'sownsubscribersaswellasfromitshostedMVNOs’subscribers(apartfromWesternEuropeanmarketswhereMVNOdataisshownseparately).Thisincludestermination(interconnectionandroaming-in)revenue.
Mobile,Servicerevenue,total,Total,Sub-SaharanAfrica,Uganda,Totalmarket,USD,,,Unknown,526295863,734770147,720627560,743611339,707618283,856300781,950978882,921155022,786973391,807052958,825628910,863631521,942759672,977374130,1045584412,1134560125,1386134826,,,,Unknown,,,,,,,,,,,,,,,,,,,,,,,,,,,,,,Unknown,Unknown,Unknown,Unknown,Unknown,Unknown,Unknown,Unknown,Unknown,Unknown,Unknown,Unknown,212158247,190868543,182101698,198717359,203744827,192839298,206045744,204165141,196732034,197806403,208064075,222954239,216514108,207463141,214904000,224558770,227108014,229704292,239713974,246342176,246021759,237538488,240551626,253370124,253458726,258187615,266761660,267304410,278616069,273094677,280654310,300822030,318947571,336639234,359494951,370925020,386219074,408492058,Unknown,Unknown,Unknown,Totals,Totals,Notspecified,Totals,All,Standardised,Mobile/Servicerevenue/total|Publicationdate:24September2024Basedonhistoricaldatauptoquarter2of2024|Totalrevenueformobileservicesincludingwholesalerevenue(interconnectionroaming-inandhosting)butexcludingrevenuefromdirectequipmentsales.Thisincludesonlyrevenuethatisbilledforbyoperators(ortheirserviceproviderorMVNOpartners)andexcludesmobileservicerevenuethatisbilledforseparatelybythirdpartiessuchascontentproviders.Servicerevenueisequaltoretailrevenuepluswholesalerevenue.servicerevenueformobileservicesfromanoperator'sownsubscribersaswellasfromitshostedMVNOs’subscribers(apartfromWesternEuropeanmarketswhereMVNOdataisshownseparately).Thisincludestermination(interconnectionandroaming-in)revenue.
Mobile,Servicerevenue,total,Total,Sub-SaharanAfrica,Zambia,Airtel,USD,,,Unknown,Unknown,267110216,157995827,192421536,281543070,265647643,274762738,259251428,218675205,217144496,225462288,186829801,168082880,139799273,177269963,255400809,288079010,,,,Unknown,,,,,,,,,,,,,,,,,,,,,,,,,,,,,,Unknown,Unknown,Unknown,Unknown,Unknown,Unknown,Unknown,Unknown,Unknown,Unknown,Unknown,Unknown,63270293,61116324,48996368,43317988,49407567,53292567,56915863,57697811,55933462,57839950,57376398,54313737,51564335,51440489,43924408,40142736,41879302,41625875,42496767,41727163,37282337,34621567,34267115,33045524,32367326,35309107,49204139,63379599,53630028,57797522,71343343,73157981,71235649,76341301,74619883,64470383,62333964,67717228,firstentrant,Airtel,Airtel,Totals,Totals,Notspecified,Totals,All,Standardised,Mobile/Servicerevenue/total|Publicationdate:24September2024Basedonhistoricaldatauptoquarter2of2024|Totalrevenueformobileservicesincludingwholesalerevenue(interconnectionroaming-inandhosting)butexcludingrevenuefromdirectequipmentsales.Thisincludesonlyrevenuethatisbilledforbyoperators(ortheirserviceproviderorMVNOpartners)andexcludesmobileservicerevenuethatisbilledforseparatelybythirdpartiessuchascontentproviders.Servicerevenueisequaltoretailrevenuepluswholesalerevenue.OperatorNotes:ThisoperatorisclassifiedasMobile:firstentrant.servicerevenueformobileservicesfromanoperator'sownsubscribersaswellasfromitshostedMVNOs’subscribers(apartfromWesternEuropeanmarketswhereMVNOdataisshownseparately).Thisincludestermination(interconnectionandroaming-in)revenue.
Mobile,Servicerevenue,total,Total,Sub-SaharanAfrica,Zambia,MTN,USD,,,Unknown,Unknown,63367500,63234000,106695000,151800562,206986971,265081407,316497540,206957902,161479628,178521133,194249676,180816090,141496784,147658082,184082962,181679433,,,,Unknown,,,,,,,,,,,,,,,,,,,,,,,,,,,,,,Unknown,Unknown,Unknown,Unknown,Unknown,Unknown,Unknown,Unknown,Unknown,Unknown,Unknown,Unknown,62510813,56746748,47407625,39242456,38009767,39796018,42486712,41173571,36292357,41657449,47954736,52533365,47358351,50507316,47999993,47021243,43232809,43913745,47162274,45911875,34952818,34135286,36637058,34609626,30701985,32244523,38941301,46559827,41982971,43439109,49989243,48864087,43543892,48069356,48486539,40617461,25409265,37970976,secondentrant,MTN,MTN,Totals,Totals,Notspecified,Totals,All,Standardised,Mobile/Servicerevenue/total|Publicationdate:24September2024Basedonhistoricaldatauptoquarter2of2024|Totalrevenueformobileservicesincludingwholesalerevenue(interconnectionroaming-inandhosting)butexcludingrevenuefromdirectequipmentsales.Thisincludesonlyrevenuethatisbilledforbyoperators(ortheirserviceproviderorMVNOpartners)andexcludesmobileservicerevenuethatisbilledforseparatelybythirdpartiessuchascontentproviders.Servicerevenueisequaltoretailrevenuepluswholesalerevenue.OperatorNotes:ThisoperatorisclassifiedasMobile:secondentrant.servicerevenueformobileservicesfromanoperator'sownsubscribersaswellasfromitshostedMVNOs’subscribers(apartfromWesternEuropeanmarketswhereMVNOdataisshownseparately).Thisincludestermination(interconnectionandroaming-in)revenue.
Mobile,Servicerevenue,total,Total,Sub-SaharanAfrica,Zambia,ZamtelMobile(Zamtel),USD,,,Unknown,Unknown,8537822,6603252,3137501,13201294,19372911,29755268,46304174,45425269,37411365,47030628,67160397,75975998,65589834,59642443,66480120,52366561,,,,Unknown,,,,,,,,,,,,,,,,,,,,,,,,,,,,,,Unknown,Unknown,Unknown,Unknown,Unknown,Unknown,Unknown,Unknown,Unknown,Unknown,Unknown,Unknown,11690970,12361379,10380888,9921457,10191057,9572958,9348961,8131210,8290034,10716654,13066906,14940616,16232463,16813969,16390694,17080174,18383974,17747895,18829271,20687136,17899914,16587856,16394296,14588515,13261678,13047714,15309298,18155711,17367702,16391158,16610310,16050748,14759083,14843613,13168471,9895252,9211190,9820404,thirdentrant,ZamtelMobile(Zamtel),Unknown,Totals,Totals,Notspecified,Totals,All,Standardised,Mobile/Servicerevenue/total|Publicationdate:24September2024Basedonhistoricaldatauptoquarter2of2024|Totalrevenueformobileservicesincludingwholesalerevenue(interconnectionroaming-inandhosting)butexcludingrevenuefromdirectequipmentsales.Thisincludesonlyrevenuethatisbilledforbyoperators(ortheirserviceproviderorMVNOpartners)andexcludesmobileservicerevenuethatisbilledforseparatelybythirdpartiessuchascontentproviders.Servicerevenueisequaltoretailrevenuepluswholesalerevenue.OperatorNotes:ThisoperatorisclassifiedasMobile:thirdentrant.servicerevenueformobileservicesfromanoperator'sownsubscribersaswellasfromitshostedMVNOs’subscribers(apartfromWesternEuropeanmarketswhereMVNOdataisshownseparately).Thisincludestermination(interconnectionandroaming-in)revenue.
Mobile,Servicerevenue,total,Total,Sub-SaharanAfrica,Zambia,Totalmarket,USD,,,Unknown,Unknown,339015538,227833079,302254037,446544926,492007525,569599413,622053143,471058376,416035490,451014049,448239874,424874969,346885891,384570488,505963891,522125004,,,,Unknown,,,,,,,,,,,,,,,,,,,,,,,,,,,,,,Unknown,Unknown,Unknown,Unknown,Unknown,Unknown,Unknown,Unknown,Unknown,Unknown,Unknown,Unknown,137472077,130224451,106784881,92481900,97608390,102661543,108751536,107002592,100515853,110214053,118398041,121787717,115155149,118761775,108315095,104244153,103496085,103287514,108488312,108326174,90135069,85344709,87298468,82243666,76330989,80601343,103454737,128095138,112980701,117627789,137942896,138072816,129538623,139254270,136274893,114983096,96954418,115508607,Unknown,Unknown,Unknown,Totals,Totals,Notspecified,Totals,All,Standardised,Mobile/Servicerevenue/total|Publicationdate:24September2024Basedonhistoricaldatauptoquarter2of2024|Totalrevenueformobileservicesincludingwholesalerevenue(interconnectionroaming-inandhosting)butexcludingrevenuefromdirectequipmentsales.Thisincludesonlyrevenuethatisbilledforbyoperators(ortheirserviceproviderorMVNOpartners)andexcludesmobileservicerevenuethatisbilledforseparatelybythirdpartiessuchascontentproviders.Servicerevenueisequaltoretailrevenuepluswholesalerevenue.servicerevenueformobileservicesfromanoperator'sownsubscribersaswellasfromitshostedMVNOs’subscribers(apartfromWesternEuropeanmarketswhereMVNOdataisshownseparately).Thisincludestermination(interconnectionandroaming-in)revenue.
Mobile,Servicerevenue–marketshare,total,Total,Sub-SaharanAfrica,Cameroon,MTN,%,,,Unknown,Unknown,47.52%,48.78%,44.88%,52.37%,53.70%,58.36%,60.40%,52.53%,48.97%,44.61%,39.21%,42.17%,43.40%,45.01%,46.02%,46.76%,,,,Unknown,,,,,,,,,,,,,,,,,,,,,,,,,,,,,,Unknown,Unknown,Unknown,Unknown,Unknown,Unknown,Unknown,Unknown,Unknown,Unknown,Unknown,Unknown,56.99%,53.64%,51.05%,48.88%,49.03%,49.85%,48.08%,48.95%,47.96%,44.23%,43.15%,43.33%,41.08%,37.72%,38.11%,39.92%,40.93%,41.81%,42.26%,43.71%,43.20%,42.99%,43.14%,44.19%,44.66%,43.70%,45.57%,46.05%,44.75%,45.70%,46.82%,46.71%,47.34%,46.86%,46.46%,46.42%,45.93%,46.27%,firstentrant,MTN,MTN,Totals,Totals,Notspecified,Totals,All,Standardised,Mobile/Servicerevenue–marketshare/total|Publicationdate:24September2024Basedonhistoricaldatauptoquarter2of2024|Operatormarketshareofmobileservicerevenuewhichisdefinedasthetotalrevenueformobileservicesincludingwholesalerevenue(interconnectionroaming-inandhosting)butexcludingrevenuefromdirectequipmentsales.Thisincludesonlyrevenuethatisbilledforbyoperators(ortheirserviceproviderorMVNOpartners)andexcludesmobileservicerevenuethatisbilledforseparatelybythirdpartiessuchascontentproviders.Servicerevenueisequaltoretailrevenuepluswholesalerevenue.OperatorNotes:ThisoperatorisclassifiedasMobile:firstentrant.servicerevenueformobileservicesfromanoperator'sownsubscribersaswellasfromitshostedMVNOs’subscribers(apartfromWesternEuropeanmarketswhereMVNOdataisshownseparately).Thisincludestermination(interconnectionandroaming-in)revenue.
Mobile,Servicerevenue–marketshare,total,Total,Sub-SaharanAfrica,Cameroon,Orange,%,,,Unknown,Unknown,52.47%,51.21%,55.11%,47.62%,46.29%,41.63%,38.66%,37.43%,35.75%,35.06%,36.85%,39.56%,40.13%,41.44%,43.91%,44.35%,,,,Unknown,,,,,,,,,,,,,,,,,,,,,,,,,,,,,,Unknown,Unknown,Unknown,Unknown,Unknown,Unknown,Unknown,Unknown,Unknown,Unknown,Unknown,Unknown,37.27%,36.95%,37.29%,38.19%,36.90%,35.70%,36.24%,34.21%,33.91%,35.21%,35.52%,35.53%,35.77%,37.02%,37.20%,37.39%,39.48%,40.14%,39.69%,38.95%,39.59%,40.26%,40.63%,40.05%,40.14%,41.92%,41.43%,42.17%,44.28%,44.05%,43.58%,43.75%,43.59%,44.09%,44.65%,44.99%,45.61%,45.62%,firstentrant,Orange,Orange,Totals,Totals,Notspecified,Totals,All,Standardised,Mobile/Servicerevenue–marketshare/total|Publicationdate:24September2024Basedonhistoricaldatauptoquarter2of2024|Operatormarketshareofmobileservicerevenuewhichisdefinedasthetotalrevenueformobileservicesincludingwholesalerevenue(interconnectionroaming-inandhosting)butexcludingrevenuefromdirectequipmentsales.Thisincludesonlyrevenuethatisbilledforbyoperators(ortheirserviceproviderorMVNOpartners)andexcludesmobileservicerevenuethatisbilledforseparatelybythirdpartiessuchascontentproviders.Servicerevenueisequaltoretailrevenuepluswholesalerevenue.OperatorNotes:ThisoperatorisclassifiedasMobile:firstentrant.servicerevenueformobileservicesfromanoperator'sownsubscribersaswellasfromitshostedMVNOs’subscribers(apartfromWesternEuropeanmarketswhereMVNOdataisshownseparately).Thisincludestermination(interconnectionandroaming-in)revenue.
Mobile,Servicerevenue–marketshare,total,Total,Sub-SaharanAfrica,Cameroon,Viettel(Nexttel),%,,,Unknown,Unknown,0.00%,0.00%,0.00%,0.00%,0.00%,0.00%,0.92%,10.02%,15.24%,20.15%,23.25%,17.04%,14.91%,11.60%,7.81%,6.49%,,,,Unknown,,,,,,,,,,,,,,,,,,,,,,,,,,,,,,Unknown,Unknown,Unknown,Unknown,Unknown,Unknown,Unknown,Unknown,Unknown,Unknown,Unknown,Unknown,5.73%,9.39%,11.64%,12.91%,14.05%,14.43%,15.65%,16.78%,18.04%,20.42%,21.14%,20.86%,22.71%,24.62%,23.92%,21.80%,18.55%,16.86%,16.75%,15.97%,15.75%,15.22%,14.64%,14.09%,13.42%,12.46%,11.00%,9.69%,8.77%,7.99%,7.35%,7.20%,6.76%,6.66%,6.47%,6.12%,5.96%,5.65%,thirdentrant,Viettel(Nexttel),Unknown,Totals,Totals,Notspecified,Totals,All,Standardised,Mobile/Servicerevenue–marketshare/total|Publicationdate:24September2024Basedonhistoricaldatauptoquarter2of2024|Operatormarketshareofmobileservicerevenuewhichisdefinedasthetotalrevenueformobileservicesincludingwholesalerevenue(interconnectionroaming-inandhosting)butexcludingrevenuefromdirectequipmentsales.Thisincludesonlyrevenuethatisbilledforbyoperators(ortheirserviceproviderorMVNOpartners)andexcludesmobileservicerevenuethatisbilledforseparatelybythirdpartiessuchascontentproviders.Servicerevenueisequaltoretailrevenuepluswholesalerevenue.OperatorNotes:ThisoperatorisclassifiedasMobile:thirdentrant.servicerevenueformobileservicesfromanoperator'sownsubscribersaswellasfromitshostedMVNOs’subscribers(apartfromWesternEuropeanmarketswhereMVNOdataisshownseparately).Thisincludestermination(interconnectionandroaming-in)revenue.
Mobile,Servicerevenue–marketshare,total,Total,Sub-SaharanAfrica,Cameroon,Camtel,%,,,Unknown,Unknown,0.00%,0.00%,0.00%,0.00%,0.00%,0.00%,0.00%,0.00%,0.01%,0.16%,0.67%,1.20%,1.54%,1.93%,2.25%,2.38%,,,,Unknown,,,,,,,,,,,,,,,,,,,,,,,,,,,,,,Unknown,Unknown,Unknown,Unknown,Unknown,Unknown,Unknown,Unknown,Unknown,Unknown,Unknown,Unknown,0.00%,0.00%,0.00%,0.00%,0.00%,0.00%,0.01%,0.04%,0.08%,0.13%,0.17%,0.26%,0.43%,0.62%,0.76%,0.87%,1.02%,1.17%,1.29%,1.34%,1.44%,1.51%,1.57%,1.64%,1.76%,1.89%,1.98%,2.07%,2.19%,2.24%,2.23%,2.32%,2.29%,2.36%,2.40%,2.45%,2.47%,2.44%,fourthentrant,Camtel,Unknown,Totals,Totals,Notspecified,Totals,All,Standardised,Mobile/Servicerevenue–marketshare/total|Publicationdate:24September2024Basedonhistoricaldatauptoquarter2of2024|Operatormarketshareofmobileservicerevenuewhichisdefinedasthetotalrevenueformobileservicesincludingwholesalerevenue(interconnectionroaming-inandhosting)butexcludingrevenuefromdirectequipmentsales.Thisincludesonlyrevenuethatisbilledforbyoperators(ortheirserviceproviderorMVNOpartners)andexcludesmobileservicerevenuethatisbilledforseparatelybythirdpartiessuchascontentproviders.Servicerevenueisequaltoretailrevenuepluswholesalerevenue.OperatorNotes:ThisoperatorisclassifiedasMobile:fourthentrant.servicerevenueformobileservicesfromanoperator'sownsubscribersaswellasfromitshostedMVNOs’subscribers(apartfromWesternEuropeanmarketswhereMVNOdataisshownseparately).Thisincludestermination(interconnectionandroaming-in)revenue.
Mobile,Servicerevenue–marketshare,total,Total,Sub-SaharanAfrica,Cameroon,Totalmarket,%,,,Unknown,Unknown,100.00%,100.00%,100.00%,100.00%,100.00%,100.00%,100.00%,100.00%,100.00%,100.00%,100.00%,100.00%,100.00%,100.00%,100.00%,100.00%,,,,Unknown,,,,,,,,,,,,,,,,,,,,,,,,,,,,,,Unknown,Unknown,Unknown,Unknown,Unknown,Unknown,Unknown,Unknown,Unknown,Unknown,Unknown,Unknown,100.00%,100.00%,100.00%,100.00%,100.00%,100.00%,100.00%,100.00%,100.00%,100.00%,100.00%,100.00%,100.00%,100.00%,100.00%,100.00%,100.00%,100.00%,100.00%,100.00%,100.00%,100.00%,100.00%,100.00%,100.00%,100.00%,100.00%,100.00%,100.00%,100.00%,100.00%,100.00%,100.00%,100.00%,100.00%,100.00%,100.00%,100.00%,Unknown,Unknown,Unknown,Totals,Totals,Notspecified,Totals,All,Standardised,Mobile/Servicerevenue–marketshare/total|Publicationdate:24September2024Basedonhistoricaldatauptoquarter2of2024|Operatormarketshareofmobileservicerevenuewhichisdefinedasthetotalrevenueformobileservicesincludingwholesalerevenue(interconnectionroaming-inandhosting)butexcludingrevenuefromdirectequipmentsales.Thisincludesonlyrevenuethatisbilledforbyoperators(ortheirserviceproviderorMVNOpartners)andexcludesmobileservicerevenuethatisbilledforseparatelybythirdpartiessuchascontentproviders.Servicerevenueisequaltoretailrevenuepluswholesalerevenue.servicerevenueformobileservicesfromanoperator'sownsubscribersaswellasfromitshostedMVNOs’subscribers(apartfromWesternEuropeanmarketswhereMVNOdataisshownseparately).Thisincludestermination(interconnectionandroaming-in)revenue.
Mobile,Servicerevenue–marketshare,total,Total,Sub-SaharanAfrica,CôtedIvoire,MTN,%,,,Unknown,Unknown,Unknown,39.70%,38.98%,38.26%,37.53%,36.56%,35.14%,33.11%,32.47%,34.35%,32.18%,33.34%,33.75%,34.52%,34.17%,35.05%,,,,Unknown,,,,,,,,,,,,,,,,,,,,,,,,,,,,,,Unknown,Unknown,Unknown,Unknown,Unknown,Unknown,Unknown,Unknown,Unknown,Unknown,Unknown,Unknown,34.83%,34.46%,32.89%,30.40%,32.48%,33.47%,32.36%,31.63%,36.63%,33.70%,33.70%,33.52%,34.14%,32.83%,31.75%,30.02%,32.58%,33.74%,33.72%,33.35%,33.53%,34.11%,33.28%,34.09%,35.23%,34.97%,34.81%,33.17%,32.59%,33.00%,35.33%,35.68%,34.81%,36.02%,35.16%,34.17%,32.83%,33.51%,firstentrant,MTN,MTN,Totals,Totals,Notspecified,Totals,All,Standardised,Mobile/Servicerevenue–marketshare/total|Publicationdate:24September2024Basedonhistoricaldatauptoquarter2of2024|Operatormarketshareofmobileservicerevenuewhichisdefinedasthetotalrevenueformobileservicesincludingwholesalerevenue(interconnectionroaming-inandhosting)butexcludingrevenuefromdirectequipmentsales.Thisincludesonlyrevenuethatisbilledforbyoperators(ortheirserviceproviderorMVNOpartners)andexcludesmobileservicerevenuethatisbilledforseparatelybythirdpartiessuchascontentproviders.Servicerevenueisequaltoretailrevenuepluswholesalerevenue.OperatorNotes:ThisoperatorisclassifiedasMobile:firstentrant.servicerevenueformobileservicesfromanoperator'sownsubscribersaswellasfromitshostedMVNOs’subscribers(apartfromWesternEuropeanmarketswhereMVNOdataisshownseparately).Thisincludestermination(interconnectionandroaming-in)revenue.
Mobile,Servicerevenue–marketshare,total,Total,Sub-SaharanAfrica,CôtedIvoire,Orange,%,,,Unknown,Unknown,Unknown,35.75%,37.72%,39.66%,41.58%,43.77%,47.15%,49.22%,50.76%,47.13%,47.25%,45.14%,45.74%,46.12%,45.98%,44.10%,,,,Unknown,,,,,,,,,,,,,,,,,,,,,,,,,,,,,,Unknown,Unknown,Unknown,Unknown,Unknown,Unknown,Unknown,Unknown,Unknown,Unknown,Unknown,Unknown,48.01%,48.66%,49.11%,51.02%,50.25%,50.15%,51.27%,51.32%,45.81%,49.29%,46.49%,46.84%,46.54%,46.45%,47.39%,48.60%,44.90%,44.74%,45.12%,45.78%,45.50%,45.23%,46.79%,45.42%,44.69%,46.05%,46.37%,47.29%,47.54%,47.61%,44.38%,44.46%,44.67%,42.80%,44.30%,44.64%,44.92%,43.36%,firstentrant,Orange,Orange,Totals,Totals,Notspecified,Totals,All,Standardised,Mobile/Servicerevenue–marketshare/total|Publicationdate:24September2024Basedonhistoricaldatauptoquarter2of2024|Operatormarketshareofmobileservicerevenuewhichisdefinedasthetotalrevenueformobileservicesincludingwholesalerevenue(interconnectionroaming-inandhosting)butexcludingrevenuefromdirectequipmentsales.Thisincludesonlyrevenuethatisbilledforbyoperators(ortheirserviceproviderorMVNOpartners)andexcludesmobileservicerevenuethatisbilledforseparatelybythirdpartiessuchascontentproviders.Servicerevenueisequaltoretailrevenuepluswholesalerevenue.OperatorNotes:ThisoperatorisclassifiedasMobile:firstentrant.servicerevenueformobileservicesfromanoperator'sownsubscribersaswellasfromitshostedMVNOs’subscribers(apartfromWesternEuropeanmarketswhereMVNOdataisshownseparately).Thisincludestermination(interconnectionandroaming-in)revenue.
Mobile,Servicerevenue–marketshare,total,Total,Sub-SaharanAfrica,CôtedIvoire,MarocTelecom(Moov),%,,,Unknown,Unknown,Unknown,19.75%,18.61%,17.50%,16.40%,15.27%,13.41%,14.26%,16.75%,18.50%,20.55%,21.50%,20.49%,19.34%,19.84%,20.84%,,,,Unknown,,,,,,,,,,,,,,,,,,,,,,,,,,,,,,Unknown,Unknown,Unknown,Unknown,Unknown,Unknown,Unknown,Unknown,Unknown,Unknown,Unknown,Unknown,12.51%,12.98%,15.12%,16.31%,17.25%,16.36%,16.35%,17.04%,17.54%,16.99%,19.80%,19.63%,19.31%,20.71%,20.84%,21.37%,22.51%,21.50%,21.14%,20.86%,20.95%,20.65%,19.91%,20.47%,20.07%,18.97%,18.81%,19.52%,19.85%,19.38%,20.27%,19.85%,20.50%,21.16%,20.53%,21.18%,22.24%,23.12%,thirdentrant,MarocTelecom(Moov),Etisalat,Totals,Totals,Notspecified,Totals,All,Standardised,Mobile/Servicerevenue–marketshare/total|Publicationdate:24September2024Basedonhistoricaldatauptoquarter2of2024|Operatormarketshareofmobileservicerevenuewhichisdefinedasthetotalrevenueformobileservicesincludingwholesalerevenue(interconnectionroaming-inandhosting)butexcludingrevenuefromdirectequipmentsales.Thisincludesonlyrevenuethatisbilledforbyoperators(ortheirserviceproviderorMVNOpartners)andexcludesmobileservicerevenuethatisbilledforseparatelybythirdpartiessuchascontentproviders.Servicerevenueisequaltoretailrevenuepluswholesalerevenue.OperatorNotes:ThisoperatorisclassifiedasMobile:thirdentrant.servicerevenueformobileservicesfromanoperator'sownsubscribersaswellasfromitshostedMVNOs’subscribers(apartfromWesternEuropeanmarketswhereMVNOdataisshownseparately).Thisincludestermination(interconnectionandroaming-in)revenue.
Mobile,Servicerevenue–marketshare,total,Total,Sub-SaharanAfrica,CôtedIvoire,Comium,%,,,Unknown,Unknown,Unknown,4.78%,4.52%,4.28%,4.04%,3.72%,3.07%,2.50%,0.00%,0.00%,0.00%,0.00%,0.00%,0.00%,0.00%,0.00%,,,,Unknown,,,,,,,,,,,,,,,,,,,,,,,,,,,,,,Unknown,Unknown,Unknown,Unknown,Unknown,Unknown,Unknown,Unknown,Unknown,Unknown,Unknown,Unknown,3.00%,2.87%,2.40%,1.75%,0.00%,0.00%,0.00%,0.00%,0.00%,0.00%,0.00%,0.00%,0.00%,0.00%,0.00%,0.00%,0.00%,0.00%,0.00%,0.00%,0.00%,0.00%,0.00%,0.00%,0.00%,0.00%,0.00%,0.00%,0.00%,0.00%,0.00%,0.00%,0.00%,0.00%,0.00%,0.00%,0.00%,0.00%,fourthentrant,Comium,Unknown,Totals,Totals,Notspecified,Totals,All,Standardised,Mobile/Servicerevenue–marketshare/total|Publicationdate:24September2024Basedonhistoricaldatauptoquarter2of2024|Operatormarketshareofmobileservicerevenuewhichisdefinedasthetotalrevenueformobileservicesincludingwholesalerevenue(interconnectionroaming-inandhosting)butexcludingrevenuefromdirectequipmentsales.Thisincludesonlyrevenuethatisbilledforbyoperators(ortheirserviceproviderorMVNOpartners)andexcludesmobileservicerevenuethatisbilledforseparatelybythirdpartiessuchascontentproviders.Servicerevenueisequaltoretailrevenuepluswholesalerevenue.OperatorNotes:ThisoperatorisclassifiedasMobile:fourthentrant.servicerevenueformobileservicesfromanoperator'sownsubscribersaswellasfromitshostedMVNOs’subscribers(apartfromWesternEuropeanmarketswhereMVNOdataisshownseparately).Thisincludestermination(interconnectionandroaming-in)revenue.
Mobile,Servicerevenue–marketshare,total,Total,Sub-SaharanAfrica,CôtedIvoire,GreenN,%,,,Unknown,Unknown,Unknown,0.02%,0.14%,0.28%,0.43%,0.65%,1.21%,0.88%,0.00%,0.00%,0.00%,0.00%,0.00%,0.00%,0.00%,0.00%,,,,Unknown,,,,,,,,,,,,,,,,,,,,,,,,,,,,,,Unknown,Unknown,Unknown,Unknown,Unknown,Unknown,Unknown,Unknown,Unknown,Unknown,Unknown,Unknown,1.62%,1.00%,0.45%,0.49%,0.00%,0.00%,0.00%,0.00%,0.00%,0.00%,0.00%,0.00%,0.00%,0.00%,0.00%,0.00%,0.00%,0.00%,0.00%,0.00%,0.00%,0.00%,0.00%,0.00%,0.00%,0.00%,0.00%,0.00%,0.00%,0.00%,0.00%,0.00%,0.00%,0.00%,0.00%,0.00%,0.00%,0.00%,laterentrant,GreenN,Unknown,Totals,Totals,Notspecified,Totals,All,Standardised,Mobile/Servicerevenue–marketshare/total|Publicationdate:24September2024Basedonhistoricaldatauptoquarter2of2024|Operatormarketshareofmobileservicerevenuewhichisdefinedasthetotalrevenueformobileservicesincludingwholesalerevenue(interconnectionroaming-inandhosting)butexcludingrevenuefromdirectequipmentsales.Thisincludesonlyrevenuethatisbilledforbyoperators(ortheirserviceproviderorMVNOpartners)andexcludesmobileservicerevenuethatisbilledforseparatelybythirdpartiessuchascontentproviders.Servicerevenueisequaltoretailrevenuepluswholesalerevenue.OperatorNotes:ThisoperatorisclassifiedasMobile:laterentrant.servicerevenueformobileservicesfromanoperator'sownsubscribersaswellasfromitshostedMVNOs’subscribers(apartfromWesternEuropeanmarketswhereMVNOdataisshownseparately).Thisincludestermination(interconnectionandroaming-in)revenue.
Mobile,Servicerevenue–marketshare,total,Total,Sub-SaharanAfrica,CôtedIvoire,Totalmarket,%,,,Unknown,Unknown,Unknown,100.00%,100.00%,100.00%,100.00%,100.00%,100.00%,100.00%,100.00%,100.00%,100.00%,100.00%,100.00%,100.00%,100.00%,100.00%,,,,Unknown,,,,,,,,,,,,,,,,,,,,,,,,,,,,,,Unknown,Unknown,Unknown,Unknown,Unknown,Unknown,Unknown,Unknown,Unknown,Unknown,Unknown,Unknown,100.00%,100.00%,100.00%,100.00%,100.00%,100.00%,100.00%,100.00%,100.00%,100.00%,100.00%,100.00%,100.00%,100.00%,100.00%,100.00%,100.00%,100.00%,100.00%,100.00%,100.00%,100.00%,100.00%,100.00%,100.00%,100.00%,100.00%,100.00%,100.00%,100.00%,100.00%,100.00%,100.00%,100.00%,100.00%,100.00%,100.00%,100.00%,Unknown,Unknown,Unknown,Totals,Totals,Notspecified,Totals,All,Standardised,Mobile/Servicerevenue–marketshare/total|Publicationdate:24September2024Basedonhistoricaldatauptoquarter2of2024|Operatormarketshareofmobileservicerevenuewhichisdefinedasthetotalrevenueformobileservicesincludingwholesalerevenue(interconnectionroaming-inandhosting)butexcludingrevenuefromdirectequipmentsales.Thisincludesonlyrevenuethatisbilledforbyoperators(ortheirserviceproviderorMVNOpartners)andexcludesmobileservicerevenuethatisbilledforseparatelybythirdpartiessuchascontentproviders.Servicerevenueisequaltoretailrevenuepluswholesalerevenue.servicerevenueformobileservicesfromanoperator'sownsubscribersaswellasfromitshostedMVNOs’subscribers(apartfromWesternEuropeanmarketswhereMVNOdataisshownseparately).Thisincludestermination(interconnectionandroaming-in)revenue.
Mobile,Servicerevenue–marketshare,total,Total,Sub-SaharanAfrica,Ghana,MTN,%,,,Unknown,64.61%,65.89%,64.03%,60.33%,55.54%,51.14%,50.48%,52.16%,54.88%,57.58%,62.69%,67.97%,72.96%,77.50%,81.28%,85.75%,91.05%,,,,Unknown,,,,,,,,,,,,,,,,,,,,,,,,,,,,,,Unknown,Unknown,Unknown,Unknown,Unknown,Unknown,Unknown,Unknown,Unknown,Unknown,Unknown,Unknown,51.95%,54.61%,56.80%,55.80%,55.26%,57.56%,57.93%,59.31%,60.65%,60.79%,63.95%,64.90%,66.46%,66.42%,68.54%,70.39%,70.31%,71.52%,73.73%,75.78%,75.81%,76.89%,77.71%,79.42%,80.52%,80.75%,81.50%,82.25%,83.70%,85.52%,85.89%,87.63%,88.43%,90.44%,92.19%,92.69%,93.39%,93.97%,thirdentrant,MTN,MTN,Totals,Totals,Notspecified,Totals,All,Standardised,Mobile/Servicerevenue–marketshare/total|Publicationdate:24September2024Basedonhistoricaldatauptoquarter2of2024|Operatormarketshareofmobileservicerevenuewhichisdefinedasthetotalrevenueformobileservicesincludingwholesalerevenue(interconnectionroaming-inandhosting)butexcludingrevenuefromdirectequipmentsales.Thisincludesonlyrevenuethatisbilledforbyoperators(ortheirserviceproviderorMVNOpartners)andexcludesmobileservicerevenuethatisbilledforseparatelybythirdpartiessuchascontentproviders.Servicerevenueisequaltoretailrevenuepluswholesalerevenue.OperatorNotes:ThisoperatorisclassifiedasMobile:thirdentrant.servicerevenueformobileservicesfromanoperator'sownsubscribersaswellasfromitshostedMVNOs’subscribers(apartfromWesternEuropeanmarketswhereMVNOdataisshownseparately).Thisincludestermination(interconnectionandroaming-in)revenue.
Mobile,Servicerevenue–marketshare,total,Total,Sub-SaharanAfrica,Ghana,Expresso,%,,,Unknown,3.19%,2.77%,1.94%,1.28%,0.87%,0.53%,0.34%,0.25%,0.28%,0.22%,0.08%,0.00%,0.00%,0.00%,0.00%,0.00%,0.00%,,,,Unknown,,,,,,,,,,,,,,,,,,,,,,,,,,,,,,Unknown,Unknown,Unknown,Unknown,Unknown,Unknown,Unknown,Unknown,Unknown,Unknown,Unknown,Unknown,0.26%,0.29%,0.30%,0.27%,0.24%,0.22%,0.21%,0.22%,0.15%,0.07%,0.04%,0.05%,0.02%,0.00%,0.00%,0.00%,0.00%,0.00%,0.00%,0.00%,0.00%,0.00%,0.00%,0.00%,0.00%,0.00%,0.00%,0.00%,0.00%,0.00%,0.00%,0.00%,0.00%,0.00%,0.00%,0.00%,0.00%,0.00%,secondentrant,Expresso,Unknown,Totals,Totals,Notspecified,Totals,All,Standardised,Mobile/Servicerevenue–marketshare/total|Publicationdate:24September2024Basedonhistoricaldatauptoquarter2of2024|Operatormarketshareofmobileservicerevenuewhichisdefinedasthetotalrevenueformobileservicesincludingwholesalerevenue(interconnectionroaming-inandhosting)butexcludingrevenuefromdirectequipmentsales.Thisincludesonlyrevenuethatisbilledforbyoperators(ortheirserviceproviderorMVNOpartners)andexcludesmobileservicerevenuethatisbilledforseparatelybythirdpartiessuchascontentproviders.Servicerevenueisequaltoretailrevenuepluswholesalerevenue.OperatorNotes:ThisoperatorisclassifiedasMobile:secondentrant.servicerevenueformobileservicesfromanoperator'sownsubscribersaswellasfromitshostedMVNOs’subscribers(apartfromWesternEuropeanmarketswhereMVNOdataisshownseparately).Thisincludestermination(interconnectionandroaming-in)revenue.
Mobile,Servicerevenue–marketshare,total,Total,Sub-SaharanAfrica,Ghana,Tigo,%,,,Unknown,21.93%,19.95%,17.72%,16.88%,14.39%,10.14%,7.84%,7.59%,8.84%,8.35%,6.41%,0.00%,0.00%,0.00%,0.00%,0.00%,0.00%,,,,Unknown,,,,,,,,,,,,,,,,,,,,,,,,,,,,,,Unknown,Unknown,Unknown,Unknown,Unknown,Unknown,Unknown,Unknown,Unknown,Unknown,Unknown,Unknown,8.50%,9.00%,9.15%,8.68%,8.21%,8.18%,8.16%,8.82%,8.95%,9.47%,8.21%,0.00%,0.00%,0.00%,0.00%,0.00%,0.00%,0.00%,0.00%,0.00%,0.00%,0.00%,0.00%,0.00%,0.00%,0.00%,0.00%,0.00%,0.00%,0.00%,0.00%,0.00%,0.00%,0.00%,0.00%,0.00%,0.00%,0.00%,firstentrant,Tigo,Unknown,Totals,Totals,Notspecified,Totals,All,Standardised,Mobile/Servicerevenue–marketshare/total|Publicationdate:24September2024Basedonhistoricaldatauptoquarter2of2024|Operatormarketshareofmobileservicerevenuewhichisdefinedasthetotalrevenueformobileservicesincludingwholesalerevenue(interconnectionroaming-inandhosting)butexcludingrevenuefromdirectequipmentsales.Thisincludesonlyrevenuethatisbilledforbyoperators(ortheirserviceproviderorMVNOpartners)andexcludesmobileservicerevenuethatisbilledforseparatelybythirdpartiessuchascontentproviders.Servicerevenueisequaltoretailrevenuepluswholesalerevenue.OperatorNotes:ThisoperatorisclassifiedasMobile:firstentrant.servicerevenueformobileservicesfromanoperator'sownsubscribersaswellasfromitshostedMVNOs’subscribers(apartfromWesternEuropeanmarketswhereMVNOdataisshownseparately).Thisincludestermination(interconnectionandroaming-in)revenue.
Mobile,Servicerevenue–marketshare,total,Total,Sub-SaharanAfrica,Ghana,TelecelGroup(Vodafone),%,,,Unknown,10.25%,10.18%,11.15%,12.44%,15.91%,19.79%,20.85%,21.06%,19.02%,20.02%,17.57%,15.69%,14.06%,10.76%,9.05%,6.66%,5.43%,,,,Unknown,,,,,,,,,,,,,,,,,,,,,,,,,,,,,,Unknown,Unknown,Unknown,Unknown,Unknown,Unknown,Unknown,Unknown,Unknown,Unknown,Unknown,Unknown,20.97%,19.12%,17.75%,18.49%,20.73%,20.03%,20.17%,19.24%,18.49%,18.47%,17.58%,16.02%,15.49%,16.00%,15.68%,15.59%,15.95%,15.04%,13.51%,12.09%,11.40%,11.43%,10.70%,9.63%,9.31%,9.47%,9.09%,8.40%,7.35%,6.35%,6.60%,6.39%,6.10%,5.51%,5.18%,5.03%,4.80%,4.61%,fourthentrant,TelecelGroup(Vodafone),Unknown,Totals,Totals,Notspecified,Totals,All,Standardised,Mobile/Servicerevenue–marketshare/total|Publicationdate:24September2024Basedonhistoricaldatauptoquarter2of2024|Operatormarketshareofmobileservicerevenuewhichisdefinedasthetotalrevenueformobileservicesincludingwholesalerevenue(interconnectionroaming-inandhosting)butexcludingrevenuefromdirectequipmentsales.Thisincludesonlyrevenuethatisbilledforbyoperators(ortheirserviceproviderorMVNOpartners)andexcludesmobileservicerevenuethatisbilledforseparatelybythirdpartiessuchascontentproviders.Servicerevenueisequaltoretailrevenuepluswholesalerevenue.OperatorNotes:ThisoperatorisclassifiedasMobile:fourthentrant.servicerevenueformobileservicesfromanoperator'sownsubscribersaswellasfromitshostedMVNOs’subscribers(apartfromWesternEuropeanmarketswhereMVNOdataisshownseparately).Thisincludestermination(interconnectionandroaming-in)revenue.
Mobile,Servicerevenue–marketshare,total,Total,Sub-SaharanAfrica,Ghana,Airtel,%,,,Unknown,0.00%,1.19%,5.15%,9.05%,13.26%,14.97%,14.68%,13.87%,12.42%,11.05%,6.48%,0.00%,0.00%,0.00%,0.00%,0.00%,0.00%,,,,Unknown,,,,,,,,,,,,,,,,,,,,,,,,,,,,,,Unknown,Unknown,Unknown,Unknown,Unknown,Unknown,Unknown,Unknown,Unknown,Unknown,Unknown,Unknown,13.34%,12.28%,11.66%,12.52%,11.91%,11.17%,11.03%,10.21%,9.65%,9.03%,8.24%,0.00%,0.00%,0.00%,0.00%,0.00%,0.00%,0.00%,0.00%,0.00%,0.00%,0.00%,0.00%,0.00%,0.00%,0.00%,0.00%,0.00%,0.00%,0.00%,0.00%,0.00%,0.00%,0.00%,0.00%,0.00%,0.00%,0.00%,laterentrant,Airtel,Unknown,Totals,Totals,Notspecified,Totals,All,Standardised,Mobile/Servicerevenue–marketshare/total|Publicationdate:24September2024Basedonhistoricaldatauptoquarter2of2024|Operatormarketshareofmobileservicerevenuewhichisdefinedasthetotalrevenueformobileservicesincludingwholesalerevenue(interconnectionroaming-inandhosting)butexcludingrevenuefromdirectequipmentsales.Thisincludesonlyrevenuethatisbilledforbyoperators(ortheirserviceproviderorMVNOpartners)andexcludesmobileservicerevenuethatisbilledforseparatelybythirdpartiessuchascontentproviders.Servicerevenueisequaltoretailrevenuepluswholesalerevenue.OperatorNotes:ThisoperatorisclassifiedasMobile:laterentrant.servicerevenueformobileservicesfromanoperator'sownsubscribersaswellasfromitshostedMVNOs’subscribers(apartfromWesternEuropeanmarketswhereMVNOdataisshownseparately).Thisincludestermination(interconnectionandroaming-in)revenue.
Mobile,Servicerevenue–marketshare,total,Total,Sub-SaharanAfrica,Ghana,Glo,%,,,Unknown,0.00%,0.00%,0.00%,0.00%,0.00%,3.41%,5.79%,5.04%,4.53%,2.75%,2.04%,2.01%,1.89%,1.79%,1.82%,1.41%,0.28%,,,,Unknown,,,,,,,,,,,,,,,,,,,,,,,,,,,,,,Unknown,Unknown,Unknown,Unknown,Unknown,Unknown,Unknown,Unknown,Unknown,Unknown,Unknown,Unknown,4.95%,4.68%,4.32%,4.21%,3.63%,2.81%,2.47%,2.18%,2.08%,2.14%,1.95%,2.00%,1.87%,1.98%,2.10%,2.07%,1.91%,1.87%,1.89%,1.90%,1.84%,1.82%,1.77%,1.73%,1.73%,1.75%,1.87%,1.91%,1.76%,1.87%,1.39%,0.68%,0.56%,0.37%,0.17%,0.05%,0.01%,0.00%,laterentrant,Glo,Unknown,Totals,Totals,Notspecified,Totals,All,Standardised,Mobile/Servicerevenue–marketshare/total|Publicationdate:24September2024Basedonhistoricaldatauptoquarter2of2024|Operatormarketshareofmobileservicerevenuewhichisdefinedasthetotalrevenueformobileservicesincludingwholesalerevenue(interconnectionroaming-inandhosting)butexcludingrevenuefromdirectequipmentsales.Thisincludesonlyrevenuethatisbilledforbyoperators(ortheirserviceproviderorMVNOpartners)andexcludesmobileservicerevenuethatisbilledforseparatelybythirdpartiessuchascontentproviders.Servicerevenueisequaltoretailrevenuepluswholesalerevenue.OperatorNotes:ThisoperatorisclassifiedasMobile:laterentrant.servicerevenueformobileservicesfromanoperator'sownsubscribersaswellasfromitshostedMVNOs’subscribers(apartfromWesternEuropeanmarketswhereMVNOdataisshownseparately).Thisincludestermination(interconnectionandroaming-in)revenue.
Mobile,Servicerevenue–marketshare,total,Total,Sub-SaharanAfrica,Ghana,AirtelTigo(AT),%,,,Unknown,0.00%,0.00%,0.00%,0.00%,0.00%,0.00%,0.00%,0.00%,0.00%,0.00%,4.70%,14.31%,11.07%,9.93%,7.83%,6.16%,3.23%,,,,Unknown,,,,,,,,,,,,,,,,,,,,,,,,,,,,,,Unknown,Unknown,Unknown,Unknown,Unknown,Unknown,Unknown,Unknown,Unknown,Unknown,Unknown,Unknown,0.00%,0.00%,0.00%,0.00%,0.00%,0.00%,0.00%,0.00%,0.00%,0.00%,0.00%,17.01%,16.13%,15.58%,13.66%,11.93%,11.81%,11.55%,10.85%,10.21%,10.93%,9.84%,9.80%,9.19%,8.42%,8.01%,7.52%,7.42%,7.17%,6.23%,6.11%,5.28%,4.89%,3.66%,2.44%,2.21%,1.79%,1.41%,laterentrant,AirtelTigo(AT),Unknown,Totals,Totals,Notspecified,Totals,All,Standardised,Mobile/Servicerevenue–marketshare/total|Publicationdate:24September2024Basedonhistoricaldatauptoquarter2of2024|Operatormarketshareofmobileservicerevenuewhichisdefinedasthetotalrevenueformobileservicesincludingwholesalerevenue(interconnectionroaming-inandhosting)butexcludingrevenuefromdirectequipmentsales.Thisincludesonlyrevenuethatisbilledforbyoperators(ortheirserviceproviderorMVNOpartners)andexcludesmobileservicerevenuethatisbilledforseparatelybythirdpartiessuchascontentproviders.Servicerevenueisequaltoretailrevenuepluswholesalerevenue.OperatorNotes:ThisoperatorisclassifiedasMobile:laterentrant.servicerevenueformobileservicesfromanoperator'sownsubscribersaswellasfromitshostedMVNOs’subscribers(apartfromWesternEuropeanmarketswhereMVNOdataisshownseparately).Thisincludestermination(interconnectionandroaming-in)revenue.
Mobile,Servicerevenue–marketshare,total,Total,Sub-SaharanAfrica,Ghana,Totalmarket,%,,,Unknown,100.00%,100.00%,100.00%,100.00%,100.00%,100.00%,100.00%,100.00%,100.00%,100.00%,100.00%,100.00%,100.00%,100.00%,100.00%,100.00%,100.00%,,,,Unknown,,,,,,,,,,,,,,,,,,,,,,,,,,,,,,Unknown,Unknown,Unknown,Unknown,Unknown,Unknown,Unknown,Unknown,Unknown,Unknown,Unknown,Unknown,100.00%,100.00%,100.00%,100.00%,100.00%,100.00%,100.00%,100.00%,100.00%,100.00%,100.00%,100.00%,100.00%,100.00%,100.00%,100.00%,100.00%,100.00%,100.00%,100.00%,100.00%,100.00%,100.00%,100.00%,100.00%,100.00%,100.00%,100.00%,100.00%,100.00%,100.00%,100.00%,100.00%,100.00%,100.00%,100.00%,100.00%,100.00%,Unknown,Unknown,Unknown,Totals,Totals,Notspecified,Totals,All,Standardised,Mobile/Servicerevenue–marketshare/total|Publicationdate:24September2024Basedonhistoricaldatauptoquarter2of2024|Operatormarketshareofmobileservicerevenuewhichisdefinedasthetotalrevenueformobileservicesincludingwholesalerevenue(interconnectionroaming-inandhosting)butexcludingrevenuefromdirectequipmentsales.Thisincludesonlyrevenuethatisbilledforbyoperators(ortheirserviceproviderorMVNOpartners)andexcludesmobileservicerevenuethatisbilledforseparatelybythirdpartiessuchascontentproviders.Servicerevenueisequaltoretailrevenuepluswholesalerevenue.servicerevenueformobileservicesfromanoperator'sownsubscribersaswellasfromitshostedMVNOs’subscribers(apartfromWesternEuropeanmarketswhereMVNOdataisshownseparately).Thisincludestermination(interconnectionandroaming-in)revenue.
Mobile,Servicerevenue–marketshare,total,Total,Sub-SaharanAfrica,Kenya,Safaricom,%,,,Unknown,81.82%,83.88%,81.36%,79.27%,76.98%,76.54%,78.07%,79.84%,82.61%,83.47%,85.23%,82.19%,79.34%,76.05%,77.23%,78.41%,79.41%,,,,Unknown,,,,,,,,,,,,,,,,,,,,,,,,,,,,,,Unknown,Unknown,Unknown,Unknown,Unknown,Unknown,Unknown,Unknown,Unknown,Unknown,Unknown,Unknown,82.47%,82.69%,82.48%,82.77%,83.26%,83.41%,83.23%,83.96%,85.12%,85.33%,85.49%,85.00%,83.69%,82.43%,81.71%,81.02%,79.96%,79.51%,79.66%,78.22%,76.91%,76.17%,75.03%,76.08%,77.00%,76.97%,77.14%,77.78%,78.34%,78.30%,78.30%,78.70%,79.06%,79.46%,79.52%,79.61%,79.75%,79.83%,firstentrant,Safaricom,Vodafone,Totals,Totals,Notspecified,Totals,All,Standardised,Mobile/Servicerevenue–marketshare/total|Publicationdate:24September2024Basedonhistoricaldatauptoquarter2of2024|Operatormarketshareofmobileservicerevenuewhichisdefinedasthetotalrevenueformobileservicesincludingwholesalerevenue(interconnectionroaming-inandhosting)butexcludingrevenuefromdirectequipmentsales.Thisincludesonlyrevenuethatisbilledforbyoperators(ortheirserviceproviderorMVNOpartners)andexcludesmobileservicerevenuethatisbilledforseparatelybythirdpartiessuchascontentproviders.Servicerevenueisequaltoretailrevenuepluswholesalerevenue.OperatorNotes:ThisoperatorisclassifiedasMobile:firstentrant.March2017:ownedbyVodafoneKenya(40%)whichisitselfownedbyVodafoneGroup(87.5%)servicerevenueformobileservicesfromanoperator'sownsubscribersaswellasfromitshostedMVNOs’subscribers(apartfromWesternEuropeanmarketswhereMVNOdataisshownseparately).Thisincludestermination(interconnectionandroaming-in)revenue.
Mobile,Servicerevenue–marketshare,total,Total,Sub-SaharanAfrica,Kenya,Airtel,%,,,Unknown,18.17%,14.53%,12.22%,11.30%,13.38%,14.00%,13.01%,12.59%,14.61%,14.11%,12.51%,15.62%,18.56%,21.55%,20.39%,19.55%,19.17%,,,,Unknown,,,,,,,,,,,,,,,,,,,,,,,,,,,,,,Unknown,Unknown,Unknown,Unknown,Unknown,Unknown,Unknown,Unknown,Unknown,Unknown,Unknown,Unknown,14.78%,14.59%,14.63%,14.46%,14.18%,14.08%,14.38%,13.80%,12.74%,12.45%,12.18%,12.67%,14.01%,15.35%,16.14%,16.86%,17.98%,18.43%,18.26%,19.60%,20.82%,21.48%,22.47%,21.45%,20.58%,20.65%,20.50%,19.83%,19.38%,19.61%,19.75%,19.48%,19.26%,19.01%,19.11%,19.29%,19.35%,19.46%,secondentrant,Airtel,Airtel,Totals,Totals,Notspecified,Totals,All,Standardised,Mobile/Servicerevenue–marketshare/total|Publicationdate:24September2024Basedonhistoricaldatauptoquarter2of2024|Operatormarketshareofmobileservicerevenuewhichisdefinedasthetotalrevenueformobileservicesincludingwholesalerevenue(interconnectionroaming-inandhosting)butexcludingrevenuefromdirectequipmentsales.Thisincludesonlyrevenuethatisbilledforbyoperators(ortheirserviceproviderorMVNOpartners)andexcludesmobileservicerevenuethatisbilledforseparatelybythirdpartiessuchascontentproviders.Servicerevenueisequaltoretailrevenuepluswholesalerevenue.OperatorNotes:ThisoperatorisclassifiedasMobile:secondentrant.servicerevenueformobileservicesfromanoperator'sownsubscribersaswellasfromitshostedMVNOs’subscribers(apartfromWesternEuropeanmarketswhereMVNOdataisshownseparately).Thisincludestermination(interconnectionandroaming-in)revenue.
Mobile,Servicerevenue–marketshare,total,Total,Sub-SaharanAfrica,Kenya,TelkomKenya,%,,,Unknown,0.00%,1.22%,3.28%,3.68%,3.71%,3.02%,2.89%,2.19%,2.77%,2.40%,2.24%,2.15%,2.00%,2.25%,2.20%,1.79%,1.09%,,,,Unknown,,,,,,,,,,,,,,,,,,,,,,,,,,,,,,Unknown,Unknown,Unknown,Unknown,Unknown,Unknown,Unknown,Unknown,Unknown,Unknown,Unknown,Unknown,2.74%,2.71%,2.87%,2.75%,2.54%,2.49%,2.38%,2.23%,2.13%,2.20%,2.31%,2.32%,2.27%,2.18%,2.09%,2.05%,1.98%,1.98%,1.98%,2.06%,2.13%,2.20%,2.34%,2.31%,2.25%,2.20%,2.17%,2.19%,2.06%,1.86%,1.70%,1.55%,1.40%,1.22%,1.03%,0.74%,0.53%,0.35%,thirdentrant,TelkomKenya,Unknown,Totals,Totals,Notspecified,Totals,All,Standardised,Mobile/Servicerevenue–marketshare/total|Publicationdate:24September2024Basedonhistoricaldatauptoquarter2of2024|Operatormarketshareofmobileservicerevenuewhichisdefinedasthetotalrevenueformobileservicesincludingwholesalerevenue(interconnectionroaming-inandhosting)butexcludingrevenuefromdirectequipmentsales.Thisincludesonlyrevenuethatisbilledforbyoperators(ortheirserviceproviderorMVNOpartners)andexcludesmobileservicerevenuethatisbilledforseparatelybythirdpartiessuchascontentproviders.Servicerevenueisequaltoretailrevenuepluswholesalerevenue.OperatorNotes:ThisoperatorisclassifiedasMobile:thirdentrant.servicerevenueformobileservicesfromanoperator'sownsubscribersaswellasfromitshostedMVNOs’subscribers(apartfromWesternEuropeanmarketswhereMVNOdataisshownseparately).Thisincludestermination(interconnectionandroaming-in)revenue.
Mobile,Servicerevenue–marketshare,total,Total,Sub-SaharanAfrica,Kenya,EssarTelecom(yu),%,,,Unknown,0.00%,0.35%,3.12%,5.73%,5.90%,6.43%,6.01%,5.36%,0.00%,0.00%,0.00%,0.00%,0.00%,0.00%,0.00%,0.00%,0.00%,,,,Unknown,,,,,,,,,,,,,,,,,,,,,,,,,,,,,,Unknown,Unknown,Unknown,Unknown,Unknown,Unknown,Unknown,Unknown,Unknown,Unknown,Unknown,Unknown,0.00%,0.00%,0.00%,0.00%,0.00%,0.00%,0.00%,0.00%,0.00%,0.00%,0.00%,0.00%,0.00%,0.00%,0.00%,0.00%,0.00%,0.00%,0.00%,0.00%,0.00%,0.00%,0.00%,0.00%,0.00%,0.00%,0.00%,0.00%,0.00%,0.00%,0.00%,0.00%,0.00%,0.00%,0.00%,0.00%,0.00%,0.00%,fourthentrant,EssarTelecom(yu),Unknown,Totals,Totals,Notspecified,Totals,All,Standardised,Mobile/Servicerevenue–marketshare/total|Publicationdate:24September2024Basedonhistoricaldatauptoquarter2of2024|Operatormarketshareofmobileservicerevenuewhichisdefinedasthetotalrevenueformobileservicesincludingwholesalerevenue(interconnectionroaming-inandhosting)butexcludingrevenuefromdirectequipmentsales.Thisincludesonlyrevenuethatisbilledforbyoperators(ortheirserviceproviderorMVNOpartners)andexcludesmobileservicerevenuethatisbilledforseparatelybythirdpartiessuchascontentproviders.Servicerevenueisequaltoretailrevenuepluswholesalerevenue.OperatorNotes:ThisoperatorisclassifiedasMobile:fourthentrant.servicerevenueformobileservicesfromanoperator'sownsubscribersaswellasfromitshostedMVNOs’subscribers(apartfromWesternEuropeanmarketswhereMVNOdataisshownseparately).Thisincludestermination(interconnectionandroaming-in)revenue.
Mobile,Servicerevenue–marketshare,total,Total,Sub-SaharanAfrica,Kenya,JamiiTelecommunications(Faiba),%,,,Unknown,0.00%,0.00%,0.00%,0.00%,0.00%,0.00%,0.00%,0.00%,0.00%,0.00%,0.00%,0.03%,0.08%,0.13%,0.17%,0.22%,0.30%,,,,Unknown,,,,,,,,,,,,,,,,,,,,,,,,,,,,,,Unknown,Unknown,Unknown,Unknown,Unknown,Unknown,Unknown,Unknown,Unknown,Unknown,Unknown,Unknown,0.00%,0.00%,0.00%,0.00%,0.00%,0.00%,0.00%,0.00%,0.00%,0.00%,0.00%,0.00%,0.01%,0.03%,0.04%,0.05%,0.06%,0.07%,0.08%,0.10%,0.11%,0.13%,0.14%,0.14%,0.15%,0.16%,0.17%,0.19%,0.20%,0.21%,0.23%,0.25%,0.27%,0.29%,0.31%,0.34%,0.35%,0.33%,laterentrant,JamiiTelecommunications(Faiba),Unknown,Totals,Totals,Notspecified,Totals,All,Standardised,Mobile/Servicerevenue–marketshare/total|Publicationdate:24September2024Basedonhistoricaldatauptoquarter2of2024|Operatormarketshareofmobileservicerevenuewhichisdefinedasthetotalrevenueformobileservicesincludingwholesalerevenue(interconnectionroaming-inandhosting)butexcludingrevenuefromdirectequipmentsales.Thisincludesonlyrevenuethatisbilledforbyoperators(ortheirserviceproviderorMVNOpartners)andexcludesmobileservicerevenuethatisbilledforseparatelybythirdpartiessuchascontentproviders.Servicerevenueisequaltoretailrevenuepluswholesalerevenue.OperatorNotes:ThisoperatorisclassifiedasMobile:laterentrant.servicerevenueformobileservicesfromanoperator'sownsubscribersaswellasfromitshostedMVNOs’subscribers(apartfromWesternEuropeanmarketswhereMVNOdataisshownseparately).Thisincludestermination(interconnectionandroaming-in)revenue.
Mobile,Servicerevenue–marketshare,total,Total,Sub-SaharanAfrica,Kenya,Totalmarket,%,,,Unknown,100.00%,100.00%,100.00%,100.00%,100.00%,100.00%,100.00%,100.00%,100.00%,100.00%,100.00%,100.00%,100.00%,100.00%,100.00%,100.00%,100.00%,,,,Unknown,,,,,,,,,,,,,,,,,,,,,,,,,,,,,,Unknown,Unknown,Unknown,Unknown,Unknown,Unknown,Unknown,Unknown,Unknown,Unknown,Unknown,Unknown,100.00%,100.00%,100.00%,100.00%,100.00%,100.00%,100.00%,100.00%,100.00%,100.00%,100.00%,100.00%,100.00%,100.00%,100.00%,100.00%,100.00%,100.00%,100.00%,100.00%,100.00%,100.00%,100.00%,100.00%,100.00%,100.00%,100.00%,100.00%,100.00%,100.00%,100.00%,100.00%,100.00%,100.00%,100.00%,100.00%,100.00%,100.00%,Unknown,Unknown,Unknown,Totals,Totals,Notspecified,Totals,All,Standardised,Mobile/Servicerevenue–marketshare/total|Publicationdate:24September2024Basedonhistoricaldatauptoquarter2of2024|Operatormarketshareofmobileservicerevenuewhichisdefinedasthetotalrevenueformobileservicesincludingwholesalerevenue(interconnectionroaming-inandhosting)butexcludingrevenuefromdirectequipmentsales.Thisincludesonlyrevenuethatisbilledforbyoperators(ortheirserviceproviderorMVNOpartners)andexcludesmobileservicerevenuethatisbilledforseparatelybythirdpartiessuchascontentproviders.Servicerevenueisequaltoretailrevenuepluswholesalerevenue.servicerevenueformobileservicesfromanoperator'sownsubscribersaswellasfromitshostedMVNOs’subscribers(apartfromWesternEuropeanmarketswhereMVNOdataisshownseparately).Thisincludestermination(interconnectionandroaming-in)revenue.
Mobile,Servicerevenue–marketshare,total,Total,Sub-SaharanAfrica,Nigeria,MTN,%,,,Unknown,46.38%,44.39%,47.80%,49.65%,50.19%,49.69%,51.51%,48.62%,45.23%,42.34%,46.25%,49.13%,50.29%,51.29%,52.89%,53.96%,54.31%,,,,Unknown,,,,,,,,,,,,,,,,,,,,,,,,,,,,,,Unknown,Unknown,Unknown,Unknown,Unknown,Unknown,Unknown,Unknown,Unknown,Unknown,Unknown,Unknown,47.14%,45.83%,44.75%,43.15%,42.98%,41.62%,41.59%,43.17%,45.25%,45.24%,46.87%,47.52%,48.41%,49.07%,49.46%,49.55%,49.31%,50.33%,50.49%,50.96%,51.73%,51.27%,50.61%,51.55%,52.33%,52.67%,53.20%,53.28%,52.86%,53.69%,54.15%,54.98%,55.08%,51.73%,54.97%,55.44%,56.93%,54.58%,firstentrant,MTN,MTN,Totals,Totals,Notspecified,Totals,All,Standardised,Mobile/Servicerevenue–marketshare/total|Publicationdate:24September2024Basedonhistoricaldatauptoquarter2of2024|Operatormarketshareofmobileservicerevenuewhichisdefinedasthetotalrevenueformobileservicesincludingwholesalerevenue(interconnectionroaming-inandhosting)butexcludingrevenuefromdirectequipmentsales.Thisincludesonlyrevenuethatisbilledforbyoperators(ortheirserviceproviderorMVNOpartners)andexcludesmobileservicerevenuethatisbilledforseparatelybythirdpartiessuchascontentproviders.Servicerevenueisequaltoretailrevenuepluswholesalerevenue.OperatorNotes:ThisoperatorisclassifiedasMobile:firstentrant.servicerevenueformobileservicesfromanoperator'sownsubscribersaswellasfromitshostedMVNOs’subscribers(apartfromWesternEuropeanmarketswhereMVNOdataisshownseparately).Thisincludestermination(interconnectionandroaming-in)revenue.
Mobile,Servicerevenue–marketshare,total,Total,Sub-SaharanAfrica,Nigeria,Airtel,%,,,Unknown,19.46%,19.65%,15.05%,13.74%,14.13%,13.68%,13.84%,15.94%,16.37%,16.45%,16.72%,16.83%,18.85%,20.91%,22.39%,22.70%,24.01%,,,,Unknown,,,,,,,,,,,,,,,,,,,,,,,,,,,,,,Unknown,Unknown,Unknown,Unknown,Unknown,Unknown,Unknown,Unknown,Unknown,Unknown,Unknown,Unknown,15.20%,15.95%,16.80%,17.56%,16.92%,16.46%,16.29%,16.17%,16.84%,17.39%,16.27%,16.43%,16.44%,16.52%,16.86%,17.45%,18.65%,18.47%,19.02%,19.23%,19.98%,20.27%,21.21%,21.99%,22.20%,22.89%,22.46%,22.03%,22.85%,22.79%,22.56%,22.64%,22.51%,27.06%,23.22%,23.16%,22.01%,24.95%,firstentrant,Airtel,Airtel,Totals,Totals,Notspecified,Totals,All,Standardised,Mobile/Servicerevenue–marketshare/total|Publicationdate:24September2024Basedonhistoricaldatauptoquarter2of2024|Operatormarketshareofmobileservicerevenuewhichisdefinedasthetotalrevenueformobileservicesincludingwholesalerevenue(interconnectionroaming-inandhosting)butexcludingrevenuefromdirectequipmentsales.Thisincludesonlyrevenuethatisbilledforbyoperators(ortheirserviceproviderorMVNOpartners)andexcludesmobileservicerevenuethatisbilledforseparatelybythirdpartiessuchascontentproviders.Servicerevenueisequaltoretailrevenuepluswholesalerevenue.OperatorNotes:ThisoperatorisclassifiedasMobile:firstentrant.servicerevenueformobileservicesfromanoperator'sownsubscribersaswellasfromitshostedMVNOs’subscribers(apartfromWesternEuropeanmarketswhereMVNOdataisshownseparately).Thisincludestermination(interconnectionandroaming-in)revenue.
Mobile,Servicerevenue–marketshare,total,Total,Sub-SaharanAfrica,Nigeria,Globacom,%,,,Unknown,31.75%,31.04%,30.08%,26.93%,25.45%,25.55%,23.81%,22.40%,23.86%,27.11%,26.20%,25.54%,24.48%,23.10%,19.56%,18.80%,17.46%,,,,Unknown,,,,,,,,,,,,,,,,,,,,,,,,,,,,,,Unknown,Unknown,Unknown,Unknown,Unknown,Unknown,Unknown,Unknown,Unknown,Unknown,Unknown,Unknown,23.91%,23.90%,23.76%,23.86%,26.15%,27.10%,27.20%,27.94%,26.48%,25.85%,26.31%,26.17%,25.89%,25.61%,25.30%,25.39%,25.04%,24.41%,24.18%,24.29%,23.43%,23.92%,23.54%,21.67%,20.43%,19.03%,19.07%,19.73%,19.42%,18.89%,18.83%,18.15%,18.24%,16.85%,17.62%,17.25%,17.53%,17.40%,thirdentrant,Globacom,Unknown,Totals,Totals,Notspecified,Totals,All,Standardised,Mobile/Servicerevenue–marketshare/total|Publicationdate:24September2024Basedonhistoricaldatauptoquarter2of2024|Operatormarketshareofmobileservicerevenuewhichisdefinedasthetotalrevenueformobileservicesincludingwholesalerevenue(interconnectionroaming-inandhosting)butexcludingrevenuefromdirectequipmentsales.Thisincludesonlyrevenuethatisbilledforbyoperators(ortheirserviceproviderorMVNOpartners)andexcludesmobileservicerevenuethatisbilledforseparatelybythirdpartiessuchascontentproviders.Servicerevenueisequaltoretailrevenuepluswholesalerevenue.OperatorNotes:ThisoperatorisclassifiedasMobile:thirdentrant.servicerevenueformobileservicesfromanoperator'sownsubscribersaswellasfromitshostedMVNOs’subscribers(apartfromWesternEuropeanmarketswhereMVNOdataisshownseparately).Thisincludestermination(interconnectionandroaming-in)revenue.
Mobile,Servicerevenue–marketshare,total,Total,Sub-SaharanAfrica,Nigeria,9Mobile,%,,,Unknown,0.00%,0.21%,1.52%,4.36%,6.59%,8.80%,9.51%,11.96%,13.52%,13.68%,10.60%,8.34%,6.27%,4.59%,5.06%,4.44%,4.12%,,,,Unknown,,,,,,,,,,,,,,,,,,,,,,,,,,,,,,Unknown,Unknown,Unknown,Unknown,Unknown,Unknown,Unknown,Unknown,Unknown,Unknown,Unknown,Unknown,12.73%,13.29%,13.67%,14.42%,13.18%,14.40%,14.66%,12.51%,11.19%,11.28%,10.32%,9.66%,9.06%,8.62%,8.23%,7.49%,6.89%,6.67%,6.18%,5.39%,4.74%,4.40%,4.52%,4.68%,4.94%,5.30%,5.17%,4.86%,4.78%,4.54%,4.36%,4.14%,4.07%,4.27%,4.10%,4.06%,3.46%,3.01%,fourthentrant,9Mobile,Unknown,Totals,Totals,Notspecified,Totals,All,Standardised,Mobile/Servicerevenue–marketshare/total|Publicationdate:24September2024Basedonhistoricaldatauptoquarter2of2024|Operatormarketshareofmobileservicerevenuewhichisdefinedasthetotalrevenueformobileservicesincludingwholesalerevenue(interconnectionroaming-inandhosting)butexcludingrevenuefromdirectequipmentsales.Thisincludesonlyrevenuethatisbilledforbyoperators(ortheirserviceproviderorMVNOpartners)andexcludesmobileservicerevenuethatisbilledforseparatelybythirdpartiessuchascontentproviders.Servicerevenueisequaltoretailrevenuepluswholesalerevenue.OperatorNotes:ThisoperatorisclassifiedasMobile:fourthentrant.servicerevenueformobileservicesfromanoperator'sownsubscribersaswellasfromitshostedMVNOs’subscribers(apartfromWesternEuropeanmarketswhereMVNOdataisshownseparately).Thisincludestermination(interconnectionandroaming-in)revenue.
Mobile,Servicerevenue–marketshare,total,Total,Sub-SaharanAfrica,Nigeria,otheroperators,%,,,Unknown,2.40%,4.68%,5.53%,5.30%,3.61%,2.24%,1.30%,1.06%,1.00%,0.39%,0.21%,0.14%,0.10%,0.10%,0.07%,0.07%,0.07%,,,,Unknown,,,,,,,,,,,,,,,,,,,,,,,,,,,,,,Unknown,Unknown,Unknown,Unknown,Unknown,Unknown,Unknown,Unknown,Unknown,Unknown,Unknown,Unknown,1.00%,1.00%,0.99%,0.99%,0.75%,0.40%,0.24%,0.20%,0.21%,0.22%,0.21%,0.20%,0.17%,0.16%,0.12%,0.09%,0.09%,0.09%,0.10%,0.10%,0.10%,0.11%,0.10%,0.08%,0.08%,0.08%,0.07%,0.07%,0.07%,0.08%,0.07%,0.07%,0.06%,0.07%,0.07%,0.07%,0.05%,0.04%,Unknown,Unknown,Unknown,Totals,Totals,Notspecified,Totals,All,Standardised,Mobile/Servicerevenue–marketshare/total|Publicationdate:24September2024Basedonhistoricaldatauptoquarter2of2024|Operatormarketshareofmobileservicerevenuewhichisdefinedasthetotalrevenueformobileservicesincludingwholesalerevenue(interconnectionroaming-inandhosting)butexcludingrevenuefromdirectequipmentsales.Thisincludesonlyrevenuethatisbilledforbyoperators(ortheirserviceproviderorMVNOpartners)andexcludesmobileservicerevenuethatisbilledforseparatelybythirdpartiessuchascontentproviders.Servicerevenueisequaltoretailrevenuepluswholesalerevenue.OperatorNotes:ThisoperatorisclassifiedasMobile:n/a.servicerevenueformobileservicesfromanoperator'sownsubscribersaswellasfromitshostedMVNOs’subscribers(apartfromWesternEuropeanmarketswhereMVNOdataisshownseparately).Thisincludestermination(interconnectionandroaming-in)revenue.
Mobile,Servicerevenue–marketshare,total,Total,Sub-SaharanAfrica,Nigeria,Totalmarket,%,,,Unknown,100.00%,100.00%,100.00%,100.00%,100.00%,100.00%,100.00%,100.00%,100.00%,100.00%,100.00%,100.00%,100.00%,100.00%,100.00%,100.00%,100.00%,,,,Unknown,,,,,,,,,,,,,,,,,,,,,,,,,,,,,,Unknown,Unknown,Unknown,Unknown,Unknown,Unknown,Unknown,Unknown,Unknown,Unknown,Unknown,Unknown,100.00%,100.00%,100.00%,100.00%,100.00%,100.00%,100.00%,100.00%,100.00%,100.00%,100.00%,100.00%,100.00%,100.00%,100.00%,100.00%,100.00%,100.00%,100.00%,100.00%,100.00%,100.00%,100.00%,100.00%,100.00%,100.00%,100.00%,100.00%,100.00%,100.00%,100.00%,100.00%,100.00%,100.00%,100.00%,100.00%,100.00%,100.00%,Unknown,Unknown,Unknown,Totals,Totals,Notspecified,Totals,All,Standardised,Mobile/Servicerevenue–marketshare/total|Publicationdate:24September2024Basedonhistoricaldatauptoquarter2of2024|Operatormarketshareofmobileservicerevenuewhichisdefinedasthetotalrevenueformobileservicesincludingwholesalerevenue(interconnectionroaming-inandhosting)butexcludingrevenuefromdirectequipmentsales.Thisincludesonlyrevenuethatisbilledforbyoperators(ortheirserviceproviderorMVNOpartners)andexcludesmobileservicerevenuethatisbilledforseparatelybythirdpartiessuchascontentproviders.Servicerevenueisequaltoretailrevenuepluswholesalerevenue.servicerevenueformobileservicesfromanoperator'sownsubscribersaswellasfromitshostedMVNOs’subscribers(apartfromWesternEuropeanmarketswhereMVNOdataisshownseparately).Thisincludestermination(interconnectionandroaming-in)revenue.
Mobile,Servicerevenue–marketshare,total,Total,Sub-SaharanAfrica,Rwanda,MTN,%,,,Unknown,Unknown,91.76%,87.48%,86.66%,87.96%,89.20%,81.61%,76.25%,72.71%,70.57%,70.56%,71.34%,74.79%,79.38%,83.02%,84.58%,83.36%,,,,Unknown,,,,,,,,,,,,,,,,,,,,,,,,,,,,,,Unknown,Unknown,Unknown,Unknown,Unknown,Unknown,Unknown,Unknown,Unknown,Unknown,Unknown,Unknown,73.72%,73.34%,72.10%,71.66%,71.36%,70.60%,70.54%,69.78%,70.03%,70.55%,70.97%,70.69%,69.90%,70.91%,72.87%,71.48%,72.83%,74.68%,75.89%,75.57%,77.10%,77.67%,81.55%,80.65%,81.46%,82.73%,83.57%,84.12%,83.32%,84.10%,85.41%,85.26%,84.54%,83.84%,83.06%,82.06%,81.49%,81.42%,firstentrant,MTN,MTN,Totals,Totals,Notspecified,Totals,All,Standardised,Mobile/Servicerevenue–marketshare/total|Publicationdate:24September2024Basedonhistoricaldatauptoquarter2of2024|Operatormarketshareofmobileservicerevenuewhichisdefinedasthetotalrevenueformobileservicesincludingwholesalerevenue(interconnectionroaming-inandhosting)butexcludingrevenuefromdirectequipmentsales.Thisincludesonlyrevenuethatisbilledforbyoperators(ortheirserviceproviderorMVNOpartners)andexcludesmobileservicerevenuethatisbilledforseparatelybythirdpartiessuchascontentproviders.Servicerevenueisequaltoretailrevenuepluswholesalerevenue.OperatorNotes:ThisoperatorisclassifiedasMobile:firstentrant.servicerevenueformobileservicesfromanoperator'sownsubscribersaswellasfromitshostedMVNOs’subscribers(apartfromWesternEuropeanmarketswhereMVNOdataisshownseparately).Thisincludestermination(interconnectionandroaming-in)revenue.
Mobile,Servicerevenue–marketshare,total,Total,Sub-SaharanAfrica,Rwanda,MillicomRwanda(Tigo),%,,,Unknown,Unknown,0.00%,0.59%,3.39%,7.85%,9.50%,10.47%,13.40%,14.30%,15.30%,15.45%,10.81%,0.00%,0.00%,0.00%,0.00%,0.00%,,,,Unknown,,,,,,,,,,,,,,,,,,,,,,,,,,,,,,Unknown,Unknown,Unknown,Unknown,Unknown,Unknown,Unknown,Unknown,Unknown,Unknown,Unknown,Unknown,14.13%,14.15%,14.33%,14.58%,14.88%,15.12%,15.46%,15.74%,15.78%,15.42%,15.27%,15.36%,15.19%,14.92%,14.45%,0.00%,0.00%,0.00%,0.00%,0.00%,0.00%,0.00%,0.00%,0.00%,0.00%,0.00%,0.00%,0.00%,0.00%,0.00%,0.00%,0.00%,0.00%,0.00%,0.00%,0.00%,0.00%,0.00%,thirdentrant,MillicomRwanda(Tigo),Unknown,Totals,Totals,Notspecified,Totals,All,Standardised,Mobile/Servicerevenue–marketshare/total|Publicationdate:24September2024Basedonhistoricaldatauptoquarter2of2024|Operatormarketshareofmobileservicerevenuewhichisdefinedasthetotalrevenueformobileservicesincludingwholesalerevenue(interconnectionroaming-inandhosting)butexcludingrevenuefromdirectequipmentsales.Thisincludesonlyrevenuethatisbilledforbyoperators(ortheirserviceproviderorMVNOpartners)andexcludesmobileservicerevenuethatisbilledforseparatelybythirdpartiessuchascontentproviders.Servicerevenueisequaltoretailrevenuepluswholesalerevenue.OperatorNotes:ThisoperatorisclassifiedasMobile:thirdentrant.servicerevenueformobileservicesfromanoperator'sownsubscribersaswellasfromitshostedMVNOs’subscribers(apartfromWesternEuropeanmarketswhereMVNOdataisshownseparately).Thisincludestermination(interconnectionandroaming-in)revenue.
Mobile,Servicerevenue–marketshare,total,Total,Sub-SaharanAfrica,Rwanda,AirtelRwanda,%,,,Unknown,Unknown,0.00%,0.00%,0.00%,0.00%,1.29%,7.90%,10.34%,12.98%,14.11%,13.97%,17.83%,25.20%,20.61%,16.97%,15.41%,16.63%,,,,Unknown,,,,,,,,,,,,,,,,,,,,,,,,,,,,,,Unknown,Unknown,Unknown,Unknown,Unknown,Unknown,Unknown,Unknown,Unknown,Unknown,Unknown,Unknown,12.14%,12.50%,13.56%,13.74%,13.75%,14.26%,13.99%,14.46%,14.18%,14.02%,13.75%,13.93%,14.89%,14.16%,12.66%,28.51%,27.16%,25.31%,24.10%,24.42%,22.89%,22.32%,18.44%,19.34%,18.53%,17.26%,16.42%,15.87%,16.67%,15.89%,14.58%,14.73%,15.45%,16.15%,16.93%,17.93%,18.50%,18.57%,fourthentrant,AirtelRwanda,Airtel,Totals,Totals,Notspecified,Totals,All,Standardised,Mobile/Servicerevenue–marketshare/total|Publicationdate:24September2024Basedonhistoricaldatauptoquarter2of2024|Operatormarketshareofmobileservicerevenuewhichisdefinedasthetotalrevenueformobileservicesincludingwholesalerevenue(interconnectionroaming-inandhosting)butexcludingrevenuefromdirectequipmentsales.Thisincludesonlyrevenuethatisbilledforbyoperators(ortheirserviceproviderorMVNOpartners)andexcludesmobileservicerevenuethatisbilledforseparatelybythirdpartiessuchascontentproviders.Servicerevenueisequaltoretailrevenuepluswholesalerevenue.OperatorNotes:ThisoperatorisclassifiedasMobile:fourthentrant.servicerevenueformobileservicesfromanoperator'sownsubscribersaswellasfromitshostedMVNOs’subscribers(apartfromWesternEuropeanmarketswhereMVNOdataisshownseparately).Thisincludestermination(interconnectionandroaming-in)revenue.
Mobile,Servicerevenue–marketshare,total,Total,Sub-SaharanAfrica,Rwanda,RwandaTel,%,,,Unknown,Unknown,8.23%,11.92%,9.94%,4.18%,0.00%,0.00%,0.00%,0.00%,0.00%,0.00%,0.00%,0.00%,0.00%,0.00%,0.00%,0.00%,,,,Unknown,,,,,,,,,,,,,,,,,,,,,,,,,,,,,,Unknown,Unknown,Unknown,Unknown,Unknown,Unknown,Unknown,Unknown,Unknown,Unknown,Unknown,Unknown,0.00%,0.00%,0.00%,0.00%,0.00%,0.00%,0.00%,0.00%,0.00%,0.00%,0.00%,0.00%,0.00%,0.00%,0.00%,0.00%,0.00%,0.00%,0.00%,0.00%,0.00%,0.00%,0.00%,0.00%,0.00%,0.00%,0.00%,0.00%,0.00%,0.00%,0.00%,0.00%,0.00%,0.00%,0.00%,0.00%,0.00%,0.00%,secondentrant,RwandaTel,Unknown,Totals,Totals,Notspecified,Totals,All,Standardised,Mobile/Servicerevenue–marketshare/total|Publicationdate:24September2024Basedonhistoricaldatauptoquarter2of2024|Operatormarketshareofmobileservicerevenuewhichisdefinedasthetotalrevenueformobileservicesincludingwholesalerevenue(interconnectionroaming-inandhosting)butexcludingrevenuefromdirectequipmentsales.Thisincludesonlyrevenuethatisbilledforbyoperators(ortheirserviceproviderorMVNOpartners)andexcludesmobileservicerevenuethatisbilledforseparatelybythirdpartiessuchascontentproviders.Servicerevenueisequaltoretailrevenuepluswholesalerevenue.OperatorNotes:ThisoperatorisclassifiedasMobile:secondentrant.servicerevenueformobileservicesfromanoperator'sownsubscribersaswellasfromitshostedMVNOs’subscribers(apartfromWesternEuropeanmarketswhereMVNOdataisshownseparately).Thisincludestermination(interconnectionandroaming-in)revenue.
Mobile,Servicerevenue–marketshare,total,Total,Sub-SaharanAfrica,Rwanda,Totalmarket,%,,,Unknown,Unknown,100.00%,100.00%,100.00%,100.00%,100.00%,100.00%,100.00%,100.00%,100.00%,100.00%,100.00%,100.00%,100.00%,100.00%,100.00%,100.00%,,,,Unknown,,,,,,,,,,,,,,,,,,,,,,,,,,,,,,Unknown,Unknown,Unknown,Unknown,Unknown,Unknown,Unknown,Unknown,Unknown,Unknown,Unknown,Unknown,100.00%,100.00%,100.00%,100.00%,100.00%,100.00%,100.00%,100.00%,100.00%,100.00%,100.00%,100.00%,100.00%,100.00%,100.00%,100.00%,100.00%,100.00%,100.00%,100.00%,100.00%,100.00%,100.00%,100.00%,100.00%,100.00%,100.00%,100.00%,100.00%,100.00%,100.00%,100.00%,100.00%,100.00%,100.00%,100.00%,100.00%,100.00%,Unknown,Unknown,Unknown,Totals,Totals,Notspecified,Totals,All,Standardised,Mobile/Servicerevenue–marketshare/total|Publicationdate:24September2024Basedonhistoricaldatauptoquarter2of2024|Operatormarketshareofmobileservicerevenuewhichisdefinedasthetotalrevenueformobileservicesincludingwholesalerevenue(interconnectionroaming-inandhosting)butexcludingrevenuefromdirectequipmentsales.Thisincludesonlyrevenuethatisbilledforbyoperators(ortheirserviceproviderorMVNOpartners)andexcludesmobileservicerevenuethatisbilledforseparatelybythirdpartiessuchascontentproviders.Servicerevenueisequaltoretailrevenuepluswholesalerevenue.servicerevenueformobileservicesfromanoperator'sownsubscribersaswellasfromitshostedMVNOs’subscribers(apartfromWesternEuropeanmarketswhereMVNOdataisshownseparately).Thisincludestermination(interconnectionandroaming-in)revenue.
Mobile,Servicerevenue–marketshare,total,Total,Sub-SaharanAfrica,SouthAfrica,Vodacom,%,,,Unknown,52.56%,50.89%,51.61%,50.06%,49.17%,46.87%,47.73%,46.51%,44.67%,47.36%,49.64%,48.32%,45.59%,45.52%,45.82%,46.55%,46.97%,,,,Unknown,,,,,,,,,,,,,,,,,,,,,,,,,,,,,,Unknown,Unknown,Unknown,Unknown,Unknown,Unknown,Unknown,Unknown,Unknown,Unknown,Unknown,Unknown,44.45%,43.88%,44.65%,45.62%,46.86%,46.90%,48.58%,47.00%,48.37%,48.32%,51.69%,49.89%,51.08%,49.09%,47.55%,45.53%,45.84%,45.25%,46.77%,44.59%,46.19%,45.21%,45.59%,45.14%,46.04%,45.17%,45.78%,46.26%,46.87%,45.94%,46.73%,46.66%,47.12%,46.65%,47.17%,46.95%,46.74%,46.46%,firstentrant,Vodacom,Vodafone,Totals,Totals,Notspecified,Totals,All,Standardised,Mobile/Servicerevenue–marketshare/total|Publicationdate:24September2024Basedonhistoricaldatauptoquarter2of2024|Operatormarketshareofmobileservicerevenuewhichisdefinedasthetotalrevenueformobileservicesincludingwholesalerevenue(interconnectionroaming-inandhosting)butexcludingrevenuefromdirectequipmentsales.Thisincludesonlyrevenuethatisbilledforbyoperators(ortheirserviceproviderorMVNOpartners)andexcludesmobileservicerevenuethatisbilledforseparatelybythirdpartiessuchascontentproviders.Servicerevenueisequaltoretailrevenuepluswholesalerevenue.OperatorNotes:ThisoperatorisclassifiedasMobile:firstentrant.servicerevenueformobileservicesfromanoperator'sownsubscribersaswellasfromitshostedMVNOs’subscribers(apartfromWesternEuropeanmarketswhereMVNOdataisshownseparately).Thisincludestermination(interconnectionandroaming-in)revenue.
Mobile,Servicerevenue–marketshare,total,Total,Sub-SaharanAfrica,SouthAfrica,MTN,%,,,Unknown,37.60%,38.95%,37.20%,38.70%,38.97%,41.50%,39.29%,37.11%,37.63%,36.62%,32.98%,32.39%,31.94%,30.22%,30.55%,30.95%,30.78%,,,,Unknown,,,,,,,,,,,,,,,,,,,,,,,,,,,,,,Unknown,Unknown,Unknown,Unknown,Unknown,Unknown,Unknown,Unknown,Unknown,Unknown,Unknown,Unknown,37.06%,37.77%,37.82%,37.84%,37.20%,37.12%,35.65%,36.63%,34.49%,33.53%,31.63%,32.50%,30.95%,31.42%,33.07%,34.12%,32.82%,32.51%,30.04%,32.37%,29.40%,30.44%,30.06%,30.93%,29.87%,30.66%,30.61%,31.04%,30.49%,31.12%,30.78%,31.40%,30.35%,30.86%,30.78%,31.11%,30.60%,30.90%,firstentrant,MTN,MTN,Totals,Totals,Notspecified,Totals,All,Standardised,Mobile/Servicerevenue–marketshare/total|Publicationdate:24September2024Basedonhistoricaldatauptoquarter2of2024|Operatormarketshareofmobileservicerevenuewhichisdefinedasthetotalrevenueformobileservicesincludingwholesalerevenue(interconnectionroaming-inandhosting)butexcludingrevenuefromdirectequipmentsales.Thisincludesonlyrevenuethatisbilledforbyoperators(ortheirserviceproviderorMVNOpartners)andexcludesmobileservicerevenuethatisbilledforseparatelybythirdpartiessuchascontentproviders.Servicerevenueisequaltoretailrevenuepluswholesalerevenue.OperatorNotes:ThisoperatorisclassifiedasMobile:firstentrant.servicerevenueformobileservicesfromanoperator'sownsubscribersaswellasfromitshostedMVNOs’subscribers(apartfromWesternEuropeanmarketswhereMVNOdataisshownseparately).Thisincludestermination(interconnectionandroaming-in)revenue.
Mobile,Servicerevenue–marketshare,total,Total,Sub-SaharanAfrica,SouthAfrica,CellC,%,,,Unknown,9.83%,10.14%,11.17%,11.22%,11.19%,10.54%,11.46%,14.35%,15.06%,12.52%,12.76%,12.53%,12.10%,10.36%,9.07%,8.03%,7.09%,,,,Unknown,,,,,,,,,,,,,,,,,,,,,,,,,,,,,,Unknown,Unknown,Unknown,Unknown,Unknown,Unknown,Unknown,Unknown,Unknown,Unknown,Unknown,Unknown,16.12%,15.71%,14.84%,13.71%,12.74%,12.34%,12.34%,12.65%,13.00%,13.49%,12.20%,12.47%,12.40%,12.92%,12.49%,12.30%,12.25%,12.13%,12.36%,11.69%,11.26%,10.40%,10.03%,9.82%,9.52%,9.35%,8.91%,8.53%,8.41%,8.28%,7.93%,7.51%,7.50%,7.28%,6.92%,6.68%,6.66%,6.41%,thirdentrant,CellC,Unknown,Totals,Totals,Notspecified,Totals,All,Standardised,Mobile/Servicerevenue–marketshare/total|Publicationdate:24September2024Basedonhistoricaldatauptoquarter2of2024|Operatormarketshareofmobileservicerevenuewhichisdefinedasthetotalrevenueformobileservicesincludingwholesalerevenue(interconnectionroaming-inandhosting)butexcludingrevenuefromdirectequipmentsales.Thisincludesonlyrevenuethatisbilledforbyoperators(ortheirserviceproviderorMVNOpartners)andexcludesmobileservicerevenuethatisbilledforseparatelybythirdpartiessuchascontentproviders.Servicerevenueisequaltoretailrevenuepluswholesalerevenue.OperatorNotes:ThisoperatorisclassifiedasMobile:thirdentrant.servicerevenueformobileservicesfromanoperator'sownsubscribersaswellasfromitshostedMVNOs’subscribers(apartfromWesternEuropeanmarketswhereMVNOdataisshownseparately).Thisincludestermination(interconnectionandroaming-in)revenue.
Mobile,Servicerevenue–marketshare,total,Total,Sub-SaharanAfrica,SouthAfrica,Telkom,%,,,Unknown,0.00%,0.00%,0.00%,0.00%,0.64%,1.07%,1.50%,2.01%,2.62%,3.48%,4.60%,6.74%,10.32%,13.69%,14.03%,13.75%,14.23%,,,,Unknown,,,,,,,,,,,,,,,,,,,,,,,,,,,,,,Unknown,Unknown,Unknown,Unknown,Unknown,Unknown,Unknown,Unknown,Unknown,Unknown,Unknown,Unknown,2.36%,2.62%,2.68%,2.81%,3.18%,3.62%,3.41%,3.70%,4.12%,4.63%,4.46%,5.13%,5.55%,6.54%,6.86%,8.01%,9.04%,10.06%,10.77%,11.29%,13.08%,13.80%,14.07%,13.75%,14.12%,14.31%,14.14%,13.58%,13.59%,13.96%,13.81%,13.66%,14.19%,14.33%,14.18%,14.23%,14.77%,14.82%,fourthentrant,Telkom,Unknown,Totals,Totals,Notspecified,Totals,All,Standardised,Mobile/Servicerevenue–marketshare/total|Publicationdate:24September2024Basedonhistoricaldatauptoquarter2of2024|Operatormarketshareofmobileservicerevenuewhichisdefinedasthetotalrevenueformobileservicesincludingwholesalerevenue(interconnectionroaming-inandhosting)butexcludingrevenuefromdirectequipmentsales.Thisincludesonlyrevenuethatisbilledforbyoperators(ortheirserviceproviderorMVNOpartners)andexcludesmobileservicerevenuethatisbilledforseparatelybythirdpartiessuchascontentproviders.Servicerevenueisequaltoretailrevenuepluswholesalerevenue.OperatorNotes:ThisoperatorisclassifiedasMobile:fourthentrant.servicerevenueformobileservicesfromanoperator'sownsubscribersaswellasfromitshostedMVNOs’subscribers(apartfromWesternEuropeanmarketswhereMVNOdataisshownseparately).Thisincludestermination(interconnectionandroaming-in)revenue.
Mobile,Servicerevenue–marketshare,total,Total,Sub-SaharanAfrica,SouthAfrica,Rain,%,,,Unknown,0.00%,0.00%,0.00%,0.00%,0.00%,0.00%,0.00%,0.00%,0.00%,0.00%,0.00%,0.00%,0.03%,0.19%,0.50%,0.69%,0.91%,,,,Unknown,,,,,,,,,,,,,,,,,,,,,,,,,,,,,,Unknown,Unknown,Unknown,Unknown,Unknown,Unknown,Unknown,Unknown,Unknown,Unknown,Unknown,Unknown,0.00%,0.00%,0.00%,0.00%,0.00%,0.00%,0.00%,0.00%,0.00%,0.00%,0.00%,0.00%,0.00%,0.00%,0.01%,0.01%,0.02%,0.03%,0.03%,0.04%,0.05%,0.12%,0.23%,0.34%,0.42%,0.48%,0.54%,0.57%,0.63%,0.68%,0.72%,0.75%,0.81%,0.86%,0.93%,1.02%,1.21%,1.38%,laterentrant,Rain,Unknown,Totals,Totals,Notspecified,Totals,All,Standardised,Mobile/Servicerevenue–marketshare/total|Publicationdate:24September2024Basedonhistoricaldatauptoquarter2of2024|Operatormarketshareofmobileservicerevenuewhichisdefinedasthetotalrevenueformobileservicesincludingwholesalerevenue(interconnectionroaming-inandhosting)butexcludingrevenuefromdirectequipmentsales.Thisincludesonlyrevenuethatisbilledforbyoperators(ortheirserviceproviderorMVNOpartners)andexcludesmobileservicerevenuethatisbilledforseparatelybythirdpartiessuchascontentproviders.Servicerevenueisequaltoretailrevenuepluswholesalerevenue.OperatorNotes:ThisoperatorisclassifiedasMobile:laterentrant.servicerevenueformobileservicesfromanoperator'sownsubscribersaswellasfromitshostedMVNOs’subscribers(apartfromWesternEuropeanmarketswhereMVNOdataisshownseparately).Thisincludestermination(interconnectionandroaming-in)revenue.
Mobile,Servicerevenue–marketshare,total,Total,Sub-SaharanAfrica,SouthAfrica,Totalmarket,%,,,Unknown,100.00%,100.00%,100.00%,100.00%,100.00%,100.00%,100.00%,100.00%,100.00%,100.00%,100.00%,100.00%,100.00%,100.00%,100.00%,100.00%,100.00%,,,,Unknown,,,,,,,,,,,,,,,,,,,,,,,,,,,,,,Unknown,Unknown,Unknown,Unknown,Unknown,Unknown,Unknown,Unknown,Unknown,Unknown,Unknown,Unknown,100.00%,100.00%,100.00%,100.00%,100.00%,100.00%,100.00%,100.00%,100.00%,100.00%,100.00%,100.00%,100.00%,100.00%,100.00%,100.00%,100.00%,100.00%,100.00%,100.00%,100.00%,100.00%,100.00%,100.00%,100.00%,100.00%,100.00%,100.00%,100.00%,100.00%,100.00%,100.00%,100.00%,100.00%,100.00%,100.00%,100.00%,100.00%,Unknown,Unknown,Unknown,Totals,Totals,Notspecified,Totals,All,Standardised,Mobile/Servicerevenue–marketshare/total|Publicationdate:24September2024Basedonhistoricaldatauptoquarter2of2024|Operatormarketshareofmobileservicerevenuewhichisdefinedasthetotalrevenueformobileservicesincludingwholesalerevenue(interconnectionroaming-inandhosting)butexcludingrevenuefromdirectequipmentsales.Thisincludesonlyrevenuethatisbilledforbyoperators(ortheirserviceproviderorMVNOpartners)andexcludesmobileservicerevenuethatisbilledforseparatelybythirdpartiessuchascontentproviders.Servicerevenueisequaltoretailrevenuepluswholesalerevenue.servicerevenueformobileservicesfromanoperator'sownsubscribersaswellasfromitshostedMVNOs’subscribers(apartfromWesternEuropeanmarketswhereMVNOdataisshownseparately).Thisincludestermination(interconnectionandroaming-in)revenue.
Mobile,Servicerevenue–marketshare,total,Total,Sub-SaharanAfrica,Tanzania,Vodacom,%,,,Unknown,51.23%,37.10%,36.32%,38.39%,42.04%,41.76%,40.92%,39.35%,35.43%,33.30%,35.72%,38.22%,40.80%,40.28%,39.97%,41.03%,40.89%,,,,Unknown,,,,,,,,,,,,,,,,,,,,,,,,,,,,,,Unknown,Unknown,Unknown,Unknown,Unknown,Unknown,Unknown,Unknown,Unknown,Unknown,Unknown,Unknown,35.92%,35.34%,35.58%,34.92%,33.47%,32.99%,33.07%,33.64%,34.66%,35.31%,36.00%,36.95%,37.30%,37.61%,38.51%,39.45%,39.84%,40.50%,41.31%,41.65%,41.26%,40.30%,39.72%,39.86%,39.95%,39.99%,40.01%,39.93%,40.51%,41.18%,41.31%,41.07%,40.79%,40.59%,40.96%,41.18%,41.10%,41.25%,secondentrant,Vodacom,Vodafone,Totals,Totals,Notspecified,Totals,All,Standardised,Mobile/Servicerevenue–marketshare/total|Publicationdate:24September2024Basedonhistoricaldatauptoquarter2of2024|Operatormarketshareofmobileservicerevenuewhichisdefinedasthetotalrevenueformobileservicesincludingwholesalerevenue(interconnectionroaming-inandhosting)butexcludingrevenuefromdirectequipmentsales.Thisincludesonlyrevenuethatisbilledforbyoperators(ortheirserviceproviderorMVNOpartners)andexcludesmobileservicerevenuethatisbilledforseparatelybythirdpartiessuchascontentproviders.Servicerevenueisequaltoretailrevenuepluswholesalerevenue.OperatorNotes:ThisoperatorisclassifiedasMobile:secondentrant.servicerevenueformobileservicesfromanoperator'sownsubscribersaswellasfromitshostedMVNOs’subscribers(apartfromWesternEuropeanmarketswhereMVNOdataisshownseparately).Thisincludestermination(interconnectionandroaming-in)revenue.
Mobile,Servicerevenue–marketshare,total,Total,Sub-SaharanAfrica,Tanzania,AxianTelecom,%,,,Unknown,12.18%,17.95%,24.68%,31.59%,28.41%,28.89%,29.23%,31.95%,34.72%,37.53%,32.79%,30.86%,27.39%,24.79%,23.96%,23.43%,23.89%,,,,Unknown,,,,,,,,,,,,,,,,,,,,,,,,,,,,,,Unknown,Unknown,Unknown,Unknown,Unknown,Unknown,Unknown,Unknown,Unknown,Unknown,Unknown,Unknown,34.32%,33.84%,32.93%,37.55%,37.98%,38.25%,37.61%,36.23%,34.36%,33.17%,32.21%,31.38%,31.27%,31.30%,30.82%,30.06%,29.34%,27.86%,26.37%,25.85%,25.25%,24.91%,24.69%,24.32%,24.40%,24.02%,23.67%,23.73%,23.68%,23.52%,23.29%,23.27%,23.48%,23.86%,23.93%,24.23%,24.61%,24.79%,secondentrant,AxianTelecom,Unknown,Totals,Totals,Notspecified,Totals,All,Standardised,Mobile/Servicerevenue–marketshare/total|Publicationdate:24September2024Basedonhistoricaldatauptoquarter2of2024|Operatormarketshareofmobileservicerevenuewhichisdefinedasthetotalrevenueformobileservicesincludingwholesalerevenue(interconnectionroaming-inandhosting)butexcludingrevenuefromdirectequipmentsales.Thisincludesonlyrevenuethatisbilledforbyoperators(ortheirserviceproviderorMVNOpartners)andexcludesmobileservicerevenuethatisbilledforseparatelybythirdpartiessuchascontentproviders.Servicerevenueisequaltoretailrevenuepluswholesalerevenue.OperatorNotes:ThisoperatorisclassifiedasMobile:secondentrant.PreviouslyTigo.TheacquisitiondealofTigobyAxianwassignedinApril2022andapprovedbytheregulatorinJuly2022.servicerevenueformobileservicesfromanoperator'sownsubscribersaswellasfromitshostedMVNOs’subscribers(apartfromWesternEuropeanmarketswhereMVNOdataisshownseparately).Thisincludestermination(interconnectionandroaming-in)revenue.
Mobile,Servicerevenue–marketshare,total,Total,Sub-SaharanAfrica,Tanzania,ZanzibarTelecom(Zantel),%,,,Unknown,5.39%,6.94%,7.20%,8.49%,7.00%,8.41%,9.13%,6.13%,3.71%,0.00%,0.00%,0.00%,0.00%,0.00%,0.00%,0.00%,0.00%,,,,Unknown,,,,,,,,,,,,,,,,,,,,,,,,,,,,,,Unknown,Unknown,Unknown,Unknown,Unknown,Unknown,Unknown,Unknown,Unknown,Unknown,Unknown,Unknown,5.53%,5.07%,4.52%,0.00%,0.00%,0.00%,0.00%,0.00%,0.00%,0.00%,0.00%,0.00%,0.00%,0.00%,0.00%,0.00%,0.00%,0.00%,0.00%,0.00%,0.00%,0.00%,0.00%,0.00%,0.00%,0.00%,0.00%,0.00%,0.00%,0.00%,0.00%,0.00%,0.00%,0.00%,0.00%,0.00%,0.00%,0.00%,firstentrant,ZanzibarTelecom(Zantel),Unknown,Totals,Totals,Notspecified,Totals,All,Standardised,Mobile/Servicerevenue–marketshare/total|Publicationdate:24September2024Basedonhistoricaldatauptoquarter2of2024|Operatormarketshareofmobileservicerevenuewhichisdefinedasthetotalrevenueformobileservicesincludingwholesalerevenue(interconnectionroaming-inandhosting)butexcludingrevenuefromdirectequipmentsales.Thisincludesonlyrevenuethatisbilledforbyoperators(ortheirserviceproviderorMVNOpartners)andexcludesmobileservicerevenuethatisbilledforseparatelybythirdpartiessuchascontentproviders.Servicerevenueisequaltoretailrevenuepluswholesalerevenue.OperatorNotes:ThisoperatorisclassifiedasMobile:firstentrant.servicerevenueformobileservicesfromanoperator'sownsubscribersaswellasfromitshostedMVNOs’subscribers(apartfromWesternEuropeanmarketswhereMVNOdataisshownseparately).Thisincludestermination(interconnectionandroaming-in)revenue.
Mobile,Servicerevenue–marketshare,total,Total,Sub-SaharanAfrica,Tanzania,Airtel,%,,,Unknown,31.16%,37.97%,31.76%,21.44%,22.46%,20.91%,20.70%,21.40%,22.49%,20.75%,20.03%,20.51%,21.03%,22.32%,22.17%,22.79%,22.91%,,,,Unknown,,,,,,,,,,,,,,,,,,,,,,,,,,,,,,Unknown,Unknown,Unknown,Unknown,Unknown,Unknown,Unknown,Unknown,Unknown,Unknown,Unknown,Unknown,21.75%,22.62%,23.40%,22.24%,21.19%,20.76%,20.58%,20.42%,20.00%,19.69%,19.93%,20.50%,20.90%,20.88%,20.33%,19.94%,20.38%,20.99%,21.29%,21.51%,21.95%,22.34%,22.53%,22.45%,21.90%,21.85%,22.32%,22.65%,22.50%,22.45%,22.98%,23.15%,23.02%,22.93%,22.88%,22.82%,22.34%,21.72%,fourthentrant,Airtel,Airtel,Totals,Totals,Notspecified,Totals,All,Standardised,Mobile/Servicerevenue–marketshare/total|Publicationdate:24September2024Basedonhistoricaldatauptoquarter2of2024|Operatormarketshareofmobileservicerevenuewhichisdefinedasthetotalrevenueformobileservicesincludingwholesalerevenue(interconnectionroaming-inandhosting)butexcludingrevenuefromdirectequipmentsales.Thisincludesonlyrevenuethatisbilledforbyoperators(ortheirserviceproviderorMVNOpartners)andexcludesmobileservicerevenuethatisbilledforseparatelybythirdpartiessuchascontentproviders.Servicerevenueisequaltoretailrevenuepluswholesalerevenue.OperatorNotes:ThisoperatorisclassifiedasMobile:fourthentrant.servicerevenueformobileservicesfromanoperator'sownsubscribersaswellasfromitshostedMVNOs’subscribers(apartfromWesternEuropeanmarketswhereMVNOdataisshownseparately).Thisincludestermination(interconnectionandroaming-in)revenue.
Mobile,Servicerevenue–marketshare,total,Total,Sub-SaharanAfrica,Tanzania,Halotel,%,,,Unknown,0.00%,0.00%,0.00%,0.00%,0.00%,0.00%,0.00%,0.00%,0.38%,5.77%,9.38%,9.24%,9.21%,11.16%,12.07%,10.59%,10.58%,,,,Unknown,,,,,,,,,,,,,,,,,,,,,,,,,,,,,,Unknown,Unknown,Unknown,Unknown,Unknown,Unknown,Unknown,Unknown,Unknown,Unknown,Unknown,Unknown,0.00%,0.00%,0.00%,1.44%,3.83%,5.19%,6.57%,7.66%,8.58%,9.31%,9.78%,9.85%,9.50%,9.07%,9.15%,9.24%,8.85%,9.04%,9.52%,9.44%,9.77%,10.95%,11.87%,12.02%,12.26%,12.46%,12.07%,11.45%,10.86%,10.48%,10.35%,10.70%,10.96%,10.88%,10.49%,10.07%,10.28%,10.61%,laterentrant,Halotel,Unknown,Totals,Totals,Notspecified,Totals,All,Standardised,Mobile/Servicerevenue–marketshare/total|Publicationdate:24September2024Basedonhistoricaldatauptoquarter2of2024|Operatormarketshareofmobileservicerevenuewhichisdefinedasthetotalrevenueformobileservicesincludingwholesalerevenue(interconnectionroaming-inandhosting)butexcludingrevenuefromdirectequipmentsales.Thisincludesonlyrevenuethatisbilledforbyoperators(ortheirserviceproviderorMVNOpartners)andexcludesmobileservicerevenuethatisbilledforseparatelybythirdpartiessuchascontentproviders.Servicerevenueisequaltoretailrevenuepluswholesalerevenue.OperatorNotes:ThisoperatorisclassifiedasMobile:laterentrant.servicerevenueformobileservicesfromanoperator'sownsubscribersaswellasfromitshostedMVNOs’subscribers(apartfromWesternEuropeanmarketswhereMVNOdataisshownseparately).Thisincludestermination(interconnectionandroaming-in)revenue.
Mobile,Servicerevenue–marketshare,total,Total,Sub-SaharanAfrica,Tanzania,TanzaniaTelecommunicationsCompany(TTCL),%,,,Unknown,0.00%,0.00%,0.00%,0.00%,0.00%,0.00%,0.00%,0.23%,0.40%,0.39%,0.53%,0.86%,1.38%,1.43%,1.80%,2.13%,1.71%,,,,Unknown,,,,,,,,,,,,,,,,,,,,,,,,,,,,,,Unknown,Unknown,Unknown,Unknown,Unknown,Unknown,Unknown,Unknown,Unknown,Unknown,Unknown,Unknown,0.43%,0.41%,0.40%,0.38%,0.38%,0.39%,0.39%,0.38%,0.43%,0.56%,0.56%,0.58%,0.71%,0.84%,0.89%,1.02%,1.30%,1.34%,1.36%,1.53%,1.75%,1.48%,1.16%,1.32%,1.45%,1.66%,1.90%,2.22%,2.43%,2.35%,2.04%,1.78%,1.73%,1.72%,1.71%,1.68%,1.64%,1.61%,laterentrant,TanzaniaTelecommunicationsCompany(TTCL),Unknown,Totals,Totals,Notspecified,Totals,All,Standardised,Mobile/Servicerevenue–marketshare/total|Publicationdate:24September2024Basedonhistoricaldatauptoquarter2of2024|Operatormarketshareofmobileservicerevenuewhichisdefinedasthetotalrevenueformobileservicesincludingwholesalerevenue(interconnectionroaming-inandhosting)butexcludingrevenuefromdirectequipmentsales.Thisincludesonlyrevenuethatisbilledforbyoperators(ortheirserviceproviderorMVNOpartners)andexcludesmobileservicerevenuethatisbilledforseparatelybythirdpartiessuchascontentproviders.Servicerevenueisequaltoretailrevenuepluswholesalerevenue.OperatorNotes:ThisoperatorisclassifiedasMobile:laterentrant.servicerevenueformobileservicesfromanoperator'sownsubscribersaswellasfromitshostedMVNOs’subscribers(apartfromWesternEuropeanmarketswhereMVNOdataisshownseparately).Thisincludestermination(interconnectionandroaming-in)revenue.
Mobile,Servicerevenue–marketshare,total,Total,Sub-SaharanAfrica,Tanzania,otheroperators,%,,,Unknown,0.01%,0.02%,0.01%,0.07%,0.06%,0.01%,0.00%,0.90%,2.83%,2.24%,1.52%,0.27%,0.16%,0.00%,0.00%,0.00%,0.00%,,,,Unknown,,,,,,,,,,,,,,,,,,,,,,,,,,,,,,Unknown,Unknown,Unknown,Unknown,Unknown,Unknown,Unknown,Unknown,Unknown,Unknown,Unknown,Unknown,2.02%,2.69%,3.15%,3.44%,3.13%,2.39%,1.75%,1.63%,1.93%,1.94%,1.49%,0.70%,0.28%,0.27%,0.26%,0.26%,0.26%,0.25%,0.12%,0.00%,0.00%,0.00%,0.00%,0.00%,0.00%,0.00%,0.00%,0.00%,0.00%,0.00%,0.00%,0.00%,0.00%,0.00%,0.00%,0.00%,0.00%,0.00%,Unknown,Unknown,Unknown,Totals,Totals,Notspecified,Totals,All,Standardised,Mobile/Servicerevenue–marketshare/total|Publicationdate:24September2024Basedonhistoricaldatauptoquarter2of2024|Operatormarketshareofmobileservicerevenuewhichisdefinedasthetotalrevenueformobileservicesincludingwholesalerevenue(interconnectionroaming-inandhosting)butexcludingrevenuefromdirectequipmentsales.Thisincludesonlyrevenuethatisbilledforbyoperators(ortheirserviceproviderorMVNOpartners)andexcludesmobileservicerevenuethatisbilledforseparatelybythirdpartiessuchascontentproviders.Servicerevenueisequaltoretailrevenuepluswholesalerevenue.OperatorNotes:ThisoperatorisclassifiedasMobile:n/a.servicerevenueformobileservicesfromanoperator'sownsubscribersaswellasfromitshostedMVNOs’subscribers(apartfromWesternEuropeanmarketswhereMVNOdataisshownseparately).Thisincludestermination(interconnectionandroaming-in)revenue.
Mobile,Servicerevenue–marketshare,total,Total,Sub-SaharanAfrica,Tanzania,Totalmarket,%,,,Unknown,100.00%,100.00%,100.00%,100.00%,100.00%,100.00%,100.00%,100.00%,100.00%,100.00%,100.00%,100.00%,100.00%,100.00%,100.00%,100.00%,100.00%,,,,Unknown,,,,,,,,,,,,,,,,,,,,,,,,,,,,,,Unknown,Unknown,Unknown,Unknown,Unknown,Unknown,Unknown,Unknown,Unknown,Unknown,Unknown,Unknown,100.00%,100.00%,100.00%,100.00%,100.00%,100.00%,100.00%,100.00%,100.00%,100.00%,100.00%,100.00%,100.00%,100.00%,100.00%,100.00%,100.00%,100.00%,100.00%,100.00%,100.00%,100.00%,100.00%,100.00%,100.00%,100.00%,100.00%,100.00%,100.00%,100.00%,100.00%,100.00%,100.00%,100.00%,100.00%,100.00%,100.00%,100.00%,Unknown,Unknown,Unknown,Totals,Totals,Notspecified,Totals,All,Standardised,Mobile/Servicerevenue–marketshare/total|Publicationdate:24September2024Basedonhistoricaldatauptoquarter2of2024|Operatormarketshareofmobileservicerevenuewhichisdefinedasthetotalrevenueformobileservicesincludingwholesalerevenue(interconnectionroaming-inandhosting)butexcludingrevenuefromdirectequipmentsales.Thisincludesonlyrevenuethatisbilledforbyoperators(ortheirserviceproviderorMVNOpartners)andexcludesmobileservicerevenuethatisbilledforseparatelybythirdpartiessuchascontentproviders.Servicerevenueisequaltoretailrevenuepluswholesalerevenue.servicerevenueformobileservicesfromanoperator'sownsubscribersaswellasfromitshostedMVNOs’subscribers(apartfromWesternEuropeanmarketswhereMVNOdataisshownseparately).Thisincludestermination(interconnectionandroaming-in)revenue.
Mobile,Servicerevenue–marketshare,total,Total,Sub-SaharanAfrica,Uganda,MTN,%,,,Unknown,50.33%,42.90%,48.75%,52.61%,47.73%,45.95%,47.53%,49.97%,49.90%,45.53%,46.31%,45.92%,47.86%,50.41%,53.11%,52.75%,49.50%,,,,Unknown,,,,,,,,,,,,,,,,,,,,,,,,,,,,,,Unknown,Unknown,Unknown,Unknown,Unknown,Unknown,Unknown,Unknown,Unknown,Unknown,Unknown,Unknown,50.67%,50.60%,50.89%,47.73%,44.93%,45.27%,45.61%,46.26%,46.87%,47.45%,46.67%,44.48%,44.86%,45.45%,46.14%,47.12%,47.51%,47.88%,47.87%,48.18%,47.65%,49.46%,52.29%,52.23%,52.22%,52.44%,53.22%,54.52%,52.86%,53.33%,53.07%,51.85%,50.34%,49.28%,49.21%,49.26%,48.63%,48.44%,secondentrant,MTN,MTN,Totals,Totals,Notspecified,Totals,All,Standardised,Mobile/Servicerevenue–marketshare/total|Publicationdate:24September2024Basedonhistoricaldatauptoquarter2of2024|Operatormarketshareofmobileservicerevenuewhichisdefinedasthetotalrevenueformobileservicesincludingwholesalerevenue(interconnectionroaming-inandhosting)butexcludingrevenuefromdirectequipmentsales.Thisincludesonlyrevenuethatisbilledforbyoperators(ortheirserviceproviderorMVNOpartners)andexcludesmobileservicerevenuethatisbilledforseparatelybythirdpartiessuchascontentproviders.Servicerevenueisequaltoretailrevenuepluswholesalerevenue.OperatorNotes:ThisoperatorisclassifiedasMobile:secondentrant.servicerevenueformobileservicesfromanoperator'sownsubscribersaswellasfromitshostedMVNOs’subscribers(apartfromWesternEuropeanmarketswhereMVNOdataisshownseparately).Thisincludestermination(interconnectionandroaming-in)revenue.
Mobile,Servicerevenue–marketshare,total,Total,Sub-SaharanAfrica,Uganda,Airtel,%,,,Unknown,21.81%,22.79%,23.42%,21.02%,21.38%,23.13%,31.41%,37.51%,38.49%,40.14%,40.04%,41.14%,39.10%,36.50%,37.23%,42.04%,45.29%,,,,Unknown,,,,,,,,,,,,,,,,,,,,,,,,,,,,,,Unknown,Unknown,Unknown,Unknown,Unknown,Unknown,Unknown,Unknown,Unknown,Unknown,Unknown,Unknown,37.60%,38.17%,38.71%,39.32%,39.79%,40.13%,40.32%,40.33%,39.96%,39.07%,39.51%,41.45%,40.91%,41.52%,41.76%,40.41%,39.75%,39.10%,39.00%,38.61%,39.27%,37.28%,34.32%,35.11%,35.88%,36.44%,36.40%,40.14%,41.93%,41.46%,41.72%,42.95%,44.45%,45.51%,45.58%,45.52%,46.14%,46.32%,firstentrant,Airtel,Airtel,Totals,Totals,Notspecified,Totals,All,Standardised,Mobile/Servicerevenue–marketshare/total|Publicationdate:24September2024Basedonhistoricaldatauptoquarter2of2024|Operatormarketshareofmobileservicerevenuewhichisdefinedasthetotalrevenueformobileservicesincludingwholesalerevenue(interconnectionroaming-inandhosting)butexcludingrevenuefromdirectequipmentsales.Thisincludesonlyrevenuethatisbilledforbyoperators(ortheirserviceproviderorMVNOpartners)andexcludesmobileservicerevenuethatisbilledforseparatelybythirdpartiessuchascontentproviders.Servicerevenueisequaltoretailrevenuepluswholesalerevenue.OperatorNotes:ThisoperatorisclassifiedasMobile:firstentrant.servicerevenueformobileservicesfromanoperator'sownsubscribersaswellasfromitshostedMVNOs’subscribers(apartfromWesternEuropeanmarketswhereMVNOdataisshownseparately).Thisincludestermination(interconnectionandroaming-in)revenue.
Mobile,Servicerevenue–marketshare,total,Total,Sub-SaharanAfrica,Uganda,WaridTelecom,%,,,Unknown,0.00%,6.58%,11.29%,12.45%,13.42%,14.20%,7.05%,0.00%,0.00%,0.00%,0.00%,0.00%,0.00%,0.00%,0.00%,0.00%,0.00%,,,,Unknown,,,,,,,,,,,,,,,,,,,,,,,,,,,,,,Unknown,Unknown,Unknown,Unknown,Unknown,Unknown,Unknown,Unknown,Unknown,Unknown,Unknown,Unknown,0.00%,0.00%,0.00%,0.00%,0.00%,0.00%,0.00%,0.00%,0.00%,0.00%,0.00%,0.00%,0.00%,0.00%,0.00%,0.00%,0.00%,0.00%,0.00%,0.00%,0.00%,0.00%,0.00%,0.00%,0.00%,0.00%,0.00%,0.00%,0.00%,0.00%,0.00%,0.00%,0.00%,0.00%,0.00%,0.00%,0.00%,0.00%,fourthentrant,WaridTelecom,Unknown,Totals,Totals,Notspecified,Totals,All,Standardised,Mobile/Servicerevenue–marketshare/total|Publicationdate:24September2024Basedonhistoricaldatauptoquarter2of2024|Operatormarketshareofmobileservicerevenuewhichisdefinedasthetotalrevenueformobileservicesincludingwholesalerevenue(interconnectionroaming-inandhosting)butexcludingrevenuefromdirectequipmentsales.Thisincludesonlyrevenuethatisbilledforbyoperators(ortheirserviceproviderorMVNOpartners)andexcludesmobileservicerevenuethatisbilledforseparatelybythirdpartiessuchascontentproviders.Servicerevenueisequaltoretailrevenuepluswholesalerevenue.OperatorNotes:ThisoperatorisclassifiedasMobile:fourthentrant.In2013WariddiscontinuedoperationswhenitwastakenoverbyAirtelservicerevenueformobileservicesfromanoperator'sownsubscribersaswellasfromitshostedMVNOs’subscribers(apartfromWesternEuropeanmarketswhereMVNOdataisshownseparately).Thisincludestermination(interconnectionandroaming-in)revenue.
Mobile,Servicerevenue–marketshare,total,Total,Sub-SaharanAfrica,Uganda,UgandaTelecommunicationsCorporationLtd(UTel),%,,,Unknown,27.85%,27.72%,14.63%,9.55%,13.06%,13.10%,10.37%,8.14%,6.42%,7.13%,5.56%,5.47%,5.34%,5.22%,5.18%,5.07%,5.03%,,,,Unknown,,,,,,,,,,,,,,,,,,,,,,,,,,,,,,Unknown,Unknown,Unknown,Unknown,Unknown,Unknown,Unknown,Unknown,Unknown,Unknown,Unknown,Unknown,7.09%,6.44%,5.20%,6.95%,8.41%,7.61%,6.78%,5.80%,5.58%,5.56%,5.55%,5.53%,5.51%,5.48%,5.45%,5.43%,5.42%,5.40%,5.28%,5.27%,5.24%,5.23%,5.21%,5.20%,5.18%,5.16%,5.15%,5.24%,5.09%,5.08%,5.07%,5.06%,5.05%,5.04%,5.03%,5.01%,5.00%,4.99%,thirdentrant,UgandaTelecommunicationsCorporationLtd(Utel),Unknown,Totals,Totals,Notspecified,Totals,All,Standardised,Mobile/Servicerevenue–marketshare/total|Publicationdate:24September2024Basedonhistoricaldatauptoquarter2of2024|Operatormarketshareofmobileservicerevenuewhichisdefinedasthetotalrevenueformobileservicesincludingwholesalerevenue(interconnectionroaming-inandhosting)butexcludingrevenuefromdirectequipmentsales.Thisincludesonlyrevenuethatisbilledforbyoperators(ortheirserviceproviderorMVNOpartners)andexcludesmobileservicerevenuethatisbilledforseparatelybythirdpartiessuchascontentproviders.Servicerevenueisequaltoretailrevenuepluswholesalerevenue.OperatorNotes:ThisoperatorisclassifiedasMobile:thirdentrant.servicerevenueformobileservicesfromanoperator'sownsubscribersaswellasfromitshostedMVNOs’subscribers(apartfromWesternEuropeanmarketswhereMVNOdataisshownseparately).Thisincludestermination(interconnectionandroaming-in)revenue.
Mobile,Servicerevenue–marketshare,total,Total,Sub-SaharanAfrica,Uganda,Africell,%,,,Unknown,0.00%,0.00%,1.84%,4.10%,3.91%,3.21%,3.24%,3.87%,4.49%,5.80%,6.63%,7.06%,7.67%,7.84%,4.40%,0.00%,0.00%,,,,Unknown,,,,,,,,,,,,,,,,,,,,,,,,,,,,,,Unknown,Unknown,Unknown,Unknown,Unknown,Unknown,Unknown,Unknown,Unknown,Unknown,Unknown,Unknown,4.12%,4.28%,4.48%,4.98%,5.52%,5.64%,5.88%,6.14%,6.19%,6.47%,6.78%,7.01%,7.50%,7.10%,6.63%,7.02%,7.30%,7.60%,7.83%,7.93%,7.83%,8.01%,8.13%,7.42%,6.65%,5.88%,5.14%,0.00%,0.00%,0.00%,0.00%,0.00%,0.00%,0.00%,0.00%,0.00%,0.00%,0.00%,fourthentrant,Africell,Unknown,Totals,Totals,Notspecified,Totals,All,Standardised,Mobile/Servicerevenue–marketshare/total|Publicationdate:24September2024Basedonhistoricaldatauptoquarter2of2024|Operatormarketshareofmobileservicerevenuewhichisdefinedasthetotalrevenueformobileservicesincludingwholesalerevenue(interconnectionroaming-inandhosting)butexcludingrevenuefromdirectequipmentsales.Thisincludesonlyrevenuethatisbilledforbyoperators(ortheirserviceproviderorMVNOpartners)andexcludesmobileservicerevenuethatisbilledforseparatelybythirdpartiessuchascontentproviders.Servicerevenueisequaltoretailrevenuepluswholesalerevenue.OperatorNotes:ThisoperatorisclassifiedasMobile:fourthentrant.AfricellhascompletedtheacquisitionofOrangeUgandaatNovember2014anditsoperatingunderthenameAfricell(includesMVNOK2)servicerevenueformobileservicesfromanoperator'sownsubscribersaswellasfromitshostedMVNOs’subscribers(apartfromWesternEuropeanmarketswhereMVNOdataisshownseparately).Thisincludestermination(interconnectionandroaming-in)revenue.
Mobile,Servicerevenue–marketshare,total,Total,Sub-SaharanAfrica,Uganda,SmartTelecom,%,,,Unknown,0.00%,0.00%,0.00%,0.00%,0.00%,0.00%,0.00%,0.16%,0.45%,0.76%,0.77%,0.30%,0.00%,0.00%,0.00%,0.00%,0.00%,,,,Unknown,,,,,,,,,,,,,,,,,,,,,,,,,,,,,,Unknown,Unknown,Unknown,Unknown,Unknown,Unknown,Unknown,Unknown,Unknown,Unknown,Unknown,Unknown,0.35%,0.38%,0.46%,0.59%,0.75%,0.74%,0.77%,0.79%,0.74%,0.76%,0.78%,0.79%,0.82%,0.43%,0.00%,0.00%,0.00%,0.00%,0.00%,0.00%,0.00%,0.00%,0.00%,0.00%,0.00%,0.00%,0.00%,0.00%,0.00%,0.00%,0.00%,0.00%,0.00%,0.00%,0.00%,0.00%,0.00%,0.00%,laterentrant,SmartTelecom,Unknown,Totals,Totals,Notspecified,Totals,All,Standardised,Mobile/Servicerevenue–marketshare/total|Publicationdate:24September2024Basedonhistoricaldatauptoquarter2of2024|Operatormarketshareofmobileservicerevenuewhichisdefinedasthetotalrevenueformobileservicesincludingwholesalerevenue(interconnectionroaming-inandhosting)butexcludingrevenuefromdirectequipmentsales.Thisincludesonlyrevenuethatisbilledforbyoperators(ortheirserviceproviderorMVNOpartners)andexcludesmobileservicerevenuethatisbilledforseparatelybythirdpartiessuchascontentproviders.Servicerevenueisequaltoretailrevenuepluswholesalerevenue.OperatorNotes:ThisoperatorisclassifiedasMobile:laterentrant.servicerevenueformobileservicesfromanoperator'sownsubscribersaswellasfromitshostedMVNOs’subscribers(apartfromWesternEuropeanmarketswhereMVNOdataisshownseparately).Thisincludestermination(interconnectionandroaming-in)revenue.
Mobile,Servicerevenue–marketshare,total,Total,Sub-SaharanAfrica,Uganda,AfrimaxUganda,%,,,Unknown,0.00%,0.00%,0.00%,0.00%,0.00%,0.00%,0.00%,0.00%,0.20%,0.61%,0.67%,0.08%,0.00%,0.00%,0.00%,0.00%,0.00%,,,,Unknown,,,,,,,,,,,,,,,,,,,,,,,,,,,,,,Unknown,Unknown,Unknown,Unknown,Unknown,Unknown,Unknown,Unknown,Unknown,Unknown,Unknown,Unknown,0.03%,0.11%,0.22%,0.39%,0.57%,0.58%,0.62%,0.65%,0.63%,0.65%,0.68%,0.70%,0.36%,0.00%,0.00%,0.00%,0.00%,0.00%,0.00%,0.00%,0.00%,0.00%,0.00%,0.00%,0.00%,0.00%,0.00%,0.00%,0.00%,0.00%,0.00%,0.00%,0.00%,0.00%,0.00%,0.00%,0.00%,0.00%,laterentrant,AfrimaxUganda,Unknown,Totals,Totals,Notspecified,Totals,All,Standardised,Mobile/Servicerevenue–marketshare/total|Publicationdate:24September2024Basedonhistoricaldatauptoquarter2of2024|Operatormarketshareofmobileservicerevenuewhichisdefinedasthetotalrevenueformobileservicesincludingwholesalerevenue(interconnectionroaming-inandhosting)butexcludingrevenuefromdirectequipmentsales.Thisincludesonlyrevenuethatisbilledforbyoperators(ortheirserviceproviderorMVNOpartners)andexcludesmobileservicerevenuethatisbilledforseparatelybythirdpartiessuchascontentproviders.Servicerevenueisequaltoretailrevenuepluswholesalerevenue.OperatorNotes:ThisoperatorisclassifiedasMobile:laterentrant.servicerevenueformobileservicesfromanoperator'sownsubscribersaswellasfromitshostedMVNOs’subscribers(apartfromWesternEuropeanmarketswhereMVNOdataisshownseparately).Thisincludestermination(interconnectionandroaming-in)revenue.
Mobile,Servicerevenue–marketshare,total,Total,Sub-SaharanAfrica,Uganda,otheroperators,%,,,Unknown,0.00%,0.00%,0.03%,0.26%,0.46%,0.38%,0.37%,0.32%,0.03%,0.00%,0.00%,0.00%,0.00%,0.01%,0.06%,0.11%,0.16%,,,,Unknown,,,,,,,,,,,,,,,,,,,,,,,,,,,,,,Unknown,Unknown,Unknown,Unknown,Unknown,Unknown,Unknown,Unknown,Unknown,Unknown,Unknown,Unknown,0.12%,0.00%,0.00%,0.00%,0.00%,0.00%,0.00%,0.00%,0.00%,0.00%,0.00%,0.00%,0.00%,0.00%,0.00%,0.00%,0.00%,0.00%,0.00%,0.00%,0.00%,0.00%,0.01%,0.03%,0.04%,0.05%,0.07%,0.08%,0.09%,0.11%,0.12%,0.13%,0.14%,0.15%,0.17%,0.18%,0.20%,0.22%,Unknown,Unknown,Unknown,Totals,Totals,Notspecified,Totals,All,Standardised,Mobile/Servicerevenue–marketshare/total|Publicationdate:24September2024Basedonhistoricaldatauptoquarter2of2024|Operatormarketshareofmobileservicerevenuewhichisdefinedasthetotalrevenueformobileservicesincludingwholesalerevenue(interconnectionroaming-inandhosting)butexcludingrevenuefromdirectequipmentsales.Thisincludesonlyrevenuethatisbilledforbyoperators(ortheirserviceproviderorMVNOpartners)andexcludesmobileservicerevenuethatisbilledforseparatelybythirdpartiessuchascontentproviders.Servicerevenueisequaltoretailrevenuepluswholesalerevenue.OperatorNotes:ThisoperatorisclassifiedasMobile:n/a.servicerevenueformobileservicesfromanoperator'sownsubscribersaswellasfromitshostedMVNOs’subscribers(apartfromWesternEuropeanmarketswhereMVNOdataisshownseparately).Thisincludestermination(interconnectionandroaming-in)revenue.
Mobile,Servicerevenue–marketshare,total,Total,Sub-SaharanAfrica,Uganda,Totalmarket,%,,,Unknown,100.00%,100.00%,100.00%,100.00%,100.00%,100.00%,100.00%,100.00%,100.00%,100.00%,100.00%,100.00%,100.00%,100.00%,100.00%,100.00%,100.00%,,,,Unknown,,,,,,,,,,,,,,,,,,,,,,,,,,,,,,Unknown,Unknown,Unknown,Unknown,Unknown,Unknown,Unknown,Unknown,Unknown,Unknown,Unknown,Unknown,100.00%,100.00%,100.00%,100.00%,100.00%,100.00%,100.00%,100.00%,100.00%,100.00%,100.00%,100.00%,100.00%,100.00%,100.00%,100.00%,100.00%,100.00%,100.00%,100.00%,100.00%,100.00%,100.00%,100.00%,100.00%,100.00%,100.00%,100.00%,100.00%,100.00%,100.00%,100.00%,100.00%,100.00%,100.00%,100.00%,100.00%,100.00%,Unknown,Unknown,Unknown,Totals,Totals,Notspecified,Totals,All,Standardised,Mobile/Servicerevenue–marketshare/total|Publicationdate:24September2024Basedonhistoricaldatauptoquarter2of2024|Operatormarketshareofmobileservicerevenuewhichisdefinedasthetotalrevenueformobileservicesincludingwholesalerevenue(interconnectionroaming-inandhosting)butexcludingrevenuefromdirectequipmentsales.Thisincludesonlyrevenuethatisbilledforbyoperators(ortheirserviceproviderorMVNOpartners)andexcludesmobileservicerevenuethatisbilledforseparatelybythirdpartiessuchascontentproviders.Servicerevenueisequaltoretailrevenuepluswholesalerevenue.servicerevenueformobileservicesfromanoperator'sownsubscribersaswellasfromitshostedMVNOs’subscribers(apartfromWesternEuropeanmarketswhereMVNOdataisshownseparately).Thisincludestermination(interconnectionandroaming-in)revenue.
Mobile,Servicerevenue–marketshare,total,Total,Sub-SaharanAfrica,Zambia,Airtel,%,,,Unknown,Unknown,78.78%,69.34%,63.66%,63.04%,53.99%,48.23%,41.67%,46.42%,52.19%,49.99%,41.68%,39.56%,40.30%,46.09%,50.47%,55.17%,,,,Unknown,,,,,,,,,,,,,,,,,,,,,,,,,,,,,,Unknown,Unknown,Unknown,Unknown,Unknown,Unknown,Unknown,Unknown,Unknown,Unknown,Unknown,Unknown,46.02%,46.93%,45.88%,46.83%,50.61%,51.91%,52.33%,53.92%,55.64%,52.47%,48.46%,44.59%,44.77%,43.31%,40.55%,38.50%,40.46%,40.30%,39.17%,38.51%,41.36%,40.56%,39.25%,40.18%,42.40%,43.80%,47.56%,49.47%,47.46%,49.13%,51.71%,52.98%,54.99%,54.82%,54.75%,56.06%,64.29%,58.62%,firstentrant,Airtel,Airtel,Totals,Totals,Notspecified,Totals,All,Standardised,Mobile/Servicerevenue–marketshare/total|Publicationdate:24September2024Basedonhistoricaldatauptoquarter2of2024|Operatormarketshareofmobileservicerevenuewhichisdefinedasthetotalrevenueformobileservicesincludingwholesalerevenue(interconnectionroaming-inandhosting)butexcludingrevenuefromdirectequipmentsales.Thisincludesonlyrevenuethatisbilledforbyoperators(ortheirserviceproviderorMVNOpartners)andexcludesmobileservicerevenuethatisbilledforseparatelybythirdpartiessuchascontentproviders.Servicerevenueisequaltoretailrevenuepluswholesalerevenue.OperatorNotes:ThisoperatorisclassifiedasMobile:firstentrant.servicerevenueformobileservicesfromanoperator'sownsubscribersaswellasfromitshostedMVNOs’subscribers(apartfromWesternEuropeanmarketswhereMVNOdataisshownseparately).Thisincludestermination(interconnectionandroaming-in)revenue.
Mobile,Servicerevenue–marketshare,total,Total,Sub-SaharanAfrica,Zambia,MTN,%,,,Unknown,Unknown,18.69%,27.75%,35.29%,33.99%,42.06%,46.53%,50.87%,43.93%,38.81%,39.58%,43.33%,42.55%,40.79%,38.39%,36.38%,34.79%,,,,Unknown,,,,,,,,,,,,,,,,,,,,,,,,,,,,,,Unknown,Unknown,Unknown,Unknown,Unknown,Unknown,Unknown,Unknown,Unknown,Unknown,Unknown,Unknown,45.47%,43.57%,44.39%,42.43%,38.94%,38.76%,39.06%,38.47%,36.10%,37.79%,40.50%,43.13%,41.12%,42.52%,44.31%,45.10%,41.77%,42.51%,43.47%,42.38%,38.77%,39.99%,41.96%,42.08%,40.22%,40.00%,37.64%,36.34%,37.15%,36.92%,36.23%,35.39%,33.61%,34.51%,35.57%,35.32%,26.20%,32.87%,secondentrant,MTN,MTN,Totals,Totals,Notspecified,Totals,All,Standardised,Mobile/Servicerevenue–marketshare/total|Publicationdate:24September2024Basedonhistoricaldatauptoquarter2of2024|Operatormarketshareofmobileservicerevenuewhichisdefinedasthetotalrevenueformobileservicesincludingwholesalerevenue(interconnectionroaming-inandhosting)butexcludingrevenuefromdirectequipmentsales.Thisincludesonlyrevenuethatisbilledforbyoperators(ortheirserviceproviderorMVNOpartners)andexcludesmobileservicerevenuethatisbilledforseparatelybythirdpartiessuchascontentproviders.Servicerevenueisequaltoretailrevenuepluswholesalerevenue.OperatorNotes:ThisoperatorisclassifiedasMobile:secondentrant.servicerevenueformobileservicesfromanoperator'sownsubscribersaswellasfromitshostedMVNOs’subscribers(apartfromWesternEuropeanmarketswhereMVNOdataisshownseparately).Thisincludestermination(interconnectionandroaming-in)revenue.
Mobile,Servicerevenue–marketshare,total,Total,Sub-SaharanAfrica,Zambia,ZamtelMobile(Zamtel),%,,,Unknown,Unknown,2.51%,2.89%,1.03%,2.95%,3.93%,5.22%,7.44%,9.64%,8.99%,10.42%,14.98%,17.88%,18.90%,15.50%,13.13%,10.02%,,,,Unknown,,,,,,,,,,,,,,,,,,,,,,,,,,,,,,Unknown,Unknown,Unknown,Unknown,Unknown,Unknown,Unknown,Unknown,Unknown,Unknown,Unknown,Unknown,8.50%,9.49%,9.72%,10.72%,10.44%,9.32%,8.59%,7.59%,8.24%,9.72%,11.03%,12.26%,14.09%,14.15%,15.13%,16.38%,17.76%,17.18%,17.35%,19.09%,19.85%,19.43%,18.77%,17.73%,17.37%,16.18%,14.79%,14.17%,15.37%,13.93%,12.04%,11.62%,11.39%,10.65%,9.66%,8.60%,9.50%,8.50%,thirdentrant,ZamtelMobile(Zamtel),Unknown,Totals,Totals,Notspecified,Totals,All,Standardised,Mobile/Servicerevenue–marketshare/total|Publicationdate:24September2024Basedonhistoricaldatauptoquarter2of2024|Operatormarketshareofmobileservicerevenuewhichisdefinedasthetotalrevenueformobileservicesincludingwholesalerevenue(interconnectionroaming-inandhosting)butexcludingrevenuefromdirectequipmentsales.Thisincludesonlyrevenuethatisbilledforbyoperators(ortheirserviceproviderorMVNOpartners)andexcludesmobileservicerevenuethatisbilledforseparatelybythirdpartiessuchascontentproviders.Servicerevenueisequaltoretailrevenuepluswholesalerevenue.OperatorNotes:ThisoperatorisclassifiedasMobile:thirdentrant.servicerevenueformobileservicesfromanoperator'sownsubscribersaswellasfromitshostedMVNOs’subscribers(apartfromWesternEuropeanmarketswhereMVNOdataisshownseparately).Thisincludestermination(interconnectionandroaming-in)revenue.
Mobile,Servicerevenue–marketshare,total,Total,Sub-SaharanAfrica,Zambia,Totalmarket,%,,,Unknown,Unknown,100.00%,100.00%,100.00%,100.00%,100.00%,100.00%,100.00%,100.00%,100.00%,100.00%,100.00%,100.00%,100.00%,100.00%,100.00%,100.00%,,,,Unknown,,,,,,,,,,,,,,,,,,,,,,,,,,,,,,Unknown,Unknown,Unknown,Unknown,Unknown,Unknown,Unknown,Unknown,Unknown,Unknown,Unknown,Unknown,100.00%,100.00%,100.00%,100.00%,100.00%,100.00%,100.00%,100.00%,100.00%,100.00%,100.00%,100.00%,100.00%,100.00%,100.00%,100.00%,100.00%,100.00%,100.00%,100.00%,100.00%,100.00%,100.00%,100.00%,100.00%,100.00%,100.00%,100.00%,100.00%,100.00%,100.00%,100.00%,100.00%,100.00%,100.00%,100.00%,100.00%,100.00%,Unknown,Unknown,Unknown,Totals,Totals,Notspecified,Totals,All,Standardised,Mobile/Servicerevenue–marketshare/total|Publicationdate:24September2024Basedonhistoricaldatauptoquarter2of2024|Operatormarketshareofmobileservicerevenuewhichisdefinedasthetotalrevenueformobileservicesincludingwholesalerevenue(interconnectionroaming-inandhosting)butexcludingrevenuefromdirectequipmentsales.Thisincludesonlyrevenuethatisbilledforbyoperators(ortheirserviceproviderorMVNOpartners)andexcludesmobileservicerevenuethatisbilledforseparatelybythirdpartiessuchascontentproviders.Servicerevenueisequaltoretailrevenuepluswholesalerevenue.servicerevenueformobileservicesfromanoperator'sownsubscribersaswellasfromitshostedMVNOs’subscribers(apartfromWesternEuropeanmarketswhereMVNOdataisshownseparately).Thisincludestermination(interconnectionandroaming-in)revenue.
Mobile,Retailrevenue,total,Total,Sub-SaharanAfrica,Cameroon,Totalmarket,USD,,,Unknown,Unknown,488175350,490221165,506695167,690393175,728347649,778773304,843586497,732113635,739812272,776462315,850814082,794116505,850983012,999164362,933297241,1074803974,,,,Unknown,,,,,,,,,,,,,,,,,,,,,,,,,,,,,,Unknown,Unknown,Unknown,Unknown,Unknown,Unknown,Unknown,Unknown,Unknown,Unknown,Unknown,Unknown,177803282,175102429,191908226,187083106,181485944,186400781,187122747,184642820,176850805,182228642,203118181,215380226,218889822,211058739,212496500,208053524,198902419,197431516,198919857,198782750,202813599,197533723,213447286,238286940,243826841,250785315,254566126,249429275,240159660,229174486,227996045,234753571,256159669,262548129,269065176,287022710,292075346,298145400,Unknown,Unknown,Unknown,Totals,Totals,Notspecified,Totals,All,Standardised,"Mobile/Retailrevenue/total|Publicationdate:24September2024Basedonhistoricaldatauptoquarter2of2024|Totalrevenueformobileservicesexcludingwholesalerevenue(interconnectionhostingandroaming-in)andrevenuefromdirectequipmentsales.Itincludesroaming-outrevenue(thatisretailrevenuecomingfromsubscribersthatareroamingoutoftheirhomecountry).Itincludesonlyrevenuebilledforbyoperators(ortheirserviceproviderorMVNOpartners)andexcludesmobileretailrevenuethatisbilledforseparatelybythirdpartiessuchascontentproviders.Retailrevenueisequaltoservicerevenueminuswholesalerevenue.Itissometimesreferredtoas""spend""oroutgoingservicerevenue.retailrevenueformobileservicesfromanoperator'sownsubscribersaswellasfromitshostedMVNOs’subscribers(apartfromWesternEuropeanmarketswhereMVNOdataisshownseparately).Thisexcludestermination(interconnectionandroaming-in)revenue."
Mobile,Retailrevenue,total,Total,Sub-SaharanAfrica,CôtedIvoire,Totalmarket,USD,,,Unknown,Unknown,Unknown,1023044524,1013724613,1059892508,1144367068,1218974258,1287914249,1186372619,1263192734,1412536992,1433857163,1246758144,1386764157,1541036957,1392804565,1428835758,,,,Unknown,,,,,,,,,,,,,,,,,,,,,,,,,,,,,,Unknown,Unknown,Unknown,Unknown,Unknown,Unknown,Unknown,Unknown,Unknown,Unknown,Unknown,Unknown,295110646,286341525,302456077,302231711,304959777,312137924,316009221,329387294,319186141,353629716,361082845,379696049,372949943,351986740,346153996,362900493,318476112,302689227,307513021,317857355,328679743,316825268,351049278,392431559,381528653,379583044,388024582,391045670,365158998,354367923,324125720,348634025,365197959,362401990,344415969,356843880,354782542,346923966,Unknown,Unknown,Unknown,Totals,Totals,Notspecified,Totals,All,Standardised,"Mobile/Retailrevenue/total|Publicationdate:24September2024Basedonhistoricaldatauptoquarter2of2024|Totalrevenueformobileservicesexcludingwholesalerevenue(interconnectionhostingandroaming-in)andrevenuefromdirectequipmentsales.Itincludesroaming-outrevenue(thatisretailrevenuecomingfromsubscribersthatareroamingoutoftheirhomecountry).Itincludesonlyrevenuebilledforbyoperators(ortheirserviceproviderorMVNOpartners)andexcludesmobileretailrevenuethatisbilledforseparatelybythirdpartiessuchascontentproviders.Retailrevenueisequaltoservicerevenueminuswholesalerevenue.Itissometimesreferredtoas""spend""oroutgoingservicerevenue.retailrevenueformobileservicesfromanoperator'sownsubscribersaswellasfromitshostedMVNOs’subscribers(apartfromWesternEuropeanmarketswhereMVNOdataisshownseparately).Thisexcludestermination(interconnectionandroaming-in)revenue."
Mobile,Retailrevenue,total,Total,Sub-SaharanAfrica,Ghana,Totalmarket,USD,,,Unknown,863160408,893821103,900184990,1011415333,1149767630,1284592846,1311165519,972924985,872915109,987100862,1028322030,1101458361,1118630133,1176473271,1406545107,1134822978,1111330578,,,,Unknown,,,,,,,,,,,,,,,,,,,,,,,,,,,,,,Unknown,Unknown,Unknown,Unknown,Unknown,Unknown,Unknown,Unknown,Unknown,Unknown,Unknown,Unknown,217657034,206396026,222200210,224071518,235809713,250239488,247538096,252398722,244127775,244401324,258831002,279847463,286445179,272902685,268329404,273504279,269359149,271255071,281942698,293311443,294280895,282307961,287591180,312077199,335823668,345698497,363471738,360597947,330319341,314496949,246525099,235136811,246772368,278924243,289942898,295269217,291175609,294046806,Unknown,Unknown,Unknown,Totals,Totals,Notspecified,Totals,All,Standardised,"Mobile/Retailrevenue/total|Publicationdate:24September2024Basedonhistoricaldatauptoquarter2of2024|Totalrevenueformobileservicesexcludingwholesalerevenue(interconnectionhostingandroaming-in)andrevenuefromdirectequipmentsales.Itincludesroaming-outrevenue(thatisretailrevenuecomingfromsubscribersthatareroamingoutoftheirhomecountry).Itincludesonlyrevenuebilledforbyoperators(ortheirserviceproviderorMVNOpartners)andexcludesmobileretailrevenuethatisbilledforseparatelybythirdpartiessuchascontentproviders.Retailrevenueisequaltoservicerevenueminuswholesalerevenue.Itissometimesreferredtoas""spend""oroutgoingservicerevenue.retailrevenueformobileservicesfromanoperator'sownsubscribersaswellasfromitshostedMVNOs’subscribers(apartfromWesternEuropeanmarketswhereMVNOdataisshownseparately).Thisexcludestermination(interconnectionandroaming-in)revenue."
Mobile,Retailrevenue,total,Total,Sub-SaharanAfrica,Kenya,Totalmarket,USD,,,Unknown,883449262,923133404,1047221586,1164189871,1249948433,1553526183,1789714253,1937539281,1844404843,2035097898,2196360550,2503442812,2659788581,2519101266,2739819065,2624754019,2383885656,,,,Unknown,,,,,,,,,,,,,,,,,,,,,,,,,,,,,,Unknown,Unknown,Unknown,Unknown,Unknown,Unknown,Unknown,Unknown,Unknown,Unknown,Unknown,Unknown,472096578,461417823,445786928,461867259,487913611,499557077,515115682,532486131,541163646,539913444,547234488,568009407,598097395,620912703,635049970,649515243,669463465,674687533,668476411,647164520,634752825,620581738,609455652,653110680,677842203,686104887,695187766,680463568,671011826,658011922,645394567,649508120,631365190,602989644,583117254,562888239,604456434,676396828,Unknown,Unknown,Unknown,Totals,Totals,Notspecified,Totals,All,Standardised,"Mobile/Retailrevenue/total|Publicationdate:24September2024Basedonhistoricaldatauptoquarter2of2024|Totalrevenueformobileservicesexcludingwholesalerevenue(interconnectionhostingandroaming-in)andrevenuefromdirectequipmentsales.Itincludesroaming-outrevenue(thatisretailrevenuecomingfromsubscribersthatareroamingoutoftheirhomecountry).Itincludesonlyrevenuebilledforbyoperators(ortheirserviceproviderorMVNOpartners)andexcludesmobileretailrevenuethatisbilledforseparatelybythirdpartiessuchascontentproviders.Retailrevenueisequaltoservicerevenueminuswholesalerevenue.Itissometimesreferredtoas""spend""oroutgoingservicerevenue.retailrevenueformobileservicesfromanoperator'sownsubscribersaswellasfromitshostedMVNOs’subscribers(apartfromWesternEuropeanmarketswhereMVNOdataisshownseparately).Thisexcludestermination(interconnectionandroaming-in)revenue."
Mobile,Retailrevenue,total,Total,Sub-SaharanAfrica,Nigeria,Totalmarket,USD,,,Unknown,4958765935,6851323000,7227006973,7617806023,7872454725,7869498538,8325822643,8680843766,7432979169,6188400092,4674559020,4891181229,5308332138,5804206177,6358035119,7184353988,5810207287,,,,Unknown,,,,,,,,,,,,,,,,,,,,,,,,,,,,,,Unknown,Unknown,Unknown,Unknown,Unknown,Unknown,Unknown,Unknown,Unknown,Unknown,Unknown,Unknown,1949055008,1860201975,1824574872,1800426396,1933741843,1634919773,1297825490,1302753006,1289285404,1122421512,1109027507,1151048684,1187148632,1205146070,1216242179,1282471020,1309210252,1281469582,1306456503,1411195801,1463215896,1369066056,1442296045,1523544675,1530007824,1544629680,1582458998,1698728946,1734603473,1760548005,1792463760,1885720632,1858642813,1510394565,1157741088,1188210835,927143024,780428144,Unknown,Unknown,Unknown,Totals,Totals,Notspecified,Totals,All,Standardised,"Mobile/Retailrevenue/total|Publicationdate:24September2024Basedonhistoricaldatauptoquarter2of2024|Totalrevenueformobileservicesexcludingwholesalerevenue(interconnectionhostingandroaming-in)andrevenuefromdirectequipmentsales.Itincludesroaming-outrevenue(thatisretailrevenuecomingfromsubscribersthatareroamingoutoftheirhomecountry).Itincludesonlyrevenuebilledforbyoperators(ortheirserviceproviderorMVNOpartners)andexcludesmobileretailrevenuethatisbilledforseparatelybythirdpartiessuchascontentproviders.Retailrevenueisequaltoservicerevenueminuswholesalerevenue.Itissometimesreferredtoas""spend""oroutgoingservicerevenue.retailrevenueformobileservicesfromanoperator'sownsubscribersaswellasfromitshostedMVNOs’subscribers(apartfromWesternEuropeanmarketswhereMVNOdataisshownseparately).Thisexcludestermination(interconnectionandroaming-in)revenue."
Mobile,Retailrevenue,total,Total,Sub-SaharanAfrica,Rwanda,Totalmarket,USD,,,Unknown,Unknown,144355964,154687583,182016006,160328427,173622025,164172593,155596686,151549038,140162336,141898401,146395703,161224205,177391741,203978350,229190254,236450990,,,,Unknown,,,,,,,,,,,,,,,,,,,,,,,,,,,,,,Unknown,Unknown,Unknown,Unknown,Unknown,Unknown,Unknown,Unknown,Unknown,Unknown,Unknown,Unknown,37968862,38435772,39044106,36093626,35799435,34586791,35385257,34341368,35316679,35095660,35860313,35596854,33711738,35185053,38053938,39319369,38209564,40397850,41800876,40746141,41496835,41432339,48920251,45474870,47158370,50044625,52705636,53963693,52865537,55730078,60701418,59653541,59837873,61748620,60173238,54563714,52985881,55252861,Unknown,Unknown,Unknown,Totals,Totals,Notspecified,Totals,All,Standardised,"Mobile/Retailrevenue/total|Publicationdate:24September2024Basedonhistoricaldatauptoquarter2of2024|Totalrevenueformobileservicesexcludingwholesalerevenue(interconnectionhostingandroaming-in)andrevenuefromdirectequipmentsales.Itincludesroaming-outrevenue(thatisretailrevenuecomingfromsubscribersthatareroamingoutoftheirhomecountry).Itincludesonlyrevenuebilledforbyoperators(ortheirserviceproviderorMVNOpartners)andexcludesmobileretailrevenuethatisbilledforseparatelybythirdpartiessuchascontentproviders.Retailrevenueisequaltoservicerevenueminuswholesalerevenue.Itissometimesreferredtoas""spend""oroutgoingservicerevenue.retailrevenueformobileservicesfromanoperator'sownsubscribersaswellasfromitshostedMVNOs’subscribers(apartfromWesternEuropeanmarketswhereMVNOdataisshownseparately).Thisexcludestermination(interconnectionandroaming-in)revenue."
Mobile,Retailrevenue,total,Total,Sub-SaharanAfrica,SouthAfrica,Totalmarket,USD,,,Unknown,7117361774,6801617724,7993553122,9293392187,9957370597,9440635108,7907703979,7192183100,6537770391,5997321629,7176303528,7512824509,6928790336,6653775993,7802246822,7100948022,6594291237,,,,Unknown,,,,,,,,,,,,,,,,,,,,,,,,,,,,,,Unknown,Unknown,Unknown,Unknown,Unknown,Unknown,Unknown,Unknown,Unknown,Unknown,Unknown,Unknown,1709567846,1648942830,1640717020,1517764426,1377283011,1345194036,1596092293,1690237038,1679342305,1690064522,1887506331,1922317840,2093313667,1926134003,1766312822,1730854554,1677187372,1683828400,1708196476,1857378365,1635160834,1525608815,1659412857,1835425432,1946433727,1957022298,1978952551,1916838504,1838901746,1793651306,1721278296,1743677135,1705050747,1621025244,1612639690,1652718772,1607104182,1637641288,Unknown,Unknown,Unknown,Totals,Totals,Notspecified,Totals,All,Standardised,"Mobile/Retailrevenue/total|Publicationdate:24September2024Basedonhistoricaldatauptoquarter2of2024|Totalrevenueformobileservicesexcludingwholesalerevenue(interconnectionhostingandroaming-in)andrevenuefromdirectequipmentsales.Itincludesroaming-outrevenue(thatisretailrevenuecomingfromsubscribersthatareroamingoutoftheirhomecountry).Itincludesonlyrevenuebilledforbyoperators(ortheirserviceproviderorMVNOpartners)andexcludesmobileretailrevenuethatisbilledforseparatelybythirdpartiessuchascontentproviders.Retailrevenueisequaltoservicerevenueminuswholesalerevenue.Itissometimesreferredtoas""spend""oroutgoingservicerevenue.retailrevenueformobileservicesfromanoperator'sownsubscribersaswellasfromitshostedMVNOs’subscribers(apartfromWesternEuropeanmarketswhereMVNOdataisshownseparately).Thisexcludestermination(interconnectionandroaming-in)revenue."
Mobile,Retailrevenue,total,Total,Sub-SaharanAfrica,Tanzania,Totalmarket,USD,,,Unknown,727564545,780016824,725126960,734216065,893137231,1105697561,1186308319,1259832246,1138584243,1118499130,1063305805,1057896386,1034690190,969087435,1000683972,981410038,1145646649,,,,Unknown,,,,,,,,,,,,,,,,,,,,,,,,,,,,,,Unknown,Unknown,Unknown,Unknown,Unknown,Unknown,Unknown,Unknown,Unknown,Unknown,Unknown,Unknown,310455675,287196521,264481454,274944978,297919789,278896960,268543396,273220768,267354865,266350891,266968929,262614484,265843721,265769516,261863987,264394186,264152219,263130133,260773115,246604231,241271968,241888172,238793228,247118195,251342269,253795782,257619479,237874362,220498205,242010415,254860531,263861655,274783002,287331971,288532482,293442462,301618913,307004210,Unknown,Unknown,Unknown,Totals,Totals,Notspecified,Totals,All,Standardised,"Mobile/Retailrevenue/total|Publicationdate:24September2024Basedonhistoricaldatauptoquarter2of2024|Totalrevenueformobileservicesexcludingwholesalerevenue(interconnectionhostingandroaming-in)andrevenuefromdirectequipmentsales.Itincludesroaming-outrevenue(thatisretailrevenuecomingfromsubscribersthatareroamingoutoftheirhomecountry).Itincludesonlyrevenuebilledforbyoperators(ortheirserviceproviderorMVNOpartners)andexcludesmobileretailrevenuethatisbilledforseparatelybythirdpartiessuchascontentproviders.Retailrevenueisequaltoservicerevenueminuswholesalerevenue.Itissometimesreferredtoas""spend""oroutgoingservicerevenue.retailrevenueformobileservicesfromanoperator'sownsubscribersaswellasfromitshostedMVNOs’subscribers(apartfromWesternEuropeanmarketswhereMVNOdataisshownseparately).Thisexcludestermination(interconnectionandroaming-in)revenue."
Mobile,Retailrevenue,total,Total,Sub-SaharanAfrica,Uganda,Totalmarket,USD,,,Unknown,416982143,582155499,571772010,592270656,571287970,700577933,783115203,779893719,665233568,680234095,693969517,738699083,814868821,855832988,915516977,989044531,1202694956,,,,Unknown,,,,,,,,,,,,,,,,,,,,,,,,,,,,,,Unknown,Unknown,Unknown,Unknown,Unknown,Unknown,Unknown,Unknown,Unknown,Unknown,Unknown,Unknown,179516165,161404642,153894664,167814127,171924573,162599143,173604117,171895950,165524805,166317099,174831696,187235816,181747002,178275574,184914232,193476995,195920500,198410230,207318038,213318681,214929499,208050387,210835118,222115178,222145977,226172254,233511170,233791211,243432535,238306604,244529545,261619250,276765460,292100881,311911576,321806113,335053149,354350353,Unknown,Unknown,Unknown,Totals,Totals,Notspecified,Totals,All,Standardised,"Mobile/Retailrevenue/total|Publicationdate:24September2024Basedonhistoricaldatauptoquarter2of2024|Totalrevenueformobileservicesexcludingwholesalerevenue(interconnectionhostingandroaming-in)andrevenuefromdirectequipmentsales.Itincludesroaming-outrevenue(thatisretailrevenuecomingfromsubscribersthatareroamingoutoftheirhomecountry).Itincludesonlyrevenuebilledforbyoperators(ortheirserviceproviderorMVNOpartners)andexcludesmobileretailrevenuethatisbilledforseparatelybythirdpartiessuchascontentproviders.Retailrevenueisequaltoservicerevenueminuswholesalerevenue.Itissometimesreferredtoas""spend""oroutgoingservicerevenue.retailrevenueformobileservicesfromanoperator'sownsubscribersaswellasfromitshostedMVNOs’subscribers(apartfromWesternEuropeanmarketswhereMVNOdataisshownseparately).Thisexcludestermination(interconnectionandroaming-in)revenue."
Mobile,Retailrevenue,total,Total,Sub-SaharanAfrica,Zambia,Totalmarket,USD,,,Unknown,Unknown,267912686,179931867,238611242,352469402,388396687,449951318,494267744,389119999,350163531,376241718,374933165,350611074,288435176,325768418,436874778,455667291,,,,Unknown,,,,,,,,,,,,,,,,,,,,,,,,,,,,,,Unknown,Unknown,Unknown,Unknown,Unknown,Unknown,Unknown,Unknown,Unknown,Unknown,Unknown,Unknown,110480826,105839332,89966882,77894373,82188848,86419133,91519545,90022081,84279997,92120010,98636046,101126289,95894827,99182749,90717801,87557983,86337744,85573031,89261394,88508453,74411865,70812665,72749461,68788024,64040315,68051287,87851448,109360087,96929526,101362600,119333694,119848940,112755186,121474253,119050270,100520524,84746496,100850994,Unknown,Unknown,Unknown,Totals,Totals,Notspecified,Totals,All,Standardised,"Mobile/Retailrevenue/total|Publicationdate:24September2024Basedonhistoricaldatauptoquarter2of2024|Totalrevenueformobileservicesexcludingwholesalerevenue(interconnectionhostingandroaming-in)andrevenuefromdirectequipmentsales.Itincludesroaming-outrevenue(thatisretailrevenuecomingfromsubscribersthatareroamingoutoftheirhomecountry).Itincludesonlyrevenuebilledforbyoperators(ortheirserviceproviderorMVNOpartners)andexcludesmobileretailrevenuethatisbilledforseparatelybythirdpartiessuchascontentproviders.Retailrevenueisequaltoservicerevenueminuswholesalerevenue.Itissometimesreferredtoas""spend""oroutgoingservicerevenue.retailrevenueformobileservicesfromanoperator'sownsubscribersaswellasfromitshostedMVNOs’subscribers(apartfromWesternEuropeanmarketswhereMVNOdataisshownseparately).Thisexcludestermination(interconnectionandroaming-in)revenue."
Mobile,Wholesalerevenue,total,Total,Sub-SaharanAfrica,Cameroon,Totalmarket,USD,,,Unknown,Unknown,104617037,98320661,87855940,121972309,118527715,116919568,114000982,93155162,86783771,82543870,81900178,71306447,67397415,72852724,64600675,69983863,,,,Unknown,,,,,,,,,,,,,,,,,,,,,,,,,,,,,,Unknown,Unknown,Unknown,Unknown,Unknown,Unknown,Unknown,Unknown,Unknown,Unknown,Unknown,Unknown,23437327,22559621,24156395,22998614,21903929,22080665,21749982,21052849,19627290,19673397,21317954,21961832,21818713,20559048,20220100,19330232,18231720,17849773,17735814,17474715,16800785,15839507,16637699,18143215,18203014,18412823,18419202,17801211,16972069,16005403,15695897,15883539,17074795,17237876,17397448,18273380,18820864,19130873,Unknown,Unknown,Unknown,Totals,Totals,Notspecified,Handset,All,Standardised,Mobile/Wholesalerevenue/total|Publicationdate:24September2024Basedonhistoricaldatauptoquarter2of2024|Totalmobilewholesalerevenueincludinginterconnectionroaming-inandhostingrevenue.Calculatedasthedifferencebetweenmobileservicerevenueandmobileretailrevenue.
Mobile,Wholesalerevenue,total,Total,Sub-SaharanAfrica,CôtedIvoire,Totalmarket,USD,,,Unknown,Unknown,Unknown,154589252,157201802,176433766,216950607,263857709,266309191,229677214,196560370,207023961,209784050,173777964,170578612,181051735,161819326,170145511,,,,Unknown,,,,,,,,,,,,,,,,,,,,,,,,,,,,,,Unknown,Unknown,Unknown,Unknown,Unknown,Unknown,Unknown,Unknown,Unknown,Unknown,Unknown,Unknown,59469238,56208902,57808563,56216658,53002341,50518155,47442854,45669782,45250826,51242787,53461309,57420975,55664740,51843590,50306012,52030873,45154518,42435671,42625108,43557143,41762234,39287004,42680988,47017234,45233542,44676979,45441194,45619864,42444988,41116158,37619362,40577179,42746074,42799939,41196150,43414528,44117383,44334246,Unknown,Unknown,Unknown,Totals,Totals,Notspecified,Handset,All,Standardised,Mobile/Wholesalerevenue/total|Publicationdate:24September2024Basedonhistoricaldatauptoquarter2of2024|Totalmobilewholesalerevenueincludinginterconnectionroaming-inandhostingrevenue.Calculatedasthedifferencebetweenmobileservicerevenueandmobileretailrevenue.
Mobile,Wholesalerevenue,total,Total,Sub-SaharanAfrica,Ghana,Totalmarket,USD,,,Unknown,0,186653914,200636795,239037925,286922250,332595734,345849640,258634385,221715544,228070339,214300769,201830622,174637178,151986142,169632435,134235945,124652127,,,,Unknown,,,,,,,,,,,,,,,,,,,,,,,,,,,,,,Unknown,Unknown,Unknown,Unknown,Unknown,Unknown,Unknown,Unknown,Unknown,Unknown,Unknown,Unknown,56840476,52939903,55967927,55412511,56797918,58679768,56485859,56020087,52889076,51662832,53363369,56249581,55526099,50971351,48242257,47283928,44794606,43344641,43237999,43114699,39846573,36968097,36544913,38628601,41053703,41848015,43646857,42992358,39260764,37264444,29119875,27688270,28418012,31568504,32285498,32350243,31391768,31197205,Unknown,Unknown,Unknown,Totals,Totals,Notspecified,Handset,All,Standardised,Mobile/Wholesalerevenue/total|Publicationdate:24September2024Basedonhistoricaldatauptoquarter2of2024|Totalmobilewholesalerevenueincludinginterconnectionroaming-inandhostingrevenue.Calculatedasthedifferencebetweenmobileservicerevenueandmobileretailrevenue.
Mobile,Wholesalerevenue,total,Total,Sub-SaharanAfrica,Kenya,Totalmarket,USD,,,Unknown,185614369,193952082,210826100,221322613,208311331,235030500,235013290,205626496,192109305,192185422,181508940,189525581,193479658,162122030,177227388,180163096,174968855,,,,Unknown,,,,,,,,,,,,,,,,,,,,,,,,,,,,,,Unknown,Unknown,Unknown,Unknown,Unknown,Unknown,Unknown,Unknown,Unknown,Unknown,Unknown,Unknown,49771942,48433018,46252989,47409432,48587348,48242140,48088283,47266767,46427695,45316697,44713819,45055668,46573025,47456066,47652792,47846204,48960549,49089806,48624504,46808430,41668542,40028272,38859897,41528282,43233063,44055519,45140409,44765028,44863739,44878032,44645956,45634960,45057305,43765207,43126375,42521190,46733522,53622552,Unknown,Unknown,Unknown,Totals,Totals,Notspecified,Handset,All,Standardised,Mobile/Wholesalerevenue/total|Publicationdate:24September2024Basedonhistoricaldatauptoquarter2of2024|Totalmobilewholesalerevenueincludinginterconnectionroaming-inandhostingrevenue.Calculatedasthedifferencebetweenmobileservicerevenueandmobileretailrevenue.
Mobile,Wholesalerevenue,total,Total,Sub-SaharanAfrica,Nigeria,Totalmarket,USD,,,Unknown,1062674300,1468253385,1449476592,1320852368,1390832806,1275881099,1242423439,1169750603,1116192804,941438405,733350252,754192644,817652556,870997212,1004500707,1223358246,1047479312,,,,Unknown,,,,,,,,,,,,,,,,,,,,,,,,,,,,,,Unknown,Unknown,Unknown,Unknown,Unknown,Unknown,Unknown,Unknown,Unknown,Unknown,Unknown,Unknown,274612728,273648266,279864577,287590653,303022327,251264638,195563551,192417212,195095398,173934464,175924740,186837339,188865370,187860381,185707778,191749104,198075793,196165278,202328540,221082945,217776998,204285522,216619269,231249193,235436902,241523016,251797668,275238763,286635480,297272041,308063961,328869311,328572238,270334967,209803272,218019637,162669685,138938831,Unknown,Unknown,Unknown,Totals,Totals,Notspecified,Handset,All,Standardised,Mobile/Wholesalerevenue/total|Publicationdate:24September2024Basedonhistoricaldatauptoquarter2of2024|Totalmobilewholesalerevenueincludinginterconnectionroaming-inandhostingrevenue.Calculatedasthedifferencebetweenmobileservicerevenueandmobileretailrevenue.
Mobile,Wholesalerevenue,total,Total,Sub-SaharanAfrica,Rwanda,Totalmarket,USD,,,Unknown,Unknown,38177472,40777741,47652173,41229129,42691109,38884424,34823049,32118225,26094159,22499322,19484098,18380922,16772142,16423301,17075971,18662717,,,,Unknown,,,,,,,,,,,,,,,,,,,,,,,,,,,,,,Unknown,Unknown,Unknown,Unknown,Unknown,Unknown,Unknown,Unknown,Unknown,Unknown,Unknown,Unknown,8316086,8236077,8182709,7395831,7065578,6568662,6460034,6019970,5953578,5683125,5571367,5299215,4810215,4805290,4966886,4896704,4598960,4694923,4686020,4401391,4078132,3962848,4568013,4159798,4132776,4075836,4089257,4124285,3983756,4145226,4461892,4467781,4570600,4815163,4795804,4450094,4428067,4738390,Unknown,Unknown,Unknown,Totals,Totals,Notspecified,Handset,All,Standardised,Mobile/Wholesalerevenue/total|Publicationdate:24September2024Basedonhistoricaldatauptoquarter2of2024|Totalmobilewholesalerevenueincludinginterconnectionroaming-inandhostingrevenue.Calculatedasthedifferencebetweenmobileservicerevenueandmobileretailrevenue.
Mobile,Wholesalerevenue,total,Total,Sub-SaharanAfrica,SouthAfrica,Totalmarket,USD,,,Unknown,2049099543,1847858142,2040899969,1932776244,1735223990,1294348145,843366700,517575663,367668825,356487889,449656428,622351457,636263691,499417868,607694019,547715700,543339804,,,,Unknown,,,,,,,,,,,,,,,,,,,,,,,,,,,,,,Unknown,Unknown,Unknown,Unknown,Unknown,Unknown,Unknown,Unknown,Unknown,Unknown,Unknown,Unknown,104383433,97943943,89351863,76943135,78126319,87209128,91464518,100351427,99125928,101132217,116572334,133442367,157341420,149069501,153499778,159318268,170529809,167931168,143880598,154246158,121466259,110893288,128407240,138901365,154684492,154247936,153297831,145458678,140517284,135484132,135388140,135792767,141260774,133014350,133009486,135862667,140092160,140682067,Unknown,Unknown,Unknown,Totals,Totals,Notspecified,Handset,All,Standardised,Mobile/Wholesalerevenue/total|Publicationdate:24September2024Basedonhistoricaldatauptoquarter2of2024|Totalmobilewholesalerevenueincludinginterconnectionroaming-inandhostingrevenue.Calculatedasthedifferencebetweenmobileservicerevenueandmobileretailrevenue.
Mobile,Wholesalerevenue,total,Total,Sub-SaharanAfrica,Tanzania,Totalmarket,USD,,,Unknown,129597816,138940906,120012078,115305190,134543158,165011645,170739033,174689148,151595391,158186020,136432905,98165452,78142009,64914482,65398928,64050259,71129157,,,,Unknown,,,,,,,,,,,,,,,,,,,,,,,,,,,,,,Unknown,Unknown,Unknown,Unknown,Unknown,Unknown,Unknown,Unknown,Unknown,Unknown,Unknown,Unknown,41749848,38033003,34960444,36689988,40492066,38853108,38492091,40354832,37386310,35180185,33219277,30695199,26213738,25174301,23794571,23012093,21487752,20431127,18872803,17341866,15572186,15895915,16460242,16981217,16894503,16465291,16441562,15593238,14883039,16192295,16400563,16566548,17057627,17893092,17894078,18189903,18653741,18960377,Unknown,Unknown,Unknown,Totals,Totals,Notspecified,Handset,All,Standardised,Mobile/Wholesalerevenue/total|Publicationdate:24September2024Basedonhistoricaldatauptoquarter2of2024|Totalmobilewholesalerevenueincludinginterconnectionroaming-inandhostingrevenue.Calculatedasthedifferencebetweenmobileservicerevenueandmobileretailrevenue.
Mobile,Wholesalerevenue,total,Total,Sub-SaharanAfrica,Uganda,Totalmarket,USD,,,Unknown,109313720,152614648,148855550,151340683,136330313,155722848,167863679,141261302,121739823,126818863,131659393,124932438,127890851,121541142,130067435,145515594,183439870,,,,Unknown,,,,,,,,,,,,,,,,,,,,,,,,,,,,,,Unknown,Unknown,Unknown,Unknown,Unknown,Unknown,Unknown,Unknown,Unknown,Unknown,Unknown,Unknown,32642082,29463901,28207034,30903232,31820254,30240155,32441627,32269191,31207228,31489304,33232380,35718423,34767106,29187567,29989768,31081775,31187514,31294061,32395936,33023496,31092259,29488101,29716509,31254946,31312749,32015360,33250490,33513199,35183535,34788073,36124766,39202781,42182111,44538353,47583375,49118907,51165925,54141705,Unknown,Unknown,Unknown,Totals,Totals,Notspecified,Handset,All,Standardised,Mobile/Wholesalerevenue/total|Publicationdate:24September2024Basedonhistoricaldatauptoquarter2of2024|Totalmobilewholesalerevenueincludinginterconnectionroaming-inandhostingrevenue.Calculatedasthedifferencebetweenmobileservicerevenueandmobileretailrevenue.
Mobile,Wholesalerevenue,total,Total,Sub-SaharanAfrica,Zambia,Totalmarket,USD,,,Unknown,Unknown,71102852,47901212,63642795,94075523,103610838,119648095,127785399,81938377,65871958,74772331,73306709,74263895,58450715,58802071,69089114,66457713,,,,Unknown,,,,,,,,,,,,,,,,,,,,,,,,,,,,,,Unknown,Unknown,Unknown,Unknown,Unknown,Unknown,Unknown,Unknown,Unknown,Unknown,Unknown,Unknown,26991250,24385119,16817999,14587527,15419541,16242410,17231991,16980510,16235857,18094044,19761995,20661428,19260322,19579026,17597294,16686170,17158341,17714483,19226919,19817721,15723204,14532044,14549007,13455641,12290674,12550057,15603290,18735051,16051174,16265189,18609201,18223876,16783437,17780018,17224624,14462572,12207923,14657613,Unknown,Unknown,Unknown,Totals,Totals,Notspecified,Handset,All,Standardised,Mobile/Wholesalerevenue/total|Publicationdate:24September2024Basedonhistoricaldatauptoquarter2of2024|Totalmobilewholesalerevenueincludinginterconnectionroaming-inandhostingrevenue.Calculatedasthedifferencebetweenmobileservicerevenueandmobileretailrevenue.
Mobile,Equipmentrevenue,total,Total,Sub-SaharanAfrica,Cameroon,Totalmarket,USD,,,Unknown,Unknown,0,0,0,0,1809128,4265591,7626597,10779467,23307603,28527426,9569905,8724995,5613924,4939317,3186261,4158326,,,,Unknown,,,,,,,,,,,,,,,,,,,,,,,,,,,,,,Unknown,Unknown,Unknown,Unknown,Unknown,Unknown,Unknown,Unknown,Unknown,Unknown,Unknown,Unknown,1709871,1757742,3292905,3993237,4829382,5822094,6095919,6531031,6821134,7643016,7129321,6904992,4374209,1954954,2013534,1318729,1763153,1880898,2374128,2713761,1860816,1408944,1240610,1067665,1113538,1045063,1333000,1434397,1017904,778670,734182,669871,732697,724532,1178769,1520780,1596404,1746857,Unknown,Unknown,Unknown,Totals,Totals,Notspecified,Handset,All,Standardised,Mobile/Equipmentrevenue/total|Publicationdate:24September2024Basedonhistoricaldatauptoquarter2of2024|Totalmobileoperatorrevenuefromdirectequipmentsales.Thisincludesonlyrevenuethatisbilledforbyoperators(ortheirserviceproviderorMVNOpartners).
Mobile,Equipmentrevenue,total,Total,Sub-SaharanAfrica,CôtedIvoire,Totalmarket,USD,,,Unknown,Unknown,Unknown,0,0,0,0,0,0,20636033,24572324,29222942,39241001,39093930,49490674,61637035,62488958,69490917,,,,Unknown,,,,,,,,,,,,,,,,,,,,,,,,,,,,,,Unknown,Unknown,Unknown,Unknown,Unknown,Unknown,Unknown,Unknown,Unknown,Unknown,Unknown,Unknown,5200286,5019471,5176654,5236705,6275466,5542066,6182274,6549385,5268769,7394366,7800542,8915151,9357694,9447837,9678082,10730712,9568400,9375455,9732690,10396633,11151604,11066172,12800125,14603370,14408574,14840117,15682506,16620405,15990014,15878178,14551254,16007526,17106473,17111327,16978765,18304858,19071506,18947815,Unknown,Unknown,Unknown,Totals,Totals,Notspecified,Handset,All,Standardised,Mobile/Equipmentrevenue/total|Publicationdate:24September2024Basedonhistoricaldatauptoquarter2of2024|Totalmobileoperatorrevenuefromdirectequipmentsales.Thisincludesonlyrevenuethatisbilledforbyoperators(ortheirserviceproviderorMVNOpartners).
Mobile,Equipmentrevenue,total,Total,Sub-SaharanAfrica,Ghana,Totalmarket,USD,,,Unknown,0,0,0,0,0,0,0,0,3400717,8321095,9306078,7433014,8064248,8910503,4454146,4358588,4924210,,,,Unknown,,,,,,,,,,,,,,,,,,,,,,,,,,,,,,Unknown,Unknown,Unknown,Unknown,Unknown,Unknown,Unknown,Unknown,Unknown,Unknown,Unknown,Unknown,1524591,1179106,572670,153473,1799417,2745450,1984555,1799613,1913240,1955985,2472683,2936830,2331752,1870843,1700753,1555789,1888021,2080082,2013838,2062137,2382046,2449504,2069162,2013130,1377760,818340,1142508,1114749,1048763,1014960,1054860,1083260,1050273,974768,1426237,1464834,1276600,1269512,Unknown,Unknown,Unknown,Totals,Totals,Notspecified,Handset,All,Standardised,Mobile/Equipmentrevenue/total|Publicationdate:24September2024Basedonhistoricaldatauptoquarter2of2024|Totalmobileoperatorrevenuefromdirectequipmentsales.Thisincludesonlyrevenuethatisbilledforbyoperators(ortheirserviceproviderorMVNOpartners).
Mobile,Equipmentrevenue,total,Total,Sub-SaharanAfrica,Kenya,Totalmarket,USD,,,Unknown,0,0,0,0,0,0,0,0,29678559,37485449,42836906,64400737,78476171,85154919,104324553,112735198,111354408,,,,Unknown,,,,,,,,,,,,,,,,,,,,,,,,,,,,,,Unknown,Unknown,Unknown,Unknown,Unknown,Unknown,Unknown,Unknown,Unknown,Unknown,Unknown,Unknown,7653749,7470962,7070138,7440212,9405446,8371400,9580029,10123859,8494975,10688318,11138783,12503671,14074713,15636862,16665624,18034753,18904261,19661698,19933051,19963178,20362658,20528426,21076663,23083622,24345329,25540154,26784585,27603720,28083289,28220129,27756991,28589929,28364682,27311899,27573935,27686947,31133556,35353307,Unknown,Unknown,Unknown,Totals,Totals,Notspecified,Handset,All,Standardised,Mobile/Equipmentrevenue/total|Publicationdate:24September2024Basedonhistoricaldatauptoquarter2of2024|Totalmobileoperatorrevenuefromdirectequipmentsales.Thisincludesonlyrevenuethatisbilledforbyoperators(ortheirserviceproviderorMVNOpartners).
Mobile,Equipmentrevenue,total,Total,Sub-SaharanAfrica,Nigeria,Totalmarket,USD,,,Unknown,0,0,0,0,0,0,0,0,2261094,7493074,13248556,11452557,11037101,33585179,12791831,24822568,41474669,,,,Unknown,,,,,,,,,,,,,,,,,,,,,,,,,,,,,,Unknown,Unknown,Unknown,Unknown,Unknown,Unknown,Unknown,Unknown,Unknown,Unknown,Unknown,Unknown,648226,689193,520898,404947,1021236,1493164,1967512,2408459,2256514,2392846,3670151,4681584,3874271,3274844,2412727,1893399,2345941,2984867,2828256,2878037,2701782,2547385,12734571,15034232,3072670,1479567,4106525,4128485,4606831,4561631,7636222,7844709,11205371,11741594,8685191,8486727,6942614,6265455,Unknown,Unknown,Unknown,Totals,Totals,Notspecified,Handset,All,Standardised,Mobile/Equipmentrevenue/total|Publicationdate:24September2024Basedonhistoricaldatauptoquarter2of2024|Totalmobileoperatorrevenuefromdirectequipmentsales.Thisincludesonlyrevenuethatisbilledforbyoperators(ortheirserviceproviderorMVNOpartners).
Mobile,Equipmentrevenue,total,Total,Sub-SaharanAfrica,Rwanda,Totalmarket,USD,,,Unknown,Unknown,0,0,0,0,0,0,0,2735282,2864425,3029605,4067970,5056602,6288341,8346435,9245459,9730422,,,,Unknown,,,,,,,,,,,,,,,,,,,,,,,,,,,,,,Unknown,Unknown,Unknown,Unknown,Unknown,Unknown,Unknown,Unknown,Unknown,Unknown,Unknown,Unknown,693192,698581,693858,649860,768812,643829,728678,721963,611065,762435,797859,853786,861421,957528,1073149,1169762,1151101,1250901,1321988,1328789,1399332,1439503,1765129,1680521,1820351,1997874,2177317,2343501,2181703,2277852,2417267,2361478,2399903,2478429,2500796,2334296,2357337,2488393,Unknown,Unknown,Unknown,Totals,Totals,Notspecified,Handset,All,Standardised,Mobile/Equipmentrevenue/total|Publicationdate:24September2024Basedonhistoricaldatauptoquarter2of2024|Totalmobileoperatorrevenuefromdirectequipmentsales.Thisincludesonlyrevenuethatisbilledforbyoperators(ortheirserviceproviderorMVNOpartners).
Mobile,Equipmentrevenue,total,Total,Sub-SaharanAfrica,SouthAfrica,Totalmarket,USD,,,Unknown,0,0,0,0,0,0,0,0,1481955837,1420092121,1694132447,1710109235,1595059970,1364186473,1799892510,1720546183,1679977600,,,,Unknown,,,,,,,,,,,,,,,,,,,,,,,,,,,,,,Unknown,Unknown,Unknown,Unknown,Unknown,Unknown,Unknown,Unknown,Unknown,Unknown,Unknown,Unknown,425190192,397861991,313634967,345243038,292785992,290032461,414486131,429361662,438789651,422752186,375333277,457472397,460319254,395769283,421899997,426425615,408598287,384591042,375414031,426256333,333126653,244916426,369948373,422035050,471914952,448226704,417360397,460684033,423171573,426480244,412835225,454706985,445252661,401145919,383181626,450611260,437595162,402169053,Unknown,Unknown,Unknown,Totals,Totals,Notspecified,Handset,All,Standardised,Mobile/Equipmentrevenue/total|Publicationdate:24September2024Basedonhistoricaldatauptoquarter2of2024|Totalmobileoperatorrevenuefromdirectequipmentsales.Thisincludesonlyrevenuethatisbilledforbyoperators(ortheirserviceproviderorMVNOpartners).
Mobile,Equipmentrevenue,total,Total,Sub-SaharanAfrica,Tanzania,Totalmarket,USD,,,Unknown,0,0,0,0,0,0,0,0,18805062,21483269,21559114,27600803,30585105,32820554,38070903,42054519,52993222,,,,Unknown,,,,,,,,,,,,,,,,,,,,,,,,,,,,,,Unknown,Unknown,Unknown,Unknown,Unknown,Unknown,Unknown,Unknown,Unknown,Unknown,Unknown,Unknown,5165463,4765664,4302690,4552791,5932728,4855818,5222635,5475773,4405730,5506996,5648688,5982151,6376320,6806794,6973281,7432733,7516192,7703054,7773238,7592807,7731911,8010629,8298261,8776316,9056353,9453415,9915348,9647508,9233839,10366507,10911521,11533485,12237864,12889391,13492171,14251758,15312316,16292457,Unknown,Unknown,Unknown,Totals,Totals,Notspecified,Handset,All,Standardised,Mobile/Equipmentrevenue/total|Publicationdate:24September2024Basedonhistoricaldatauptoquarter2of2024|Totalmobileoperatorrevenuefromdirectequipmentsales.Thisincludesonlyrevenuethatisbilledforbyoperators(ortheirserviceproviderorMVNOpartners).
Mobile,Equipmentrevenue,total,Total,Sub-SaharanAfrica,Uganda,Totalmarket,USD,,,Unknown,0,0,0,0,0,0,6327864,9194647,20424676,14098508,8483016,7572381,8028595,5847412,9646057,9661071,19790197,,,,Unknown,,,,,,,,,,,,,,,,,,,,,,,,,,,,,,Unknown,Unknown,Unknown,Unknown,Unknown,Unknown,Unknown,Unknown,Unknown,Unknown,Unknown,Unknown,2860911,2875053,5658610,8230401,5397603,3977305,3034070,1753512,2299659,2311777,2008729,1863785,1724019,1500098,2022723,2317665,2063796,1971213,2002549,1990633,1870187,1727972,1258099,982719,1305132,1444849,2982290,3962602,2139822,1165151,2733992,3559112,4007272,4562789,5333075,5882205,4622745,4048241,Unknown,Unknown,Unknown,Totals,Totals,Notspecified,Handset,All,Standardised,Mobile/Equipmentrevenue/total|Publicationdate:24September2024Basedonhistoricaldatauptoquarter2of2024|Totalmobileoperatorrevenuefromdirectequipmentsales.Thisincludesonlyrevenuethatisbilledforbyoperators(ortheirserviceproviderorMVNOpartners).
Mobile,Equipmentrevenue,total,Total,Sub-SaharanAfrica,Zambia,Totalmarket,USD,,,Unknown,Unknown,0,0,0,0,0,3790145,6209117,12135836,7330400,4621094,3935501,3612460,2049865,3685751,4323014,7460324,,,,Unknown,,,,,,,,,,,,,,,,,,,,,,,,,,,,,,Unknown,Unknown,Unknown,Unknown,Unknown,Unknown,Unknown,Unknown,Unknown,Unknown,Unknown,Unknown,1853783,1961571,3318223,3830381,2585839,2117392,1601391,919012,1174960,1288079,1143060,1018084,916936,858728,1019485,1075901,940499,886365,906302,875358,685181,620880,456666,319092,393229,451321,1157409,1900540,868550,502422,1345423,1635746,1629896,1890457,2025111,1826879,1162857,1147305,Unknown,Unknown,Unknown,Totals,Totals,Notspecified,Handset,All,Standardised,Mobile/Equipmentrevenue/total|Publicationdate:24September2024Basedonhistoricaldatauptoquarter2of2024|Totalmobileoperatorrevenuefromdirectequipmentsales.Thisincludesonlyrevenuethatisbilledforbyoperators(ortheirserviceproviderorMVNOpartners).
Fixed,Servicerevenue,total,Total,Sub-SaharanAfrica,Cameroon,Totalmarket,USD,,,Unknown,Unknown,134475886,95192037,147218107,174437897,183886563,236573580,243728742,186138116,178874225,163253423,143161537,129827856,138214256,180887592,191461633,214491153,,,,Unknown,,,,,,,,,,,,,,,,,,,,,,,,,,,,,,Unknown,Unknown,Unknown,Unknown,Unknown,Unknown,Unknown,Unknown,Unknown,Unknown,Unknown,Unknown,49213232,45949789,45739328,45276935,45725220,45306070,44743006,43114629,41142449,41387146,41096963,39392760,38394429,36681550,34630734,33547864,32805322,33058851,32371559,31575578,31925061,32510959,35039418,38946479,41970133,44422351,46654330,47599255,48745838,48153403,46316411,48012910,51623080,53308047,53893245,55665770,57555131,58053841,Unknown,Unknown,Unknown,Totals,Totals,Notspecified,Notspecified,Notspecified,Standardised,Fixed/Servicerevenue/total|Publicationdate:24September2024Basedonhistoricaldatauptoquarter2of2024|Operators'andserviceproviders'revenuefromendusers(thatisretailrevenue)forfixedtelecomsservicestogetherwithinterconnectrevenue(thatisoperators'revenuefromotheroperatorsandserviceproviders)forfixedtelecomsservices.Totalservicerevenuefromallfixedtelecomsservicesincludesthatfromvoicebroadbandanddataconnectivityforspecialistbusinessservices.TotalfixedrevenuedoesnotincluderevenuefromfixedIoTconnectivityservicesbecausethisisalreadyaccountedforinotherfixedconnectivityrevenue.
Fixed,Servicerevenue,total,Total,Sub-SaharanAfrica,CôtedIvoire,Totalmarket,USD,,,Unknown,Unknown,Unknown,160334621,166629503,202494570,184352775,177611271,184399489,152533205,172375198,96452221,107493676,117728450,141795698,173891673,186380432,210426178,,,,Unknown,,,,,,,,,,,,,,,,,,,,,,,,,,,,,,Unknown,Unknown,Unknown,Unknown,Unknown,Unknown,Unknown,Unknown,Unknown,Unknown,Unknown,Unknown,37838158,37629533,39423174,37612209,42623227,44796085,43423123,41558381,24941812,24125221,22425990,24727320,26157284,25593910,27473263,28198005,28325987,29353459,28571857,31422355,31936611,34347749,35750320,39954519,41025443,42527837,45055795,45102046,47391295,47494051,44005246,47282105,51064936,53371901,52666137,53288228,51917368,48525152,Unknown,Unknown,Unknown,Totals,Totals,Notspecified,Notspecified,Notspecified,Standardised,Fixed/Servicerevenue/total|Publicationdate:24September2024Basedonhistoricaldatauptoquarter2of2024|Operators'andserviceproviders'revenuefromendusers(thatisretailrevenue)forfixedtelecomsservicestogetherwithinterconnectrevenue(thatisoperators'revenuefromotheroperatorsandserviceproviders)forfixedtelecomsservices.Totalservicerevenuefromallfixedtelecomsservicesincludesthatfromvoicebroadbandanddataconnectivityforspecialistbusinessservices.TotalfixedrevenuedoesnotincluderevenuefromfixedIoTconnectivityservicesbecausethisisalreadyaccountedforinotherfixedconnectivityrevenue.
Fixed,Servicerevenue,total,Total,Sub-SaharanAfrica,Ghana,Totalmarket,USD,,,Unknown,101669016,87141433,66666853,68120289,68649690,72372688,75227652,55724702,53029633,65249154,57512138,54397573,47062991,57491915,85105030,85180878,81330286,,,,Unknown,,,,,,,,,,,,,,,,,,,,,,,,,,,,,,Unknown,Unknown,Unknown,Unknown,Unknown,Unknown,Unknown,Unknown,Unknown,Unknown,Unknown,Unknown,12802801,12028778,13106718,14970728,15877843,16591856,16611816,16124507,15360262,14683631,14087301,13412124,13397142,13415925,13633280,13885503,12447631,11339961,11480428,11773286,12401910,13672759,14998211,16382794,18346548,20559976,22201034,23855287,23458362,22373254,20202937,17919453,18219941,19814177,21091082,22147802,22652779,21932093,Unknown,Unknown,Unknown,Totals,Totals,Notspecified,Notspecified,Notspecified,Standardised,Fixed/Servicerevenue/total|Publicationdate:24September2024Basedonhistoricaldatauptoquarter2of2024|Operators'andserviceproviders'revenuefromendusers(thatisretailrevenue)forfixedtelecomsservicestogetherwithinterconnectrevenue(thatisoperators'revenuefromotheroperatorsandserviceproviders)forfixedtelecomsservices.Totalservicerevenuefromallfixedtelecomsservicesincludesthatfromvoicebroadbandanddataconnectivityforspecialistbusinessservices.TotalfixedrevenuedoesnotincluderevenuefromfixedIoTconnectivityservicesbecausethisisalreadyaccountedforinotherfixedconnectivityrevenue.
Fixed,Servicerevenue,total,Total,Sub-SaharanAfrica,Kenya,Totalmarket,USD,,,Unknown,122689346,167704073,168378314,152807547,160714544,198937783,199112771,202309767,188688805,185448982,261074089,375458440,473462871,548852358,622449616,703347285,752025375,,,,Unknown,,,,,,,,,,,,,,,,,,,,,,,,,,,,,,Unknown,Unknown,Unknown,Unknown,Unknown,Unknown,Unknown,Unknown,Unknown,Unknown,Unknown,Unknown,51646915,49541470,44538922,43180470,43729346,44377921,46874277,50458190,54753792,59801247,69041275,77425411,82005198,89108110,98468656,105936964,112525317,117334787,119838543,123649636,127184107,134730502,141799345,144399220,149199842,154378016,158546227,160138772,164807997,171583243,179093177,186579736,188642107,187014938,186448813,186913609,207672429,238891901,Unknown,Unknown,Unknown,Totals,Totals,Notspecified,Notspecified,Notspecified,Standardised,Fixed/Servicerevenue/total|Publicationdate:24September2024Basedonhistoricaldatauptoquarter2of2024|Operators'andserviceproviders'revenuefromendusers(thatisretailrevenue)forfixedtelecomsservicestogetherwithinterconnectrevenue(thatisoperators'revenuefromotheroperatorsandserviceproviders)forfixedtelecomsservices.Totalservicerevenuefromallfixedtelecomsservicesincludesthatfromvoicebroadbandanddataconnectivityforspecialistbusinessservices.TotalfixedrevenuedoesnotincluderevenuefromfixedIoTconnectivityservicesbecausethisisalreadyaccountedforinotherfixedconnectivityrevenue.
Fixed,Servicerevenue,total,Total,Sub-SaharanAfrica,Nigeria,Totalmarket,USD,,,Unknown,861994163,881902432,708040269,594189268,513306680,470196874,441692914,441663607,400023985,319577816,252767413,255608774,283021687,327829472,369070226,426795396,345272013,,,,Unknown,,,,,,,,,,,,,,,,,,,,,,,,,,,,,,Unknown,Unknown,Unknown,Unknown,Unknown,Unknown,Unknown,Unknown,Unknown,Unknown,Unknown,Unknown,101308701,99120351,99615620,99915178,100703657,84126152,67769430,66251963,67933234,62788769,60010496,61747384,62390159,63361958,64449360,65402747,66763598,69067832,71880773,75309484,78731955,80327701,82028068,86266312,88288958,90090018,93630950,96919078,102220437,105538710,107970437,110448703,114328335,87315237,71291053,68051379,51789980,43376626,Unknown,Unknown,Unknown,Totals,Totals,Notspecified,Notspecified,Notspecified,Standardised,Fixed/Servicerevenue/total|Publicationdate:24September2024Basedonhistoricaldatauptoquarter2of2024|Operators'andserviceproviders'revenuefromendusers(thatisretailrevenue)forfixedtelecomsservicestogetherwithinterconnectrevenue(thatisoperators'revenuefromotheroperatorsandserviceproviders)forfixedtelecomsservices.Totalservicerevenuefromallfixedtelecomsservicesincludesthatfromvoicebroadbandanddataconnectivityforspecialistbusinessservices.TotalfixedrevenuedoesnotincluderevenuefromfixedIoTconnectivityservicesbecausethisisalreadyaccountedforinotherfixedconnectivityrevenue.
Fixed,Servicerevenue,total,Total,Sub-SaharanAfrica,Rwanda,Totalmarket,USD,,,Unknown,Unknown,24298143,23030537,24799660,28615967,28270772,22952127,20838413,22399330,17387983,16704195,16788222,15329003,15724999,20595460,23296911,24728275,,,,Unknown,,,,,,,,,,,,,,,,,,,,,,,,,,,,,,Unknown,Unknown,Unknown,Unknown,Unknown,Unknown,Unknown,Unknown,Unknown,Unknown,Unknown,Unknown,5762030,6123233,5578437,4951355,4598304,4384974,4274295,4136221,4151481,4230364,4159649,4160526,4207223,4154915,4212533,4210753,4018917,3871133,3734201,3708299,3679222,3637435,3982111,4418027,4727881,4959405,5306326,5589194,5690389,5699650,5758552,6130879,6306179,6196424,6115317,6071461,6115204,6369065,Unknown,Unknown,Unknown,Totals,Totals,Notspecified,Notspecified,Notspecified,Standardised,Fixed/Servicerevenue/total|Publicationdate:24September2024Basedonhistoricaldatauptoquarter2of2024|Operators'andserviceproviders'revenuefromendusers(thatisretailrevenue)forfixedtelecomsservicestogetherwithinterconnectrevenue(thatisoperators'revenuefromotheroperatorsandserviceproviders)forfixedtelecomsservices.Totalservicerevenuefromallfixedtelecomsservicesincludesthatfromvoicebroadbandanddataconnectivityforspecialistbusinessservices.TotalfixedrevenuedoesnotincluderevenuefromfixedIoTconnectivityservicesbecausethisisalreadyaccountedforinotherfixedconnectivityrevenue.
Fixed,Servicerevenue,total,Total,Sub-SaharanAfrica,SouthAfrica,Totalmarket,USD,,,Unknown,5935329448,5124154527,5559498743,5687359043,5651587970,5029984881,4140859343,3500489602,2698061443,2291581886,2384284626,2381947101,1787149872,1377806800,1521323806,1427645636,1484803860,,,,Unknown,,,,,,,,,,,,,,,,,,,,,,,,,,,,,,Unknown,Unknown,Unknown,Unknown,Unknown,Unknown,Unknown,Unknown,Unknown,Unknown,Unknown,Unknown,764020099,707202770,650942753,580042470,562930366,565947716,574064440,587098926,587490091,589643832,587765481,619507018,671218342,630427721,562280665,522505719,482450404,457183107,430242842,417847760,368534521,320854327,324649217,364797083,395710745,384773354,377880925,362993712,359823988,356230685,350463988,359371874,376164806,359821129,362884813,384673314,383932350,383961139,Unknown,Unknown,Unknown,Totals,Totals,Notspecified,Notspecified,Notspecified,Standardised,Fixed/Servicerevenue/total|Publicationdate:24September2024Basedonhistoricaldatauptoquarter2of2024|Operators'andserviceproviders'revenuefromendusers(thatisretailrevenue)forfixedtelecomsservicestogetherwithinterconnectrevenue(thatisoperators'revenuefromotheroperatorsandserviceproviders)forfixedtelecomsservices.Totalservicerevenuefromallfixedtelecomsservicesincludesthatfromvoicebroadbandanddataconnectivityforspecialistbusinessservices.TotalfixedrevenuedoesnotincluderevenuefromfixedIoTconnectivityservicesbecausethisisalreadyaccountedforinotherfixedconnectivityrevenue.
Fixed,Servicerevenue,total,Total,Sub-SaharanAfrica,Tanzania,Totalmarket,USD,,,Unknown,56716577,56150274,51283091,47135143,40428610,39788291,41492767,45587847,43783245,45677544,52145930,61184294,70969421,82864159,94468748,98209963,103281170,,,,Unknown,,,,,,,,,,,,,,,,,,,,,,,,,,,,,,Unknown,Unknown,Unknown,Unknown,Unknown,Unknown,Unknown,Unknown,Unknown,Unknown,Unknown,Unknown,11746552,11169558,10521268,10282554,10680677,11131063,11675670,12187408,12412781,12767551,13238467,13714687,14395813,14957248,15590445,16219043,16600940,17192949,18160248,19020062,19708466,20373990,21044036,21730606,22455704,23189361,24004696,24826432,24420621,23951504,24580669,25254623,25828940,25958022,25665863,25756594,25977478,25664351,Unknown,Unknown,Unknown,Totals,Totals,Notspecified,Notspecified,Notspecified,Standardised,Fixed/Servicerevenue/total|Publicationdate:24September2024Basedonhistoricaldatauptoquarter2of2024|Operators'andserviceproviders'revenuefromendusers(thatisretailrevenue)forfixedtelecomsservicestogetherwithinterconnectrevenue(thatisoperators'revenuefromotheroperatorsandserviceproviders)forfixedtelecomsservices.Totalservicerevenuefromallfixedtelecomsservicesincludesthatfromvoicebroadbandanddataconnectivityforspecialistbusinessservices.TotalfixedrevenuedoesnotincluderevenuefromfixedIoTconnectivityservicesbecausethisisalreadyaccountedforinotherfixedconnectivityrevenue.
Fixed,Servicerevenue,total,Total,Sub-SaharanAfrica,Uganda,Totalmarket,USD,,,Unknown,34298373,36020736,37038194,39538118,43662693,49975172,45747433,46541987,40456494,41278139,42174234,42795797,48138928,54374616,65138326,72690140,89588812,,,,Unknown,,,,,,,,,,,,,,,,,,,,,,,,,,,,,,Unknown,Unknown,Unknown,Unknown,Unknown,Unknown,Unknown,Unknown,Unknown,Unknown,Unknown,Unknown,11194981,10495092,9456991,9281321,9976850,10242007,10528481,10513798,10340365,10577346,10637836,10618478,10789254,10589680,10424888,10987609,11530088,11776715,12222191,12615858,12785321,13253478,13881967,14464445,15106635,15900821,16753336,17409857,17990654,18035151,17965109,18636370,19828589,21502576,23307129,24935882,26720729,29558645,Unknown,Unknown,Unknown,Totals,Totals,Notspecified,Notspecified,Notspecified,Standardised,Fixed/Servicerevenue/total|Publicationdate:24September2024Basedonhistoricaldatauptoquarter2of2024|Operators'andserviceproviders'revenuefromendusers(thatisretailrevenue)forfixedtelecomsservicestogetherwithinterconnectrevenue(thatisoperators'revenuefromotheroperatorsandserviceproviders)forfixedtelecomsservices.Totalservicerevenuefromallfixedtelecomsservicesincludesthatfromvoicebroadbandanddataconnectivityforspecialistbusinessservices.TotalfixedrevenuedoesnotincluderevenuefromfixedIoTconnectivityservicesbecausethisisalreadyaccountedforinotherfixedconnectivityrevenue.
Fixed,Servicerevenue,total,Total,Sub-SaharanAfrica,Zambia,Totalmarket,USD,,,Unknown,Unknown,33129134,27291038,30261352,31660343,27758545,25687816,25379577,21559999,19779710,21293114,21118495,22040869,22940667,19850918,24201919,24405266,,,,Unknown,,,,,,,,,,,,,,,,,,,,,,,,,,,,,,Unknown,Unknown,Unknown,Unknown,Unknown,Unknown,Unknown,Unknown,Unknown,Unknown,Unknown,Unknown,6154098,6009693,4858097,4308791,4661972,4904044,5131021,5078617,5086153,5388131,5489052,5329389,5462187,5539086,5074956,4952949,5051458,4749279,5343808,6730599,6320266,5853176,5772113,4975436,4531055,4474749,5012866,5811525,5654515,5773678,6390710,6396229,6123732,6170813,6311941,5627727,5123078,5443758,Unknown,Unknown,Unknown,Totals,Totals,Notspecified,Notspecified,Notspecified,Standardised,Fixed/Servicerevenue/total|Publicationdate:24September2024Basedonhistoricaldatauptoquarter2of2024|Operators'andserviceproviders'revenuefromendusers(thatisretailrevenue)forfixedtelecomsservicestogetherwithinterconnectrevenue(thatisoperators'revenuefromotheroperatorsandserviceproviders)forfixedtelecomsservices.Totalservicerevenuefromallfixedtelecomsservicesincludesthatfromvoicebroadbandanddataconnectivityforspecialistbusinessservices.TotalfixedrevenuedoesnotincluderevenuefromfixedIoTconnectivityservicesbecausethisisalreadyaccountedforinotherfixedconnectivityrevenue.
Fixed,Retailrevenue,total,Total,Sub-SaharanAfrica,Cameroon,Totalmarket,USD,,,Unknown,Unknown,29521778,52788182,83992607,102428718,114761679,154390611,166674771,125086830,119895749,114638891,105570869,98516070,107156812,142668585,152780626,172691070,,,,Unknown,,,,,,,,,,,,,,,,,,,,,,,,,,,,,,Unknown,Unknown,Unknown,Unknown,Unknown,Unknown,Unknown,Unknown,Unknown,Unknown,Unknown,Unknown,33412408,30979654,30624476,30108188,30503900,30320908,30042068,29033714,28173533,28828206,29126223,28416068,27957848,26949580,25656610,25048755,24667456,25020703,24647166,24172634,24565710,25141039,27226362,30402196,32902678,34967351,36861203,37735073,38747760,38379058,37004974,38446208,41435114,42877598,43433405,44944073,46550150,47028915,Unknown,Unknown,Unknown,Totals,Totals,Notspecified,Notspecified,Notspecified,Standardised,"Fixed/Retailrevenue/total|Publicationdate:24September2024Basedonhistoricaldatauptoquarter2of2024|Operators'andserviceproviders'revenuefromendusersforfixedtelecomsservices.Totalretailrevenuefromallfixedtelecomsservicesincludesthatfromvoicebroadbanddial-upanddataconnectivityforspecialistbusinessservices.FixedtotalrevenuedoesnotincluderevenuefromfixedIoTconnectivityservicesbecausethisisalreadyaccountedforinotherfixedconnectivityrevenue.Retailrevenueisoftenreferredtoas""spend""."
Fixed,Retailrevenue,total,Total,Sub-SaharanAfrica,CôtedIvoire,Totalmarket,USD,,,Unknown,Unknown,Unknown,102792324,101699152,116941275,100522263,90883721,99257516,81708796,73498455,58685206,64641048,63971600,74612063,92144443,100538725,118897234,,,,Unknown,,,,,,,,,,,,,,,,,,,,,,,,,,,,,,Unknown,Unknown,Unknown,Unknown,Unknown,Unknown,Unknown,Unknown,Unknown,Unknown,Unknown,Unknown,19593170,20177000,21712556,20193319,20488940,20617662,17690731,14811719,13271045,14684056,14706879,16071260,16459968,15231206,16561160,16365215,15899517,16187262,14846859,17023116,16673400,18456192,18609578,20962839,21304355,22419163,24268873,24039759,25809809,25862458,23165075,25631186,27363409,29920655,30169386,31429368,31864107,31313512,Unknown,Unknown,Unknown,Totals,Totals,Notspecified,Notspecified,Notspecified,Standardised,"Fixed/Retailrevenue/total|Publicationdate:24September2024Basedonhistoricaldatauptoquarter2of2024|Operators'andserviceproviders'revenuefromendusersforfixedtelecomsservices.Totalretailrevenuefromallfixedtelecomsservicesincludesthatfromvoicebroadbanddial-upanddataconnectivityforspecialistbusinessservices.FixedtotalrevenuedoesnotincluderevenuefromfixedIoTconnectivityservicesbecausethisisalreadyaccountedforinotherfixedconnectivityrevenue.Retailrevenueisoftenreferredtoas""spend""."
Fixed,Retailrevenue,total,Total,Sub-SaharanAfrica,Ghana,Totalmarket,USD,,,Unknown,96492783,82700744,63253222,64653390,65182786,68651813,71281323,52823722,51096132,63124399,55664807,52674155,45589502,55649067,82294800,82322505,78609725,,,,Unknown,,,,,,,,,,,,,,,,,,,,,,,,,,,,,,Unknown,Unknown,Unknown,Unknown,Unknown,Unknown,Unknown,Unknown,Unknown,Unknown,Unknown,Unknown,12285538,11572903,12640891,14477505,15355085,16046180,16075388,15605525,14864819,14211225,13635475,12983367,12972844,12991286,13200863,13445546,12056437,10986085,11121687,11404213,12009787,13236413,14515817,15852066,17746921,19882919,21465946,23061793,22674964,21623568,19524022,17315867,17610108,19151541,20386017,21406707,21892867,21195037,Unknown,Unknown,Unknown,Totals,Totals,Notspecified,Notspecified,Notspecified,Standardised,"Fixed/Retailrevenue/total|Publicationdate:24September2024Basedonhistoricaldatauptoquarter2of2024|Operators'andserviceproviders'revenuefromendusersforfixedtelecomsservices.Totalretailrevenuefromallfixedtelecomsservicesincludesthatfromvoicebroadbanddial-upanddataconnectivityforspecialistbusinessservices.FixedtotalrevenuedoesnotincluderevenuefromfixedIoTconnectivityservicesbecausethisisalreadyaccountedforinotherfixedconnectivityrevenue.Retailrevenueisoftenreferredtoas""spend""."
Fixed,Retailrevenue,total,Total,Sub-SaharanAfrica,Kenya,Totalmarket,USD,,,Unknown,111535769,153856948,155905846,142810791,151617494,189464555,189631211,192859644,179981060,177041672,251516464,361713334,456129934,528759497,599662443,677598540,724494581,,,,Unknown,,,,,,,,,,,,,,,,,,,,,,,,,,,,,,Unknown,Unknown,Unknown,Unknown,Unknown,Unknown,Unknown,Unknown,Unknown,Unknown,Unknown,Unknown,49246164,47249853,42488836,41202738,41734440,42361513,44752986,48183910,52749317,57611991,66513752,74590955,79003081,85845963,94863831,102058732,108405893,113039293,115451390,119122964,122528041,129798172,136608232,139112929,143737806,148726413,152742030,154276273,158774563,165301775,172536780,179749264,181736133,180168534,179623134,180070914,200069777,230146340,Unknown,Unknown,Unknown,Totals,Totals,Notspecified,Notspecified,Notspecified,Standardised,"Fixed/Retailrevenue/total|Publicationdate:24September2024Basedonhistoricaldatauptoquarter2of2024|Operators'andserviceproviders'revenuefromendusersforfixedtelecomsservices.Totalretailrevenuefromallfixedtelecomsservicesincludesthatfromvoicebroadbanddial-upanddataconnectivityforspecialistbusinessservices.FixedtotalrevenuedoesnotincluderevenuefromfixedIoTconnectivityservicesbecausethisisalreadyaccountedforinotherfixedconnectivityrevenue.Retailrevenueisoftenreferredtoas""spend""."
Fixed,Retailrevenue,total,Total,Sub-SaharanAfrica,Nigeria,Totalmarket,USD,,,Unknown,822229258,845425157,679622704,571593832,494148991,452442221,425712033,427646712,389142938,311919012,247196016,249923636,276310365,318946692,357869096,413251985,333860360,,,,Unknown,,,,,,,,,,,,,,,,,,,,,,,,,,,,,,Unknown,Unknown,Unknown,Unknown,Unknown,Unknown,Unknown,Unknown,Unknown,Unknown,Unknown,Unknown,98286396,96319504,96993967,97470869,98252829,82093059,66154622,64692072,66425509,61403465,58691260,60393052,61009816,61956760,63013867,63938770,65245992,67460206,70159192,73444974,76707871,78194550,79774280,83815661,85698029,87380249,90759075,93896994,99038357,102216654,104526097,106878431,110601225,84443023,68925327,65774209,50028753,41883730,Unknown,Unknown,Unknown,Totals,Totals,Notspecified,Notspecified,Notspecified,Standardised,"Fixed/Retailrevenue/total|Publicationdate:24September2024Basedonhistoricaldatauptoquarter2of2024|Operators'andserviceproviders'revenuefromendusersforfixedtelecomsservices.Totalretailrevenuefromallfixedtelecomsservicesincludesthatfromvoicebroadbanddial-upanddataconnectivityforspecialistbusinessservices.FixedtotalrevenuedoesnotincluderevenuefromfixedIoTconnectivityservicesbecausethisisalreadyaccountedforinotherfixedconnectivityrevenue.Retailrevenueisoftenreferredtoas""spend""."
Fixed,Retailrevenue,total,Total,Sub-SaharanAfrica,Rwanda,Totalmarket,USD,,,Unknown,Unknown,23213013,22052981,23800268,27645275,27276429,21957658,20470795,22153877,17262530,16584311,16674986,15232503,15631956,20477878,23170802,24601673,,,,Unknown,,,,,,,,,,,,,,,,,,,,,,,,,,,,,,Unknown,Unknown,Unknown,Unknown,Unknown,Unknown,Unknown,Unknown,Unknown,Unknown,Unknown,Unknown,5676009,6048537,5525695,4918020,4566082,4353237,4243090,4105942,4121300,4199882,4129843,4131112,4178091,4126672,4184371,4183047,3992824,3846471,3711003,3685702,3657081,3615914,3958660,4392139,4700429,4930926,5276166,5557764,5658899,5668599,5727653,6098272,6273115,6164445,6084257,6041057,6085044,6338094,Unknown,Unknown,Unknown,Totals,Totals,Notspecified,Notspecified,Notspecified,Standardised,"Fixed/Retailrevenue/total|Publicationdate:24September2024Basedonhistoricaldatauptoquarter2of2024|Operators'andserviceproviders'revenuefromendusersforfixedtelecomsservices.Totalretailrevenuefromallfixedtelecomsservicesincludesthatfromvoicebroadbanddial-upanddataconnectivityforspecialistbusinessservices.FixedtotalrevenuedoesnotincluderevenuefromfixedIoTconnectivityservicesbecausethisisalreadyaccountedforinotherfixedconnectivityrevenue.Retailrevenueisoftenreferredtoas""spend""."
Fixed,Retailrevenue,total,Total,Sub-SaharanAfrica,SouthAfrica,Totalmarket,USD,,,Unknown,5698418378,4889502976,5233258071,5433901886,5479383374,4824669193,3992026529,3374982110,2602508003,2217236591,2310894414,2301294596,1726704801,1332655967,1465001096,1371697274,1421962139,,,,Unknown,,,,,,,,,,,,,,,,,,,,,,,,,,,,,,Unknown,Unknown,Unknown,Unknown,Unknown,Unknown,Unknown,Unknown,Unknown,Unknown,Unknown,Unknown,732936539,682754495,631319858,559214272,541462817,548278570,558272197,567880613,566605849,575185917,573550270,595612646,644482040,609592214,545550905,505484045,465874546,441344274,415220032,404811863,358078351,310533000,313694276,351328481,379988553,370819620,364734874,349497929,346146657,342433251,336623989,344852295,360648526,344860878,347567273,367710709,366522776,366060694,Unknown,Unknown,Unknown,Totals,Totals,Notspecified,Notspecified,Notspecified,Standardised,"Fixed/Retailrevenue/total|Publicationdate:24September2024Basedonhistoricaldatauptoquarter2of2024|Operators'andserviceproviders'revenuefromendusersforfixedtelecomsservices.Totalretailrevenuefromallfixedtelecomsservicesincludesthatfromvoicebroadbanddial-upanddataconnectivityforspecialistbusinessservices.FixedtotalrevenuedoesnotincluderevenuefromfixedIoTconnectivityservicesbecausethisisalreadyaccountedforinotherfixedconnectivityrevenue.Retailrevenueisoftenreferredtoas""spend""."
Fixed,Retailrevenue,total,Total,Sub-SaharanAfrica,Tanzania,Totalmarket,USD,,,Unknown,54009892,53467230,48829749,44876452,38488006,37874566,39681987,43895637,42366259,44395016,50840147,59837405,69570819,81425813,93052346,96967156,102220074,,,,Unknown,,,,,,,,,,,,,,,,,,,,,,,,,,,,,,Unknown,Unknown,Unknown,Unknown,Unknown,Unknown,Unknown,Unknown,Unknown,Unknown,Unknown,Unknown,11332631,10796992,10190216,9978538,10370919,10814838,11350913,11855664,12085616,12441886,12912050,13388194,14065478,14624201,15250896,15875291,16258644,16848460,17807084,18661376,19348444,20013815,20684418,21372079,22098527,22834250,23651333,24475709,24089747,23640957,24276566,24957215,25540048,25683139,25409383,25514599,25748877,25453879,Unknown,Unknown,Unknown,Totals,Totals,Notspecified,Notspecified,Notspecified,Standardised,"Fixed/Retailrevenue/total|Publicationdate:24September2024Basedonhistoricaldatauptoquarter2of2024|Operators'andserviceproviders'revenuefromendusersforfixedtelecomsservices.Totalretailrevenuefromallfixedtelecomsservicesincludesthatfromvoicebroadbanddial-upanddataconnectivityforspecialistbusinessservices.FixedtotalrevenuedoesnotincluderevenuefromfixedIoTconnectivityservicesbecausethisisalreadyaccountedforinotherfixedconnectivityrevenue.Retailrevenueisoftenreferredtoas""spend""."
Fixed,Retailrevenue,total,Total,Sub-SaharanAfrica,Uganda,Totalmarket,USD,,,Unknown,32517142,34136067,35093098,37452027,41846931,48032058,43825842,44603817,38848661,39720420,40609556,41042213,45943945,51625547,61507856,68292115,83675501,,,,Unknown,,,,,,,,,,,,,,,,,,,,,,,,,,,,,,Unknown,Unknown,Unknown,Unknown,Unknown,Unknown,Unknown,Unknown,Unknown,Unknown,Unknown,Unknown,10737651,10073723,9084482,8923050,9595699,9853889,10132644,10121652,9960209,10196015,10242025,10211169,10364774,10161596,9992724,10519488,11024804,11247344,11658235,12018963,12164099,12592342,13171991,13706780,14295055,15025879,15809706,16406609,16935035,16955596,16868392,17476374,18565839,20102104,21755193,23238979,24861840,27458239,Unknown,Unknown,Unknown,Totals,Totals,Notspecified,Notspecified,Notspecified,Standardised,"Fixed/Retailrevenue/total|Publicationdate:24September2024Basedonhistoricaldatauptoquarter2of2024|Operators'andserviceproviders'revenuefromendusersforfixedtelecomsservices.Totalretailrevenuefromallfixedtelecomsservicesincludesthatfromvoicebroadbanddial-upanddataconnectivityforspecialistbusinessservices.FixedtotalrevenuedoesnotincluderevenuefromfixedIoTconnectivityservicesbecausethisisalreadyaccountedforinotherfixedconnectivityrevenue.Retailrevenueisoftenreferredtoas""spend""."
Fixed,Retailrevenue,total,Total,Sub-SaharanAfrica,Zambia,Totalmarket,USD,,,Unknown,Unknown,31474936,25917202,28709979,30385502,26613368,24581783,24363170,20781849,19119512,20573469,20401124,21258734,22071534,19084362,23255928,23415073,,,,Unknown,,,,,,,,,,,,,,,,,,,,,,,,,,,,,,Unknown,Unknown,Unknown,Unknown,Unknown,Unknown,Unknown,Unknown,Unknown,Unknown,Unknown,Unknown,5918085,5787945,4685840,4162216,4504605,4739735,4960412,4911057,4915890,5206653,5302972,5147584,5277616,5351967,4902487,4783159,4876919,4585595,5154545,6482789,6083498,5631878,5551907,4785849,4357979,4302288,4818585,5585040,5435645,5549036,6140340,6143499,5879635,5923974,6054606,5394315,4907813,5211732,Unknown,Unknown,Unknown,Totals,Totals,Notspecified,Notspecified,Notspecified,Standardised,"Fixed/Retailrevenue/total|Publicationdate:24September2024Basedonhistoricaldatauptoquarter2of2024|Operators'andserviceproviders'revenuefromendusersforfixedtelecomsservices.Totalretailrevenuefromallfixedtelecomsservicesincludesthatfromvoicebroadbanddial-upanddataconnectivityforspecialistbusinessservices.FixedtotalrevenuedoesnotincluderevenuefromfixedIoTconnectivityservicesbecausethisisalreadyaccountedforinotherfixedconnectivityrevenue.Retailrevenueisoftenreferredtoas""spend""."
Fixed,Wholesalerevenue,total,Total,Sub-SaharanAfrica,Cameroon,Totalmarket,USD,,,Unknown,Unknown,104954108,42403855,63225500,72009179,69124885,82182968,77053971,61051287,58978475,48614532,37590668,31311785,31057444,38219007,38681006,41800083,,,,Unknown,,,,,,,,,,,,,,,,,,,,,,,,,,,,,,Unknown,Unknown,Unknown,Unknown,Unknown,Unknown,Unknown,Unknown,Unknown,Unknown,Unknown,Unknown,15800824,14970135,15114852,15168748,15221320,14985162,14700937,14080915,12968916,12558940,11970740,10976692,10436581,9731970,8974124,8499109,8137866,8038148,7724393,7402943,7359351,7369920,7813056,8544283,9067456,9455000,9793127,9864181,9998078,9774345,9311436,9566702,10187966,10430448,10459839,10721698,11004980,11024926,Unknown,Unknown,Unknown,Totals,Totals,Notspecified,Notspecified,Notspecified,Standardised,Fixed/Wholesalerevenue/total|Publicationdate:24September2024Basedonhistoricaldatauptoquarter2of2024|TotalfixedwholesalerevenueincludingthatfromfixedterminationandfeesforbitstreamresaleandLLU.Calculatedasthedifferencebetweenfixedservicerevenueandfixedretailrevenue.
Fixed,Wholesalerevenue,total,Total,Sub-SaharanAfrica,CôtedIvoire,Totalmarket,USD,,,Unknown,Unknown,Unknown,57542298,64930351,85553295,83830512,86727550,85141973,70824409,98876743,37767014,42852628,53756850,67183636,81747230,85841707,91528944,,,,Unknown,,,,,,,,,,,,,,,,,,,,,,,,,,,,,,Unknown,Unknown,Unknown,Unknown,Unknown,Unknown,Unknown,Unknown,Unknown,Unknown,Unknown,Unknown,18244987,17452533,17710618,17418890,22134287,24178423,25732393,26746662,11670768,9441165,7719110,8656059,9697316,10362704,10912103,11832790,12426470,13166197,13724998,14399239,15263211,15891557,17140742,18991680,19721088,20108674,20786922,21062286,21581486,21631592,20840171,21650919,23701527,23451246,22496752,21858860,20053261,17211640,Unknown,Unknown,Unknown,Totals,Totals,Notspecified,Notspecified,Notspecified,Standardised,Fixed/Wholesalerevenue/total|Publicationdate:24September2024Basedonhistoricaldatauptoquarter2of2024|TotalfixedwholesalerevenueincludingthatfromfixedterminationandfeesforbitstreamresaleandLLU.Calculatedasthedifferencebetweenfixedservicerevenueandfixedretailrevenue.
Fixed,Wholesalerevenue,total,Total,Sub-SaharanAfrica,Ghana,Totalmarket,USD,,,Unknown,5176232,4440689,3413631,3466899,3466904,3720876,3946329,2900980,1933502,2124755,1847331,1723418,1473488,1842847,2810230,2858373,2720561,,,,Unknown,,,,,,,,,,,,,,,,,,,,,,,,,,,,,,Unknown,Unknown,Unknown,Unknown,Unknown,Unknown,Unknown,Unknown,Unknown,Unknown,Unknown,Unknown,517263,455875,465827,493223,522758,545675,536428,518982,495443,472405,451826,428757,424298,424639,432417,439957,391194,353876,358741,369073,392122,436346,482394,530728,599627,677058,735089,793493,783398,749686,678915,603586,609833,662636,705065,741094,759913,737056,Unknown,Unknown,Unknown,Totals,Totals,Notspecified,Notspecified,Notspecified,Standardised,Fixed/Wholesalerevenue/total|Publicationdate:24September2024Basedonhistoricaldatauptoquarter2of2024|TotalfixedwholesalerevenueincludingthatfromfixedterminationandfeesforbitstreamresaleandLLU.Calculatedasthedifferencebetweenfixedservicerevenueandfixedretailrevenue.
Fixed,Wholesalerevenue,total,Total,Sub-SaharanAfrica,Kenya,Totalmarket,USD,,,Unknown,11153577,13847125,12472468,9996755,9097050,9473228,9481561,9450123,8707745,8407310,9557626,13745107,17332937,20092861,22787173,25748745,27530794,,,,Unknown,,,,,,,,,,,,,,,,,,,,,,,,,,,,,,Unknown,Unknown,Unknown,Unknown,Unknown,Unknown,Unknown,Unknown,Unknown,Unknown,Unknown,Unknown,2400751,2291618,2050086,1977731,1994906,2016408,2121292,2274281,2004474,2189256,2527523,2834456,3002117,3262147,3604826,3878232,4119424,4295493,4387153,4526673,4656066,4932331,5191113,5286291,5462037,5651604,5804197,5862498,6033433,6281467,6556398,6830472,6905973,6846404,6825679,6842695,7602652,8745561,Unknown,Unknown,Unknown,Totals,Totals,Notspecified,Notspecified,Notspecified,Standardised,Fixed/Wholesalerevenue/total|Publicationdate:24September2024Basedonhistoricaldatauptoquarter2of2024|TotalfixedwholesalerevenueincludingthatfromfixedterminationandfeesforbitstreamresaleandLLU.Calculatedasthedifferencebetweenfixedservicerevenueandfixedretailrevenue.
Fixed,Wholesalerevenue,total,Total,Sub-SaharanAfrica,Nigeria,Totalmarket,USD,,,Unknown,39764905,36477275,28417565,22595436,19157689,17754653,15980880,14016895,10881046,7658803,5571397,5685139,6711323,8882779,11201131,13543411,11411653,,,,Unknown,,,,,,,,,,,,,,,,,,,,,,,,,,,,,,Unknown,Unknown,Unknown,Unknown,Unknown,Unknown,Unknown,Unknown,Unknown,Unknown,Unknown,Unknown,3022305,2800847,2621653,2444309,2450828,2033093,1614809,1559891,1507726,1385304,1319235,1354332,1380343,1405198,1435493,1463977,1517606,1607625,1721581,1864510,2024084,2133151,2253788,2450650,2590929,2709769,2871874,3022084,3182080,3322056,3444340,3570273,3727110,2872214,2365726,2277170,1761227,1492896,Unknown,Unknown,Unknown,Totals,Totals,Notspecified,Notspecified,Notspecified,Standardised,Fixed/Wholesalerevenue/total|Publicationdate:24September2024Basedonhistoricaldatauptoquarter2of2024|TotalfixedwholesalerevenueincludingthatfromfixedterminationandfeesforbitstreamresaleandLLU.Calculatedasthedifferencebetweenfixedservicerevenueandfixedretailrevenue.
Fixed,Wholesalerevenue,total,Total,Sub-SaharanAfrica,Rwanda,Totalmarket,USD,,,Unknown,Unknown,1085130,977556,999391,970692,994343,994469,367617,245452,125453,119884,113236,96500,93043,117582,126109,126602,,,,Unknown,,,,,,,,,,,,,,,,,,,,,,,,,,,,,,Unknown,Unknown,Unknown,Unknown,Unknown,Unknown,Unknown,Unknown,Unknown,Unknown,Unknown,Unknown,86021,74695,52742,33335,32222,31737,31205,30280,30181,30482,29806,29414,29133,28243,28162,27705,26093,24661,23198,22596,22141,21521,23451,25888,27452,28479,30160,31430,31490,31050,30899,32606,33064,31979,31059,30404,30159,30972,Unknown,Unknown,Unknown,Totals,Totals,Notspecified,Notspecified,Notspecified,Standardised,Fixed/Wholesalerevenue/total|Publicationdate:24September2024Basedonhistoricaldatauptoquarter2of2024|TotalfixedwholesalerevenueincludingthatfromfixedterminationandfeesforbitstreamresaleandLLU.Calculatedasthedifferencebetweenfixedservicerevenueandfixedretailrevenue.
Fixed,Wholesalerevenue,total,Total,Sub-SaharanAfrica,SouthAfrica,Totalmarket,USD,,,Unknown,236911070,234651551,326240672,253457156,172204596,205315688,148832815,125507492,95553440,74345295,73390213,80652505,60445071,45150833,56322710,55948362,62841721,,,,Unknown,,,,,,,,,,,,,,,,,,,,,,,,,,,,,,Unknown,Unknown,Unknown,Unknown,Unknown,Unknown,Unknown,Unknown,Unknown,Unknown,Unknown,Unknown,31083560,24448275,19622895,20828198,21467549,17669146,15792243,19218313,20884243,14457916,14215211,23894372,26736301,20835507,16729760,17021674,16575859,15838833,15022810,13035897,10456170,10321327,10954941,13468602,15722192,13953735,13146051,13495783,13677330,13797433,13839999,14519579,15516279,14960251,15317540,16962606,17409574,17900445,Unknown,Unknown,Unknown,Totals,Totals,Notspecified,Notspecified,Notspecified,Standardised,Fixed/Wholesalerevenue/total|Publicationdate:24September2024Basedonhistoricaldatauptoquarter2of2024|TotalfixedwholesalerevenueincludingthatfromfixedterminationandfeesforbitstreamresaleandLLU.Calculatedasthedifferencebetweenfixedservicerevenueandfixedretailrevenue.
Fixed,Wholesalerevenue,total,Total,Sub-SaharanAfrica,Tanzania,Totalmarket,USD,,,Unknown,2706685,2683044,2453343,2258691,1940604,1913726,1810780,1692210,1416986,1282528,1305783,1346889,1398602,1438346,1416402,1242807,1061096,,,,Unknown,,,,,,,,,,,,,,,,,,,,,,,,,,,,,,Unknown,Unknown,Unknown,Unknown,Unknown,Unknown,Unknown,Unknown,Unknown,Unknown,Unknown,Unknown,413920,372566,331051,304015,309758,316225,324757,331744,327165,325665,326417,326492,330335,333047,339549,343751,342296,344489,353164,358686,360022,360176,359618,358526,357177,355111,353363,350723,330874,310547,304103,297409,288893,274883,256479,241995,228601,210472,Unknown,Unknown,Unknown,Totals,Totals,Notspecified,Notspecified,Notspecified,Standardised,Fixed/Wholesalerevenue/total|Publicationdate:24September2024Basedonhistoricaldatauptoquarter2of2024|TotalfixedwholesalerevenueincludingthatfromfixedterminationandfeesforbitstreamresaleandLLU.Calculatedasthedifferencebetweenfixedservicerevenueandfixedretailrevenue.
Fixed,Wholesalerevenue,total,Total,Sub-SaharanAfrica,Uganda,Totalmarket,USD,,,Unknown,1781231,1884668,1945096,2086091,1815763,1943114,1921592,1938170,1607834,1557719,1564678,1753584,2194983,2749069,3630469,4398025,5913312,,,,Unknown,,,,,,,,,,,,,,,,,,,,,,,,,,,,,,Unknown,Unknown,Unknown,Unknown,Unknown,Unknown,Unknown,Unknown,Unknown,Unknown,Unknown,Unknown,457330,421369,372509,358271,381151,388118,395837,392146,380156,381331,395811,407308,424479,428084,432164,468121,505283,529371,563955,596895,621221,661136,709976,757665,811580,874942,943630,1003248,1055619,1079555,1096717,1159996,1262750,1400472,1551936,1696904,1858889,2100406,Unknown,Unknown,Unknown,Totals,Totals,Notspecified,Notspecified,Notspecified,Standardised,Fixed/Wholesalerevenue/total|Publicationdate:24September2024Basedonhistoricaldatauptoquarter2of2024|TotalfixedwholesalerevenueincludingthatfromfixedterminationandfeesforbitstreamresaleandLLU.Calculatedasthedifferencebetweenfixedservicerevenueandfixedretailrevenue.
Fixed,Wholesalerevenue,total,Total,Sub-SaharanAfrica,Zambia,Totalmarket,USD,,,Unknown,Unknown,1654198,1373835,1551373,1274841,1145176,1106033,1016407,778150,660198,719645,717371,782134,869133,766555,945992,990193,,,,Unknown,,,,,,,,,,,,,,,,,,,,,,,,,,,,,,Unknown,Unknown,Unknown,Unknown,Unknown,Unknown,Unknown,Unknown,Unknown,Unknown,Unknown,Unknown,236012,221748,172257,146575,157367,164309,170610,167560,170263,181478,186080,181805,184571,187120,172468,169790,174539,163684,189263,247809,236768,221299,220207,189587,173076,172460,194281,226485,218870,224642,250370,252730,244097,246838,257335,233412,215265,232025,Unknown,Unknown,Unknown,Totals,Totals,Notspecified,Notspecified,Notspecified,Standardised,Fixed/Wholesalerevenue/total|Publicationdate:24September2024Basedonhistoricaldatauptoquarter2of2024|TotalfixedwholesalerevenueincludingthatfromfixedterminationandfeesforbitstreamresaleandLLU.Calculatedasthedifferencebetweenfixedservicerevenueandfixedretailrevenue.
All,Servicerevenue,total,Total,Sub-SaharanAfrica,Cameroon,Totalmarket,USD,,,Unknown,Unknown,727412340,683950500,742077274,987187608,1031208389,1132938045,1202150083,1012273347,1006521418,1023514335,1077435477,997135197,1058977391,1255905246,1193056003,1363709262,,,,Unknown,,,,,,,,,,,,,,,,,,,,,,,,,,,,,,Unknown,Unknown,Unknown,Unknown,Unknown,Unknown,Unknown,Unknown,Unknown,Unknown,Unknown,Unknown,250660206,243819966,262026110,255587963,249361333,254048572,253884877,249084356,237901869,243592653,265860723,277078877,279478597,268688676,267739329,261332248,250367548,248802398,249512944,248342064,252082786,246450700,265735146,296042082,304715646,314359844,320404726,315607130,306758721,294241119,290919630,299634903,325902390,334188476,341476388,362132311,369667169,376564571,Unknown,Unknown,Unknown,Totals,Totals,Notspecified,Totals,All,Standardised,All/Servicerevenue/total|Publicationdate:24September2024Basedonhistoricaldatauptoquarter2of2024|Industryrevenueforfixedwirelessandnetwork-independenttelecomsservicesincludinginterconnectbutexcludingseparatelybilledequipmentcharges.Wirelessservicerevenueisdefinedasthetotalrevenueformobileservicesincludingwholesalerevenue(interconnectionroaming-inandhosting)butexcludingrevenuefromdirectequipmentsales.Thisincludesonlyrevenuethatisbilledforbyoperators(ortheirserviceproviderorMVNOpartners)andexcludesmobileservicerevenuethatisbilledforseparatelybythirdpartiessuchascontentproviders.Servicerevenueisequaltoretailrevenuepluswholesalerevenue.Fixedservicerevenueisdefinedasoperators'andserviceproviders'revenuefromendusers(thatisretailrevenue)forfixedtelecomsservicestogetherwithinterconnectrevenue(thatisoperators'revenuefromotheroperatorsandserviceproviders)forfixedtelecomsservices.Totalservicerevenuefromallfixedtelecomsservicesincludesthatfromvoicebroadbandanddataconnectivityforspecialistbusinessservices.TotalfixedrevenuedoesnotincluderevenuefromfixedIoTconnectivityservicesbecausethisisalreadyaccountedforinotherfixedconnectivityrevenue.IncludesoperatorICTrevenuewhichisdefinedasoperatorrevenuefromallnon-connectivity-basedspecialistbusinessservicesincludingcloudservicesandothervalue-addedservices.
All,Servicerevenue,total,Total,Sub-SaharanAfrica,CôtedIvoire,Totalmarket,USD,,,Unknown,Unknown,Unknown,1338149075,1337784404,1439115811,1546012314,1660906342,1739177035,1569149581,1632818012,1716808537,1752102158,1539397276,1700480212,1897659103,1743044040,1811813093,,,,Unknown,,,,,,,,,,,,,,,,,,,,,,,,,,,,,,Unknown,Unknown,Unknown,Unknown,Unknown,Unknown,Unknown,Unknown,Unknown,Unknown,Unknown,Unknown,392553705,380316278,399832834,396209827,400746516,407623100,407052434,416795444,389557883,429189557,437178078,462061921,455006308,429663215,424174634,443381473,392224332,374757734,378997270,393134550,402688907,390779210,429821044,479776672,468188893,467199588,478949654,482203646,455484344,443484472,406252645,437029249,459581677,459161487,438880166,454190187,451475921,440447673,Unknown,Unknown,Unknown,Totals,Totals,Notspecified,Totals,All,Standardised,All/Servicerevenue/total|Publicationdate:24September2024Basedonhistoricaldatauptoquarter2of2024|Industryrevenueforfixedwirelessandnetwork-independenttelecomsservicesincludinginterconnectbutexcludingseparatelybilledequipmentcharges.Wirelessservicerevenueisdefinedasthetotalrevenueformobileservicesincludingwholesalerevenue(interconnectionroaming-inandhosting)butexcludingrevenuefromdirectequipmentsales.Thisincludesonlyrevenuethatisbilledforbyoperators(ortheirserviceproviderorMVNOpartners)andexcludesmobileservicerevenuethatisbilledforseparatelybythirdpartiessuchascontentproviders.Servicerevenueisequaltoretailrevenuepluswholesalerevenue.Fixedservicerevenueisdefinedasoperators'andserviceproviders'revenuefromendusers(thatisretailrevenue)forfixedtelecomsservicestogetherwithinterconnectrevenue(thatisoperators'revenuefromotheroperatorsandserviceproviders)forfixedtelecomsservices.Totalservicerevenuefromallfixedtelecomsservicesincludesthatfromvoicebroadbandanddataconnectivityforspecialistbusinessservices.TotalfixedrevenuedoesnotincluderevenuefromfixedIoTconnectivityservicesbecausethisisalreadyaccountedforinotherfixedconnectivityrevenue.IncludesoperatorICTrevenuewhichisdefinedasoperatorrevenuefromallnon-connectivity-basedspecialistbusinessservicesincludingcloudservicesandothervalue-addedservices.
All,Servicerevenue,total,Total,Sub-SaharanAfrica,Ghana,Totalmarket,USD,,,Unknown,965010496,1167850799,1167720844,1318911488,1505826639,1690139950,1733025542,1287997119,1148306825,1281196814,1300926343,1358645650,1341362266,1387072475,1662505885,1355230785,1318414568,,,,Unknown,,,,,,,,,,,,,,,,,,,,,,,,,,,,,,Unknown,Unknown,Unknown,Unknown,Unknown,Unknown,Unknown,Unknown,Unknown,Unknown,Unknown,Unknown,287466687,271513949,291431378,294628445,308670980,325703338,320833805,324743010,312570688,310943634,326481293,349711123,355597033,337525882,330445380,334926126,326855697,326191951,336920025,348463969,346796320,333224591,339419438,367381628,395522214,408412049,429627641,427756483,393330781,374400410,296077840,280941499,293648190,330574661,343610889,350071064,345520819,347459379,Unknown,Unknown,Unknown,Totals,Totals,Notspecified,Totals,All,Standardised,All/Servicerevenue/total|Publicationdate:24September2024Basedonhistoricaldatauptoquarter2of2024|Industryrevenueforfixedwirelessandnetwork-independenttelecomsservicesincludinginterconnectbutexcludingseparatelybilledequipmentcharges.Wirelessservicerevenueisdefinedasthetotalrevenueformobileservicesincludingwholesalerevenue(interconnectionroaming-inandhosting)butexcludingrevenuefromdirectequipmentsales.Thisincludesonlyrevenuethatisbilledforbyoperators(ortheirserviceproviderorMVNOpartners)andexcludesmobileservicerevenuethatisbilledforseparatelybythirdpartiessuchascontentproviders.Servicerevenueisequaltoretailrevenuepluswholesalerevenue.Fixedservicerevenueisdefinedasoperators'andserviceproviders'revenuefromendusers(thatisretailrevenue)forfixedtelecomsservicestogetherwithinterconnectrevenue(thatisoperators'revenuefromotheroperatorsandserviceproviders)forfixedtelecomsservices.Totalservicerevenuefromallfixedtelecomsservicesincludesthatfromvoicebroadbandanddataconnectivityforspecialistbusinessservices.TotalfixedrevenuedoesnotincluderevenuefromfixedIoTconnectivityservicesbecausethisisalreadyaccountedforinotherfixedconnectivityrevenue.IncludesoperatorICTrevenuewhichisdefinedasoperatorrevenuefromallnon-connectivity-basedspecialistbusinessservicesincludingcloudservicesandothervalue-addedservices.
All,Servicerevenue,total,Total,Sub-SaharanAfrica,Kenya,Totalmarket,USD,,,Unknown,1192438057,1286806782,1429095424,1541420477,1622676391,1992400820,2231004210,2353566945,2233617914,2422174018,2649992727,3081732014,3342134389,3247040274,3558034622,3528331573,3330390544,,,,Unknown,,,,,,,,,,,,,,,,,,,,,,,,,,,,,,Unknown,Unknown,Unknown,Unknown,Unknown,Unknown,Unknown,Unknown,Unknown,Unknown,Unknown,Unknown,575652236,561508489,538633834,554548548,582458950,594502237,612489827,632687568,644952957,647735205,663800561,693416196,729787447,760754176,784574576,806812437,834622247,844915945,840822811,821662134,807764056,799532164,794375352,843380255,874730843,889153074,903597349,890107795,885595607,879463299,874177495,886824041,870127843,838677740,817490045,797017818,863892254,974608196,Unknown,Unknown,Unknown,Totals,Totals,Notspecified,Totals,All,Standardised,All/Servicerevenue/total|Publicationdate:24September2024Basedonhistoricaldatauptoquarter2of2024|Industryrevenueforfixedwirelessandnetwork-independenttelecomsservicesincludinginterconnectbutexcludingseparatelybilledequipmentcharges.Wirelessservicerevenueisdefinedasthetotalrevenueformobileservicesincludingwholesalerevenue(interconnectionroaming-inandhosting)butexcludingrevenuefromdirectequipmentsales.Thisincludesonlyrevenuethatisbilledforbyoperators(ortheirserviceproviderorMVNOpartners)andexcludesmobileservicerevenuethatisbilledforseparatelybythirdpartiessuchascontentproviders.Servicerevenueisequaltoretailrevenuepluswholesalerevenue.Fixedservicerevenueisdefinedasoperators'andserviceproviders'revenuefromendusers(thatisretailrevenue)forfixedtelecomsservicestogetherwithinterconnectrevenue(thatisoperators'revenuefromotheroperatorsandserviceproviders)forfixedtelecomsservices.Totalservicerevenuefromallfixedtelecomsservicesincludesthatfromvoicebroadbandanddataconnectivityforspecialistbusinessservices.TotalfixedrevenuedoesnotincluderevenuefromfixedIoTconnectivityservicesbecausethisisalreadyaccountedforinotherfixedconnectivityrevenue.IncludesoperatorICTrevenuewhichisdefinedasoperatorrevenuefromallnon-connectivity-basedspecialistbusinessservicesincludingcloudservicesandothervalue-addedservices.
All,Servicerevenue,total,Total,Sub-SaharanAfrica,Nigeria,Totalmarket,USD,,,Unknown,6887830171,9209446061,9394453209,9545321213,9791813661,9632324467,10035447679,10320454719,8976481084,7473721474,5682236893,5925348129,6437658708,7034947318,7765204311,8875083607,7235552975,,,,Unknown,,,,,,,,,,,,,,,,,,,,,,,,,,,,,,Unknown,Unknown,Unknown,Unknown,Unknown,Unknown,Unknown,Unknown,Unknown,Unknown,Unknown,Unknown,2331659590,2239603511,2210923755,2195019965,2344864102,1976638880,1566373519,1566622756,1557910487,1364446550,1350139615,1405063193,1444136208,1462342827,1472616105,1546064088,1580799756,1553728117,1587966554,1715164280,1767587531,1661602325,1748881952,1849219906,1861921034,1884468937,1936354868,2079595068,2133126343,2173417198,2218789309,2335538048,2312371832,1876303611,1445560924,1480680076,1146255368,966548331,Unknown,Unknown,Unknown,Totals,Totals,Notspecified,Totals,All,Standardised,All/Servicerevenue/total|Publicationdate:24September2024Basedonhistoricaldatauptoquarter2of2024|Industryrevenueforfixedwirelessandnetwork-independenttelecomsservicesincludinginterconnectbutexcludingseparatelybilledequipmentcharges.Wirelessservicerevenueisdefinedasthetotalrevenueformobileservicesincludingwholesalerevenue(interconnectionroaming-inandhosting)butexcludingrevenuefromdirectequipmentsales.Thisincludesonlyrevenuethatisbilledforbyoperators(ortheirserviceproviderorMVNOpartners)andexcludesmobileservicerevenuethatisbilledforseparatelybythirdpartiessuchascontentproviders.Servicerevenueisequaltoretailrevenuepluswholesalerevenue.Fixedservicerevenueisdefinedasoperators'andserviceproviders'revenuefromendusers(thatisretailrevenue)forfixedtelecomsservicestogetherwithinterconnectrevenue(thatisoperators'revenuefromotheroperatorsandserviceproviders)forfixedtelecomsservices.Totalservicerevenuefromallfixedtelecomsservicesincludesthatfromvoicebroadbandanddataconnectivityforspecialistbusinessservices.TotalfixedrevenuedoesnotincluderevenuefromfixedIoTconnectivityservicesbecausethisisalreadyaccountedforinotherfixedconnectivityrevenue.IncludesoperatorICTrevenuewhichisdefinedasoperatorrevenuefromallnon-connectivity-basedspecialistbusinessservicesincludingcloudservicesandothervalue-addedservices.
All,Servicerevenue,total,Total,Sub-SaharanAfrica,Rwanda,Totalmarket,USD,,,Unknown,Unknown,206877594,218562794,254550940,230273860,244706956,226160220,211416111,206239323,183834699,181293254,182890382,195187903,210165912,241295505,269897217,280215863,,,,Unknown,,,,,,,,,,,,,,,,,,,,,,,,,,,,,,Unknown,Unknown,Unknown,Unknown,Unknown,Unknown,Unknown,Unknown,Unknown,Unknown,Unknown,Unknown,52089070,52837787,52848858,48485027,47509290,45587406,46167603,44546571,45469167,45056893,45639382,45104666,42781911,44199979,47289869,48485087,46888118,49026402,50285373,48922028,49320978,49100970,57540440,54124460,56091660,59153371,62176708,63753863,62620290,65657772,71006434,70338063,70806155,72853528,71178362,65179320,63625806,66460351,Unknown,Unknown,Unknown,Totals,Totals,Notspecified,Totals,All,Standardised,All/Servicerevenue/total|Publicationdate:24September2024Basedonhistoricaldatauptoquarter2of2024|Industryrevenueforfixedwirelessandnetwork-independenttelecomsservicesincludinginterconnectbutexcludingseparatelybilledequipmentcharges.Wirelessservicerevenueisdefinedasthetotalrevenueformobileservicesincludingwholesalerevenue(interconnectionroaming-inandhosting)butexcludingrevenuefromdirectequipmentsales.Thisincludesonlyrevenuethatisbilledforbyoperators(ortheirserviceproviderorMVNOpartners)andexcludesmobileservicerevenuethatisbilledforseparatelybythirdpartiessuchascontentproviders.Servicerevenueisequaltoretailrevenuepluswholesalerevenue.Fixedservicerevenueisdefinedasoperators'andserviceproviders'revenuefromendusers(thatisretailrevenue)forfixedtelecomsservicestogetherwithinterconnectrevenue(thatisoperators'revenuefromotheroperatorsandserviceproviders)forfixedtelecomsservices.Totalservicerevenuefromallfixedtelecomsservicesincludesthatfromvoicebroadbandanddataconnectivityforspecialistbusinessservices.TotalfixedrevenuedoesnotincluderevenuefromfixedIoTconnectivityservicesbecausethisisalreadyaccountedforinotherfixedconnectivityrevenue.IncludesoperatorICTrevenuewhichisdefinedasoperatorrevenuefromallnon-connectivity-basedspecialistbusinessservicesincludingcloudservicesandothervalue-addedservices.
All,Servicerevenue,total,Total,Sub-SaharanAfrica,SouthAfrica,Totalmarket,USD,,,Unknown,15110562257,13786620754,15610350818,16936873891,17374934787,15804295179,12948557739,11268959806,9662307129,8708202028,10093809203,10618778834,9468781730,8652928746,10082877301,9234496253,8793399446,,,,Unknown,,,,,,,,,,,,,,,,,,,,,,,,,,,,,,Unknown,Unknown,Unknown,Unknown,Unknown,Unknown,Unknown,Unknown,Unknown,Unknown,Unknown,Unknown,2592957536,2469267877,2395813478,2188391602,2032427142,2013421534,2277815717,2395248842,2385051371,2401327107,2613095658,2698060029,2947842544,2731318973,2506657114,2437774721,2357220402,2337687514,2311884228,2460640637,2154881277,1985460227,2142611021,2373128818,2533603795,2534286430,2548891145,2463043160,2378260746,2325283980,2246279828,2278714328,2264905406,2155645597,2150704544,2217628897,2176612146,2209494923,Unknown,Unknown,Unknown,Totals,Totals,Notspecified,Totals,All,Standardised,All/Servicerevenue/total|Publicationdate:24September2024Basedonhistoricaldatauptoquarter2of2024|Industryrevenueforfixedwirelessandnetwork-independenttelecomsservicesincludinginterconnectbutexcludingseparatelybilledequipmentcharges.Wirelessservicerevenueisdefinedasthetotalrevenueformobileservicesincludingwholesalerevenue(interconnectionroaming-inandhosting)butexcludingrevenuefromdirectequipmentsales.Thisincludesonlyrevenuethatisbilledforbyoperators(ortheirserviceproviderorMVNOpartners)andexcludesmobileservicerevenuethatisbilledforseparatelybythirdpartiessuchascontentproviders.Servicerevenueisequaltoretailrevenuepluswholesalerevenue.Fixedservicerevenueisdefinedasoperators'andserviceproviders'revenuefromendusers(thatisretailrevenue)forfixedtelecomsservicestogetherwithinterconnectrevenue(thatisoperators'revenuefromotheroperatorsandserviceproviders)forfixedtelecomsservices.Totalservicerevenuefromallfixedtelecomsservicesincludesthatfromvoicebroadbandanddataconnectivityforspecialistbusinessservices.TotalfixedrevenuedoesnotincluderevenuefromfixedIoTconnectivityservicesbecausethisisalreadyaccountedforinotherfixedconnectivityrevenue.IncludesoperatorICTrevenuewhichisdefinedasoperatorrevenuefromallnon-connectivity-basedspecialistbusinessservicesincludingcloudservicesandothervalue-addedservices.
All,Servicerevenue,total,Total,Sub-SaharanAfrica,Tanzania,Totalmarket,USD,,,Unknown,914002741,975301658,896659234,896953770,1068433080,1310897449,1399097684,1480745444,1334601447,1323124828,1252718248,1218242045,1184989851,1118228859,1162077774,1145431972,1322045760,,,,Unknown,,,,,,,,,,,,,,,,,,,,,,,,,,,,,,Unknown,Unknown,Unknown,Unknown,Unknown,Unknown,Unknown,Unknown,Unknown,Unknown,Unknown,Unknown,364117233,336559904,310118308,322072827,349266554,329065433,318907164,325970752,317356223,314503921,313636923,307240030,306688004,306145012,301502633,303888584,302518281,301044507,298110064,283282898,276877519,278493168,276643390,286186816,291057894,293826043,298452708,278692261,260221313,282586690,296289040,306145172,318155875,331679283,332590034,337895367,346777231,352159213,Unknown,Unknown,Unknown,Totals,Totals,Notspecified,Totals,All,Standardised,All/Servicerevenue/total|Publicationdate:24September2024Basedonhistoricaldatauptoquarter2of2024|Industryrevenueforfixedwirelessandnetwork-independenttelecomsservicesincludinginterconnectbutexcludingseparatelybilledequipmentcharges.Wirelessservicerevenueisdefinedasthetotalrevenueformobileservicesincludingwholesalerevenue(interconnectionroaming-inandhosting)butexcludingrevenuefromdirectequipmentsales.Thisincludesonlyrevenuethatisbilledforbyoperators(ortheirserviceproviderorMVNOpartners)andexcludesmobileservicerevenuethatisbilledforseparatelybythirdpartiessuchascontentproviders.Servicerevenueisequaltoretailrevenuepluswholesalerevenue.Fixedservicerevenueisdefinedasoperators'andserviceproviders'revenuefromendusers(thatisretailrevenue)forfixedtelecomsservicestogetherwithinterconnectrevenue(thatisoperators'revenuefromotheroperatorsandserviceproviders)forfixedtelecomsservices.Totalservicerevenuefromallfixedtelecomsservicesincludesthatfromvoicebroadbandanddataconnectivityforspecialistbusinessservices.TotalfixedrevenuedoesnotincluderevenuefromfixedIoTconnectivityservicesbecausethisisalreadyaccountedforinotherfixedconnectivityrevenue.IncludesoperatorICTrevenuewhichisdefinedasoperatorrevenuefromallnon-connectivity-basedspecialistbusinessservicesincludingcloudservicesandothervalue-addedservices.
All,Servicerevenue,total,Total,Sub-SaharanAfrica,Uganda,Totalmarket,USD,,,Unknown,560643349,770870173,757766283,783298624,751470860,906532678,997101666,968149042,827872137,848870962,868386410,907133694,991783895,1032774219,1111901493,1208650151,1477309654,,,,Unknown,,,,,,,,,,,,,,,,,,,,,,,,,,,,,,Unknown,Unknown,Unknown,Unknown,Unknown,Unknown,Unknown,Unknown,Unknown,Unknown,Unknown,Unknown,223469390,201475248,191663450,208106592,213846736,203213562,216713675,214821619,207211388,208527522,218850298,233724813,227470613,218223927,225506063,235736765,238842976,241696589,252163021,259196200,259049408,251041291,254694618,268107571,268843987,274378118,283816485,285023616,296945366,291475002,298968066,319824074,339152987,358533681,383207479,396272733,413348253,438471760,Unknown,Unknown,Unknown,Totals,Totals,Notspecified,Totals,All,Standardised,All/Servicerevenue/total|Publicationdate:24September2024Basedonhistoricaldatauptoquarter2of2024|Industryrevenueforfixedwirelessandnetwork-independenttelecomsservicesincludinginterconnectbutexcludingseparatelybilledequipmentcharges.Wirelessservicerevenueisdefinedasthetotalrevenueformobileservicesincludingwholesalerevenue(interconnectionroaming-inandhosting)butexcludingrevenuefromdirectequipmentsales.Thisincludesonlyrevenuethatisbilledforbyoperators(ortheirserviceproviderorMVNOpartners)andexcludesmobileservicerevenuethatisbilledforseparatelybythirdpartiessuchascontentproviders.Servicerevenueisequaltoretailrevenuepluswholesalerevenue.Fixedservicerevenueisdefinedasoperators'andserviceproviders'revenuefromendusers(thatisretailrevenue)forfixedtelecomsservicestogetherwithinterconnectrevenue(thatisoperators'revenuefromotheroperatorsandserviceproviders)forfixedtelecomsservices.Totalservicerevenuefromallfixedtelecomsservicesincludesthatfromvoicebroadbandanddataconnectivityforspecialistbusinessservices.TotalfixedrevenuedoesnotincluderevenuefromfixedIoTconnectivityservicesbecausethisisalreadyaccountedforinotherfixedconnectivityrevenue.IncludesoperatorICTrevenuewhichisdefinedasoperatorrevenuefromallnon-connectivity-basedspecialistbusinessservicesincludingcloudservicesandothervalue-addedservices.
All,Servicerevenue,total,Total,Sub-SaharanAfrica,Zambia,Totalmarket,USD,,,Unknown,Unknown,372277143,255257168,332685122,478422826,520009085,595611809,647765556,492930967,436190757,472769875,469917361,447484112,370286564,404895651,530929960,547394969,,,,Unknown,,,,,,,,,,,,,,,,,,,,,,,,,,,,,,Unknown,Unknown,Unknown,Unknown,Unknown,Unknown,Unknown,Unknown,Unknown,Unknown,Unknown,Unknown,143713547,136320562,111713746,96854468,102348220,107654960,113983937,112189389,105709876,115718481,124007256,127235481,120754940,124448228,113527194,109330633,108687627,108178480,113974882,115199181,96579346,91312141,93183019,87326794,80966540,85179896,108588626,134053027,118802965,123581228,144539748,144680463,135873776,145653416,142811570,120806206,102256914,121143652,Unknown,Unknown,Unknown,Totals,Totals,Notspecified,Totals,All,Standardised,All/Servicerevenue/total|Publicationdate:24September2024Basedonhistoricaldatauptoquarter2of2024|Industryrevenueforfixedwirelessandnetwork-independenttelecomsservicesincludinginterconnectbutexcludingseparatelybilledequipmentcharges.Wirelessservicerevenueisdefinedasthetotalrevenueformobileservicesincludingwholesalerevenue(interconnectionroaming-inandhosting)butexcludingrevenuefromdirectequipmentsales.Thisincludesonlyrevenuethatisbilledforbyoperators(ortheirserviceproviderorMVNOpartners)andexcludesmobileservicerevenuethatisbilledforseparatelybythirdpartiessuchascontentproviders.Servicerevenueisequaltoretailrevenuepluswholesalerevenue.Fixedservicerevenueisdefinedasoperators'andserviceproviders'revenuefromendusers(thatisretailrevenue)forfixedtelecomsservicestogetherwithinterconnectrevenue(thatisoperators'revenuefromotheroperatorsandserviceproviders)forfixedtelecomsservices.Totalservicerevenuefromallfixedtelecomsservicesincludesthatfromvoicebroadbandanddataconnectivityforspecialistbusinessservices.TotalfixedrevenuedoesnotincluderevenuefromfixedIoTconnectivityservicesbecausethisisalreadyaccountedforinotherfixedconnectivityrevenue.IncludesoperatorICTrevenuewhichisdefinedasoperatorrevenuefromallnon-connectivity-basedspecialistbusinessservicesincludingcloudservicesandothervalue-addedservices.
All,Retailrevenue,total,Total,Sub-SaharanAfrica,Cameroon,Totalmarket,USD,,,Unknown,Unknown,517841195,543225984,590995834,793206121,843555790,933835509,1011095130,858066898,860759172,892355933,957944631,894516965,960522533,1144833515,1089774321,1251925317,,,,Unknown,,,,,,,,,,,,,,,,,,,,,,,,,,,,,,Unknown,Unknown,Unknown,Unknown,Unknown,Unknown,Unknown,Unknown,Unknown,Unknown,Unknown,Unknown,211422055,206290210,222754863,217420601,212236084,216982745,217433957,213950592,205305663,211360316,232572029,244140353,247223304,238397657,238545105,233502907,223997962,222914477,224052737,223464405,227922650,223241273,241284391,269354583,277445176,286492022,292192397,287941738,279788573,268461371,265912297,274184661,298639629,306520151,313619101,333137234,339841324,346408772,Unknown,Unknown,Unknown,Totals,Totals,Notspecified,Totals,All,Standardised,"All/Retailrevenue/total|Publicationdate:24September2024Basedonhistoricaldatauptoquarter2of2024|Operatorrevenueforfixedmobileandnetwork-independenttelecomsservicesexcludinginterconnectandseparatelybilledequipmentcharges.Mobileretailrevenueisdefinedasthetotalrevenueformobileservicesexcludingwholesalerevenue(interconnectionhostingandroaming-in)andrevenuefromdirectequipmentsales.Itincludesroaming-outrevenue(thatisretailrevenuecomingfromsubscribersthatareroamingoutoftheirhomecountry).Itincludesonlyrevenuebilledforbyoperators(ortheirserviceproviderorMVNOpartners)andexcludesmobileretailrevenuethatisbilledforseparatelybythirdpartiessuchascontentproviders.Retailrevenueisequaltoservicerevenueminuswholesalerevenue.Itissometimesreferredtoas""spend""oroutgoingservicerevenue.Fixedretailrevenueisdefinedasoperators'andserviceproviders'revenuefromendusersforfixedtelecomsservices.Totalretailrevenuefromallfixedtelecomsservicesincludesthatfromvoicebroadbanddial-upanddataconnectivityforspecialistbusinessservices.FixedtotalrevenuedoesnotincluderevenuefromfixedIoTconnectivityservicesbecausethisisalreadyaccountedforinotherfixedconnectivityrevenue.Retailrevenueisoftenreferredtoas""spend"".IncludesoperatorICTrevenuewhichisdefinedasoperatorrevenuefromallnon-connectivity-basedspecialistbusinessservicesincludingcloudservicesandothervalue-addedservices."
All,Retailrevenue,total,Total,Sub-SaharanAfrica,CôtedIvoire,Totalmarket,USD,,,Unknown,Unknown,Unknown,1126017526,1115652251,1177128751,1245231195,1310321083,1387725871,1268647958,1337380899,1472017561,1499465480,1311862461,1462717965,1634860138,1495383007,1550138639,,,,Unknown,,,,,,,,,,,,,,,,,,,,,,,,,,,,,,Unknown,Unknown,Unknown,Unknown,Unknown,Unknown,Unknown,Unknown,Unknown,Unknown,Unknown,Unknown,314839479,306654843,324313653,322574279,325609888,332926522,333877187,344379000,332636290,368505605,375997658,395984887,389644252,367456921,362956519,379517810,334643344,319155866,322647164,335178169,345663462,335600649,369999314,413767758,403234263,402413935,412721538,415521495,391457870,380736722,347793112,374801152,393134076,392910302,375187265,388916799,387305277,378901787,Unknown,Unknown,Unknown,Totals,Totals,Notspecified,Totals,All,Standardised,"All/Retailrevenue/total|Publicationdate:24September2024Basedonhistoricaldatauptoquarter2of2024|Operatorrevenueforfixedmobileandnetwork-independenttelecomsservicesexcludinginterconnectandseparatelybilledequipmentcharges.Mobileretailrevenueisdefinedasthetotalrevenueformobileservicesexcludingwholesalerevenue(interconnectionhostingandroaming-in)andrevenuefromdirectequipmentsales.Itincludesroaming-outrevenue(thatisretailrevenuecomingfromsubscribersthatareroamingoutoftheirhomecountry).Itincludesonlyrevenuebilledforbyoperators(ortheirserviceproviderorMVNOpartners)andexcludesmobileretailrevenuethatisbilledforseparatelybythirdpartiessuchascontentproviders.Retailrevenueisequaltoservicerevenueminuswholesalerevenue.Itissometimesreferredtoas""spend""oroutgoingservicerevenue.Fixedretailrevenueisdefinedasoperators'andserviceproviders'revenuefromendusersforfixedtelecomsservices.Totalretailrevenuefromallfixedtelecomsservicesincludesthatfromvoicebroadbanddial-upanddataconnectivityforspecialistbusinessservices.FixedtotalrevenuedoesnotincluderevenuefromfixedIoTconnectivityservicesbecausethisisalreadyaccountedforinotherfixedconnectivityrevenue.Retailrevenueisoftenreferredtoas""spend"".IncludesoperatorICTrevenuewhichisdefinedasoperatorrevenuefromallnon-connectivity-basedspecialistbusinessservicesincludingcloudservicesandothervalue-addedservices."
All,Retailrevenue,total,Total,Sub-SaharanAfrica,Ghana,Totalmarket,USD,,,Unknown,959834263,976756196,963670418,1076406664,1215437485,1353823341,1383229572,1026461753,924657780,1051001720,1084778243,1155091610,1165251600,1233243486,1490063220,1218136466,1191041880,,,,Unknown,,,,,,,,,,,,,,,,,,,,,,,,,,,,,,Unknown,Unknown,Unknown,Unknown,Unknown,Unknown,Unknown,Unknown,Unknown,Unknown,Unknown,Unknown,230108947,218118172,234997623,238722711,251350304,266477894,263811518,268203940,259186170,258808397,272666098,293032786,299646636,286129893,281770706,287202242,281669896,282493435,293323285,304980196,306557625,295820148,302392131,328222299,353868884,365886976,385245696,383970631,353286618,336386280,266279050,252649643,264620344,298343520,310620326,316979726,313369138,315525119,Unknown,Unknown,Unknown,Totals,Totals,Notspecified,Totals,All,Standardised,"All/Retailrevenue/total|Publicationdate:24September2024Basedonhistoricaldatauptoquarter2of2024|Operatorrevenueforfixedmobileandnetwork-independenttelecomsservicesexcludinginterconnectandseparatelybilledequipmentcharges.Mobileretailrevenueisdefinedasthetotalrevenueformobileservicesexcludingwholesalerevenue(interconnectionhostingandroaming-in)andrevenuefromdirectequipmentsales.Itincludesroaming-outrevenue(thatisretailrevenuecomingfromsubscribersthatareroamingoutoftheirhomecountry).Itincludesonlyrevenuebilledforbyoperators(ortheirserviceproviderorMVNOpartners)andexcludesmobileretailrevenuethatisbilledforseparatelybythirdpartiessuchascontentproviders.Retailrevenueisequaltoservicerevenueminuswholesalerevenue.Itissometimesreferredtoas""spend""oroutgoingservicerevenue.Fixedretailrevenueisdefinedasoperators'andserviceproviders'revenuefromendusersforfixedtelecomsservices.Totalretailrevenuefromallfixedtelecomsservicesincludesthatfromvoicebroadbanddial-upanddataconnectivityforspecialistbusinessservices.FixedtotalrevenuedoesnotincluderevenuefromfixedIoTconnectivityservicesbecausethisisalreadyaccountedforinotherfixedconnectivityrevenue.Retailrevenueisoftenreferredtoas""spend"".IncludesoperatorICTrevenuewhichisdefinedasoperatorrevenuefromallnon-connectivity-basedspecialistbusinessservicesincludingcloudservicesandothervalue-addedservices."
All,Retailrevenue,total,Total,Sub-SaharanAfrica,Kenya,Totalmarket,USD,,,Unknown,995670112,1079007575,1205796856,1310101109,1405268010,1747897093,1986509360,2138490327,2032800864,2221581287,2458926161,2878461327,3131321793,3064825383,3358020061,3322419733,3127890894,,,,Unknown,,,,,,,,,,,,,,,,,,,,,,,,,,,,,,Unknown,Unknown,Unknown,Unknown,Unknown,Unknown,Unknown,Unknown,Unknown,Unknown,Unknown,Unknown,523479543,510783854,490330759,505161384,531876696,544243690,562280252,583146521,596520788,600229252,616559219,645526072,680212305,710035963,733316958,755088001,781542274,791530646,787811154,770327031,761439448,754571561,750324341,796565681,826035744,839445952,852652743,839480270,834698435,828303799,822975141,834358608,818164565,788066128,767537990,747653934,809556080,912240083,Unknown,Unknown,Unknown,Totals,Totals,Notspecified,Totals,All,Standardised,"All/Retailrevenue/total|Publicationdate:24September2024Basedonhistoricaldatauptoquarter2of2024|Operatorrevenueforfixedmobileandnetwork-independenttelecomsservicesexcludinginterconnectandseparatelybilledequipmentcharges.Mobileretailrevenueisdefinedasthetotalrevenueformobileservicesexcludingwholesalerevenue(interconnectionhostingandroaming-in)andrevenuefromdirectequipmentsales.Itincludesroaming-outrevenue(thatisretailrevenuecomingfromsubscribersthatareroamingoutoftheirhomecountry).Itincludesonlyrevenuebilledforbyoperators(ortheirserviceproviderorMVNOpartners)andexcludesmobileretailrevenuethatisbilledforseparatelybythirdpartiessuchascontentproviders.Retailrevenueisequaltoservicerevenueminuswholesalerevenue.Itissometimesreferredtoas""spend""oroutgoingservicerevenue.Fixedretailrevenueisdefinedasoperators'andserviceproviders'revenuefromendusersforfixedtelecomsservices.Totalretailrevenuefromallfixedtelecomsservicesincludesthatfromvoicebroadbanddial-upanddataconnectivityforspecialistbusinessservices.FixedtotalrevenuedoesnotincluderevenuefromfixedIoTconnectivityservicesbecausethisisalreadyaccountedforinotherfixedconnectivityrevenue.Retailrevenueisoftenreferredtoas""spend"".IncludesoperatorICTrevenuewhichisdefinedasoperatorrevenuefromallnon-connectivity-basedspecialistbusinessservicesincludingcloudservicesandothervalue-addedservices."
All,Retailrevenue,total,Total,Sub-SaharanAfrica,Nigeria,Totalmarket,USD,,,Unknown,5785390966,7704715401,7916559052,8201873409,8381823165,8338688714,8777043360,9136687221,7849407233,6524624266,4943315243,5165470347,5613294829,6155067326,6749502474,7638181950,6176662010,,,,Unknown,,,,,,,,,,,,,,,,,,,,,,,,,,,,,,Unknown,Unknown,Unknown,Unknown,Unknown,Unknown,Unknown,Unknown,Unknown,Unknown,Unknown,Unknown,2054024557,1963154399,1928437525,1904985003,2039390947,1723341150,1369195159,1372645653,1361307363,1189126782,1172895640,1216871522,1253890496,1273077248,1285472834,1352851007,1381206357,1355955214,1383916434,1492216825,1547786449,1455183652,1530008896,1615520063,1623893203,1640236152,1681685326,1801334221,1843308782,1872823101,1907281008,2003098464,1980072484,1603096429,1233391926,1260383269,981824456,826116605,Unknown,Unknown,Unknown,Totals,Totals,Notspecified,Totals,All,Standardised,"All/Retailrevenue/total|Publicationdate:24September2024Basedonhistoricaldatauptoquarter2of2024|Operatorrevenueforfixedmobileandnetwork-independenttelecomsservicesexcludinginterconnectandseparatelybilledequipmentcharges.Mobileretailrevenueisdefinedasthetotalrevenueformobileservicesexcludingwholesalerevenue(interconnectionhostingandroaming-in)andrevenuefromdirectequipmentsales.Itincludesroaming-outrevenue(thatisretailrevenuecomingfromsubscribersthatareroamingoutoftheirhomecountry).Itincludesonlyrevenuebilledforbyoperators(ortheirserviceproviderorMVNOpartners)andexcludesmobileretailrevenuethatisbilledforseparatelybythirdpartiessuchascontentproviders.Retailrevenueisequaltoservicerevenueminuswholesalerevenue.Itissometimesreferredtoas""spend""oroutgoingservicerevenue.Fixedretailrevenueisdefinedasoperators'andserviceproviders'revenuefromendusersforfixedtelecomsservices.Totalretailrevenuefromallfixedtelecomsservicesincludesthatfromvoicebroadbanddial-upanddataconnectivityforspecialistbusinessservices.FixedtotalrevenuedoesnotincluderevenuefromfixedIoTconnectivityservicesbecausethisisalreadyaccountedforinotherfixedconnectivityrevenue.Retailrevenueisoftenreferredtoas""spend"".IncludesoperatorICTrevenuewhichisdefinedasoperatorrevenuefromallnon-connectivity-basedspecialistbusinessservicesincludingcloudservicesandothervalue-addedservices."
All,Retailrevenue,total,Total,Sub-SaharanAfrica,Rwanda,Totalmarket,USD,,,Unknown,Unknown,167614992,176807497,205899376,188074040,201021504,186281327,176225444,173875646,157615087,158674048,163293047,176710481,193300726,224754623,252695137,261426544,,,,Unknown,,,,,,,,,,,,,,,,,,,,,,,,,,,,,,Unknown,Unknown,Unknown,Unknown,Unknown,Unknown,Unknown,Unknown,Unknown,Unknown,Unknown,Unknown,43686964,44527014,44613407,41055861,40411490,38987008,39676365,38496322,39485408,39343286,40038208,39776037,37942563,39366446,42294821,43560678,42263065,44306818,45576155,44498040,45220705,45116600,52948976,49938774,51931431,55049056,58057291,59598148,58605043,61481496,66513644,65837676,66202492,68006386,66351499,60698822,59167580,61690989,Unknown,Unknown,Unknown,Totals,Totals,Notspecified,Totals,All,Standardised,"All/Retailrevenue/total|Publicationdate:24September2024Basedonhistoricaldatauptoquarter2of2024|Operatorrevenueforfixedmobileandnetwork-independenttelecomsservicesexcludinginterconnectandseparatelybilledequipmentcharges.Mobileretailrevenueisdefinedasthetotalrevenueformobileservicesexcludingwholesalerevenue(interconnectionhostingandroaming-in)andrevenuefromdirectequipmentsales.Itincludesroaming-outrevenue(thatisretailrevenuecomingfromsubscribersthatareroamingoutoftheirhomecountry).Itincludesonlyrevenuebilledforbyoperators(ortheirserviceproviderorMVNOpartners)andexcludesmobileretailrevenuethatisbilledforseparatelybythirdpartiessuchascontentproviders.Retailrevenueisequaltoservicerevenueminuswholesalerevenue.Itissometimesreferredtoas""spend""oroutgoingservicerevenue.Fixedretailrevenueisdefinedasoperators'andserviceproviders'revenuefromendusersforfixedtelecomsservices.Totalretailrevenuefromallfixedtelecomsservicesincludesthatfromvoicebroadbanddial-upanddataconnectivityforspecialistbusinessservices.FixedtotalrevenuedoesnotincluderevenuefromfixedIoTconnectivityservicesbecausethisisalreadyaccountedforinotherfixedconnectivityrevenue.Retailrevenueisoftenreferredtoas""spend"".IncludesoperatorICTrevenuewhichisdefinedasoperatorrevenuefromallnon-connectivity-basedspecialistbusinessservicesincludingcloudservicesandothervalue-addedservices."
All,Retailrevenue,total,Total,Sub-SaharanAfrica,SouthAfrica,Totalmarket,USD,,,Unknown,12824551644,11704111061,13243210177,14750640490,15467506201,14304631345,11956358225,10625876651,9199084864,8277368844,9570762562,9915774872,8772072969,8108360045,9418860572,8630832192,8187217922,,,,Unknown,,,,,,,,,,,,,,,,,,,,,,,,,,,,,,Unknown,Unknown,Unknown,Unknown,Unknown,Unknown,Unknown,Unknown,Unknown,Unknown,Unknown,Unknown,2457490543,2346875659,2286838721,2090620269,1932833274,1908543260,2170558956,2275679102,2265041200,2285736974,2482308113,2540723290,2763764823,2561413965,2336427576,2261434779,2170114734,2153917513,2152980820,2293358582,2022958848,1864245613,2003248839,2220758851,2363197111,2366084759,2382447264,2304088699,2224066132,2176002414,2097051689,2128401982,2108128353,2007670996,2002377518,2064803624,2019110412,2050912411,Unknown,Unknown,Unknown,Totals,Totals,Notspecified,Totals,All,Standardised,"All/Retailrevenue/total|Publicationdate:24September2024Basedonhistoricaldatauptoquarter2of2024|Operatorrevenueforfixedmobileandnetwork-independenttelecomsservicesexcludinginterconnectandseparatelybilledequipmentcharges.Mobileretailrevenueisdefinedasthetotalrevenueformobileservicesexcludingwholesalerevenue(interconnectionhostingandroaming-in)andrevenuefromdirectequipmentsales.Itincludesroaming-outrevenue(thatisretailrevenuecomingfromsubscribersthatareroamingoutoftheirhomecountry).Itincludesonlyrevenuebilledforbyoperators(ortheirserviceproviderorMVNOpartners)andexcludesmobileretailrevenuethatisbilledforseparatelybythirdpartiessuchascontentproviders.Retailrevenueisequaltoservicerevenueminuswholesalerevenue.Itissometimesreferredtoas""spend""oroutgoingservicerevenue.Fixedretailrevenueisdefinedasoperators'andserviceproviders'revenuefromendusersforfixedtelecomsservices.Totalretailrevenuefromallfixedtelecomsservicesincludesthatfromvoicebroadbanddial-upanddataconnectivityforspecialistbusinessservices.FixedtotalrevenuedoesnotincluderevenuefromfixedIoTconnectivityservicesbecausethisisalreadyaccountedforinotherfixedconnectivityrevenue.Retailrevenueisoftenreferredtoas""spend"".IncludesoperatorICTrevenuewhichisdefinedasoperatorrevenuefromallnon-connectivity-basedspecialistbusinessservicesincludingcloudservicesandothervalue-addedservices."
All,Retailrevenue,total,Total,Sub-SaharanAfrica,Tanzania,Totalmarket,USD,,,Unknown,781698240,833677708,774193813,779389888,931949317,1143972079,1226547871,1304364086,1181589071,1163656280,1114979561,1118729704,1105449240,1051876031,1095262444,1080138906,1249855507,,,,Unknown,,,,,,,,,,,,,,,,,,,,,,,,,,,,,,Unknown,Unknown,Unknown,Unknown,Unknown,Unknown,Unknown,Unknown,Unknown,Unknown,Unknown,Unknown,321953465,298154335,274826812,285078823,308464730,289896099,280090316,285284177,279642748,278998071,280091229,276218338,280143931,280637665,277368512,280532739,280688234,280268891,278884097,265582346,260945311,262237078,259823530,268847072,273806214,277005641,281657783,262748300,245007400,266083848,279584374,289281215,300809356,313511308,314439477,319463469,327894889,332988364,Unknown,Unknown,Unknown,Totals,Totals,Notspecified,Totals,All,Standardised,"All/Retailrevenue/total|Publicationdate:24September2024Basedonhistoricaldatauptoquarter2of2024|Operatorrevenueforfixedmobileandnetwork-independenttelecomsservicesexcludinginterconnectandseparatelybilledequipmentcharges.Mobileretailrevenueisdefinedasthetotalrevenueformobileservicesexcludingwholesalerevenue(interconnectionhostingandroaming-in)andrevenuefromdirectequipmentsales.Itincludesroaming-outrevenue(thatisretailrevenuecomingfromsubscribersthatareroamingoutoftheirhomecountry).Itincludesonlyrevenuebilledforbyoperators(ortheirserviceproviderorMVNOpartners)andexcludesmobileretailrevenuethatisbilledforseparatelybythirdpartiessuchascontentproviders.Retailrevenueisequaltoservicerevenueminuswholesalerevenue.Itissometimesreferredtoas""spend""oroutgoingservicerevenue.Fixedretailrevenueisdefinedasoperators'andserviceproviders'revenuefromendusersforfixedtelecomsservices.Totalretailrevenuefromallfixedtelecomsservicesincludesthatfromvoicebroadbanddial-upanddataconnectivityforspecialistbusinessservices.FixedtotalrevenuedoesnotincluderevenuefromfixedIoTconnectivityservicesbecausethisisalreadyaccountedforinotherfixedconnectivityrevenue.Retailrevenueisoftenreferredtoas""spend"".IncludesoperatorICTrevenuewhichisdefinedasoperatorrevenuefromallnon-connectivity-basedspecialistbusinessservicesincludingcloudservicesandothervalue-addedservices."
All,Retailrevenue,total,Total,Sub-SaharanAfrica,Uganda,Totalmarket,USD,,,Unknown,449548399,616370856,606965638,629871850,613324785,748866716,827316395,824949569,704524481,720494380,735162339,780447672,861698061,908484008,978203589,1058736533,1287956472,,,,Unknown,,,,,,,,,,,,,,,,,,,,,,,,,,,,,,Unknown,Unknown,Unknown,Unknown,Unknown,Unknown,Unknown,Unknown,Unknown,Unknown,Unknown,Unknown,190369978,171589977,163083907,176845090,181645331,172585289,183876211,182160282,175624003,176656886,185222107,197599081,192279027,188608275,195084131,204186869,207150179,209873157,219203130,225575809,227335927,220892053,224268134,236094960,236719658,241487816,249622365,250507168,260706212,255607374,261746583,279461297,295708126,312594856,334072167,345456923,360323439,382229649,Unknown,Unknown,Unknown,Totals,Totals,Notspecified,Totals,All,Standardised,"All/Retailrevenue/total|Publicationdate:24September2024Basedonhistoricaldatauptoquarter2of2024|Operatorrevenueforfixedmobileandnetwork-independenttelecomsservicesexcludinginterconnectandseparatelybilledequipmentcharges.Mobileretailrevenueisdefinedasthetotalrevenueformobileservicesexcludingwholesalerevenue(interconnectionhostingandroaming-in)andrevenuefromdirectequipmentsales.Itincludesroaming-outrevenue(thatisretailrevenuecomingfromsubscribersthatareroamingoutoftheirhomecountry).Itincludesonlyrevenuebilledforbyoperators(ortheirserviceproviderorMVNOpartners)andexcludesmobileretailrevenuethatisbilledforseparatelybythirdpartiessuchascontentproviders.Retailrevenueisequaltoservicerevenueminuswholesalerevenue.Itissometimesreferredtoas""spend""oroutgoingservicerevenue.Fixedretailrevenueisdefinedasoperators'andserviceproviders'revenuefromendusersforfixedtelecomsservices.Totalretailrevenuefromallfixedtelecomsservicesincludesthatfromvoicebroadbanddial-upanddataconnectivityforspecialistbusinessservices.FixedtotalrevenuedoesnotincluderevenuefromfixedIoTconnectivityservicesbecausethisisalreadyaccountedforinotherfixedconnectivityrevenue.Retailrevenueisoftenreferredtoas""spend"".IncludesoperatorICTrevenuewhichisdefinedasoperatorrevenuefromallnon-connectivity-basedspecialistbusinessservicesincludingcloudservicesandothervalue-addedservices."
All,Retailrevenue,total,Total,Sub-SaharanAfrica,Zambia,Totalmarket,USD,,,Unknown,Unknown,299520094,205982120,267490953,383072461,415253071,474857681,518963751,410214440,369658601,397277899,395893281,372438082,310966716,345327025,460894855,479947063,,,,Unknown,,,,,,,,,,,,,,,,,,,,,,,,,,,,,,Unknown,Unknown,Unknown,Unknown,Unknown,Unknown,Unknown,Unknown,Unknown,Unknown,Unknown,Unknown,116486285,111713695,94723489,82120366,86771311,91248241,96581336,95041319,89303756,97442959,104059181,106392248,101310047,104682082,95757432,92474673,91354746,90300312,94558700,95133651,80619375,76558798,78413805,73681566,68502790,72457379,92791055,115091491,102532920,107091397,125680176,126203857,118846242,127626560,125329611,106110223,89833726,106254013,Unknown,Unknown,Unknown,Totals,Totals,Notspecified,Totals,All,Standardised,"All/Retailrevenue/total|Publicationdate:24September2024Basedonhistoricaldatauptoquarter2of2024|Operatorrevenueforfixedmobileandnetwork-independenttelecomsservicesexcludinginterconnectandseparatelybilledequipmentcharges.Mobileretailrevenueisdefinedasthetotalrevenueformobileservicesexcludingwholesalerevenue(interconnectionhostingandroaming-in)andrevenuefromdirectequipmentsales.Itincludesroaming-outrevenue(thatisretailrevenuecomingfromsubscribersthatareroamingoutoftheirhomecountry).Itincludesonlyrevenuebilledforbyoperators(ortheirserviceproviderorMVNOpartners)andexcludesmobileretailrevenuethatisbilledforseparatelybythirdpartiessuchascontentproviders.Retailrevenueisequaltoservicerevenueminuswholesalerevenue.Itissometimesreferredtoas""spend""oroutgoingservicerevenue.Fixedretailrevenueisdefinedasoperators'andserviceproviders'revenuefromendusersforfixedtelecomsservices.Totalretailrevenuefromallfixedtelecomsservicesincludesthatfromvoicebroadbanddial-upanddataconnectivityforspecialistbusinessservices.FixedtotalrevenuedoesnotincluderevenuefromfixedIoTconnectivityservicesbecausethisisalreadyaccountedforinotherfixedconnectivityrevenue.Retailrevenueisoftenreferredtoas""spend"".IncludesoperatorICTrevenuewhichisdefinedasoperatorrevenuefromallnon-connectivity-basedspecialistbusinessservicesincludingcloudservicesandothervalue-addedservices."
All,Wholesalerevenue,total,Total,Sub-SaharanAfrica,Cameroon,Totalmarket,USD,,,Unknown,Unknown,209571145,140724516,151081440,193981487,187652599,199102536,191054953,154206449,145762246,131158402,119490846,102618232,98454859,111071731,103281681,111783946,,,,Unknown,,,,,,,,,,,,,,,,,,,,,,,,,,,,,,Unknown,Unknown,Unknown,Unknown,Unknown,Unknown,Unknown,Unknown,Unknown,Unknown,Unknown,Unknown,39238150,37529756,39271247,38167362,37125249,37065827,36450920,35133764,32596206,32232337,33288694,32938524,32255294,30291018,29194224,27829341,26369586,25887921,25460207,24877659,24160136,23209427,24450755,26687499,27270470,27867823,28212329,27665392,26970147,25779748,25007333,25450241,27262761,27668324,27857287,28995078,29825844,30155799,Unknown,Unknown,Unknown,Totals,Totals,Notspecified,Notspecified,Notspecified,Standardised,All/Wholesalerevenue/total|Publicationdate:24September2024Basedonhistoricaldatauptoquarter2of2024|Totalfixedandmobilewholesalerevenuecalculatedasthesumoffixedandmobilewholesalerevenue.Mobilewholesalerevenueincludesinterconnectionroaming-inandhostingrevenueformobileserviceswhilefixedwholesalerevenueincludesfixedterminationrevenueandfeesforbistreamresaleandLLU.
All,Wholesalerevenue,total,Total,Sub-SaharanAfrica,CôtedIvoire,Totalmarket,USD,,,Unknown,Unknown,Unknown,212131549,222132153,261987061,300781119,350585259,351451164,300501624,295437113,244790975,252636678,227534815,237762247,262798965,247661033,261674454,,,,Unknown,,,,,,,,,,,,,,,,,,,,,,,,,,,,,,Unknown,Unknown,Unknown,Unknown,Unknown,Unknown,Unknown,Unknown,Unknown,Unknown,Unknown,Unknown,77714225,73661435,75519181,73635548,75136628,74696578,73175246,72416444,56921593,60683952,61180420,66077034,65362056,62206295,61218115,63863663,57580988,55601868,56350106,57956381,57025445,55178561,59821730,66008914,64954630,64785653,66228116,66682150,64026474,62747750,58459533,62228097,66447602,66251185,63692902,65273388,64170644,61545886,Unknown,Unknown,Unknown,Totals,Totals,Notspecified,Notspecified,Notspecified,Standardised,All/Wholesalerevenue/total|Publicationdate:24September2024Basedonhistoricaldatauptoquarter2of2024|Totalfixedandmobilewholesalerevenuecalculatedasthesumoffixedandmobilewholesalerevenue.Mobilewholesalerevenueincludesinterconnectionroaming-inandhostingrevenueformobileserviceswhilefixedwholesalerevenueincludesfixedterminationrevenueandfeesforbistreamresaleandLLU.
All,Wholesalerevenue,total,Total,Sub-SaharanAfrica,Ghana,Totalmarket,USD,,,Unknown,5176232,191094603,204050426,242504824,290389154,336316609,349795969,261535365,223649045,230195094,216148100,203554040,176110667,153828989,172442665,137094318,127372688,,,,Unknown,,,,,,,,,,,,,,,,,,,,,,,,,,,,,,Unknown,Unknown,Unknown,Unknown,Unknown,Unknown,Unknown,Unknown,Unknown,Unknown,Unknown,Unknown,57357740,53395777,56433754,55905734,57320676,59225444,57022287,56539069,53384519,52135237,53815194,56678338,55950397,51395990,48674674,47723885,45185801,43698516,43596740,43483773,40238695,37404443,37027307,39159329,41653330,42525072,44381945,43785851,40044162,38014130,29798790,28291856,29027846,32231140,32990563,33091338,32151681,31934260,Unknown,Unknown,Unknown,Totals,Totals,Notspecified,Notspecified,Notspecified,Standardised,All/Wholesalerevenue/total|Publicationdate:24September2024Basedonhistoricaldatauptoquarter2of2024|Totalfixedandmobilewholesalerevenuecalculatedasthesumoffixedandmobilewholesalerevenue.Mobilewholesalerevenueincludesinterconnectionroaming-inandhostingrevenueformobileserviceswhilefixedwholesalerevenueincludesfixedterminationrevenueandfeesforbistreamresaleandLLU.
All,Wholesalerevenue,total,Total,Sub-SaharanAfrica,Kenya,Totalmarket,USD,,,Unknown,196767946,207799208,223298568,231319368,217408381,244503728,244494850,215076619,200817050,200592731,191066566,203270687,210812596,182214891,200014561,205911840,202499649,,,,Unknown,,,,,,,,,,,,,,,,,,,,,,,,,,,,,,Unknown,Unknown,Unknown,Unknown,Unknown,Unknown,Unknown,Unknown,Unknown,Unknown,Unknown,Unknown,52172692,50724636,48303075,49387164,50582255,50258548,50209575,49541048,48432169,47505953,47241342,47890125,49575142,50718212,51257618,51724436,53079973,53385299,53011657,51335103,46324608,44960602,44051010,46814573,48695099,49707122,50944606,50627526,50897172,51159500,51202353,52465432,51963278,50611611,49952054,49363884,54336174,62368113,Unknown,Unknown,Unknown,Totals,Totals,Notspecified,Notspecified,Notspecified,Standardised,All/Wholesalerevenue/total|Publicationdate:24September2024Basedonhistoricaldatauptoquarter2of2024|Totalfixedandmobilewholesalerevenuecalculatedasthesumoffixedandmobilewholesalerevenue.Mobilewholesalerevenueincludesinterconnectionroaming-inandhostingrevenueformobileserviceswhilefixedwholesalerevenueincludesfixedterminationrevenueandfeesforbistreamresaleandLLU.
All,Wholesalerevenue,total,Total,Sub-SaharanAfrica,Nigeria,Totalmarket,USD,,,Unknown,1102439205,1504730660,1477894157,1343447804,1409990496,1293635752,1258404319,1183767499,1127073851,949097208,738921649,759877783,824363879,879879992,1015701838,1236901658,1058890965,,,,Unknown,,,,,,,,,,,,,,,,,,,,,,,,,,,,,,Unknown,Unknown,Unknown,Unknown,Unknown,Unknown,Unknown,Unknown,Unknown,Unknown,Unknown,Unknown,277635034,276449113,282486230,290034962,305473155,253297730,197178360,193977103,196603123,175319768,177243975,188191671,190245713,189265579,187143271,193213081,199593399,197772903,204050121,222947455,219801082,206418673,218873057,233699843,238027832,244232785,254669542,278260847,289817561,300594097,311508301,332439583,332299347,273207182,212168998,220296807,164430911,140431726,Unknown,Unknown,Unknown,Totals,Totals,Notspecified,Notspecified,Notspecified,Standardised,All/Wholesalerevenue/total|Publicationdate:24September2024Basedonhistoricaldatauptoquarter2of2024|Totalfixedandmobilewholesalerevenuecalculatedasthesumoffixedandmobilewholesalerevenue.Mobilewholesalerevenueincludesinterconnectionroaming-inandhostingrevenueformobileserviceswhilefixedwholesalerevenueincludesfixedterminationrevenueandfeesforbistreamresaleandLLU.
All,Wholesalerevenue,total,Total,Sub-SaharanAfrica,Rwanda,Totalmarket,USD,,,Unknown,Unknown,39262602,41755297,48651564,42199821,43685452,39878893,35190667,32363677,26219612,22619206,19597334,18477421,16865185,16540882,17202080,18789319,,,,Unknown,,,,,,,,,,,,,,,,,,,,,,,,,,,,,,Unknown,Unknown,Unknown,Unknown,Unknown,Unknown,Unknown,Unknown,Unknown,Unknown,Unknown,Unknown,8402106,8310772,8235451,7429166,7097800,6600399,6491239,6050249,5983759,5713607,5601173,5328629,4839347,4833533,4995048,4924409,4625053,4719585,4709218,4423987,4100273,3984370,4591464,4185686,4160229,4104315,4119417,4155716,4015246,4176276,4492790,4500387,4603664,4847142,4826863,4480498,4458226,4769362,Unknown,Unknown,Unknown,Totals,Totals,Notspecified,Notspecified,Notspecified,Standardised,All/Wholesalerevenue/total|Publicationdate:24September2024Basedonhistoricaldatauptoquarter2of2024|Totalfixedandmobilewholesalerevenuecalculatedasthesumoffixedandmobilewholesalerevenue.Mobilewholesalerevenueincludesinterconnectionroaming-inandhostingrevenueformobileserviceswhilefixedwholesalerevenueincludesfixedterminationrevenueandfeesforbistreamresaleandLLU.
All,Wholesalerevenue,total,Total,Sub-SaharanAfrica,SouthAfrica,Totalmarket,USD,,,Unknown,2286010614,2082509694,2367140642,2186233401,1907428586,1499663833,992199514,643083155,463222265,430833184,523046641,703003962,696708762,544568701,664016729,603664061,606181525,,,,Unknown,,,,,,,,,,,,,,,,,,,,,,,,,,,,,,Unknown,Unknown,Unknown,Unknown,Unknown,Unknown,Unknown,Unknown,Unknown,Unknown,Unknown,Unknown,135466993,122392218,108974758,97771333,99593868,104878274,107256761,119569739,120010171,115590133,130787545,157336738,184077721,169905008,170229538,176339942,187105668,183770001,158903408,167282055,131922429,121214614,139362182,152369967,170406684,168201671,166443881,158954461,154194615,149281565,149228139,150312346,156777053,147974601,148327026,152825272,157501734,158582512,Unknown,Unknown,Unknown,Totals,Totals,Notspecified,Notspecified,Notspecified,Standardised,All/Wholesalerevenue/total|Publicationdate:24September2024Basedonhistoricaldatauptoquarter2of2024|Totalfixedandmobilewholesalerevenuecalculatedasthesumoffixedandmobilewholesalerevenue.Mobilewholesalerevenueincludesinterconnectionroaming-inandhostingrevenueformobileserviceswhilefixedwholesalerevenueincludesfixedterminationrevenueandfeesforbistreamresaleandLLU.
All,Wholesalerevenue,total,Total,Sub-SaharanAfrica,Tanzania,Totalmarket,USD,,,Unknown,132304501,141623950,122465421,117563882,136483763,166925371,172549813,176381358,153012377,159468548,137738688,99512341,79540611,66352828,66815330,65293066,72190254,,,,Unknown,,,,,,,,,,,,,,,,,,,,,,,,,,,,,,Unknown,Unknown,Unknown,Unknown,Unknown,Unknown,Unknown,Unknown,Unknown,Unknown,Unknown,Unknown,42163769,38405569,35291496,36994004,40801823,39169333,38816848,40686576,37713475,35505850,33545694,31021692,26544073,25507347,24134121,23355844,21830047,20775616,19225967,17700552,15932208,16256090,16819860,17339743,17251680,16820402,16794925,15943961,15213913,16502843,16704666,16863957,17346519,18167975,18150557,18431898,18882342,19170849,Unknown,Unknown,Unknown,Totals,Totals,Notspecified,Notspecified,Notspecified,Standardised,All/Wholesalerevenue/total|Publicationdate:24September2024Basedonhistoricaldatauptoquarter2of2024|Totalfixedandmobilewholesalerevenuecalculatedasthesumoffixedandmobilewholesalerevenue.Mobilewholesalerevenueincludesinterconnectionroaming-inandhostingrevenueformobileserviceswhilefixedwholesalerevenueincludesfixedterminationrevenueandfeesforbistreamresaleandLLU.
All,Wholesalerevenue,total,Total,Sub-SaharanAfrica,Uganda,Totalmarket,USD,,,Unknown,111094950,154499316,150800646,153426774,138146075,157665962,169785271,143199473,123347657,128376583,133224071,126686022,130085834,124290212,133697904,149913618,189353182,,,,Unknown,,,,,,,,,,,,,,,,,,,,,,,,,,,,,,Unknown,Unknown,Unknown,Unknown,Unknown,Unknown,Unknown,Unknown,Unknown,Unknown,Unknown,Unknown,33099412,29885270,28579543,31261503,32201405,30628273,32837464,32661337,31587385,31870636,33628191,36125732,35191585,29615652,30421932,31549896,31692797,31823432,32959891,33620391,31713481,30149237,30426485,32012611,32124329,32890303,34194120,34516447,36239154,35867628,37221482,40362777,43444861,45938825,49135312,50815810,53024814,56242112,Unknown,Unknown,Unknown,Totals,Totals,Notspecified,Notspecified,Notspecified,Standardised,All/Wholesalerevenue/total|Publicationdate:24September2024Basedonhistoricaldatauptoquarter2of2024|Totalfixedandmobilewholesalerevenuecalculatedasthesumoffixedandmobilewholesalerevenue.Mobilewholesalerevenueincludesinterconnectionroaming-inandhostingrevenueformobileserviceswhilefixedwholesalerevenueincludesfixedterminationrevenueandfeesforbistreamresaleandLLU.
All,Wholesalerevenue,total,Total,Sub-SaharanAfrica,Zambia,Totalmarket,USD,,,Unknown,Unknown,72757050,49275048,65194168,95350364,104756014,120754128,128801806,82716527,66532156,75491975,74024080,75046029,59319848,59568626,70035105,67447906,,,,Unknown,,,,,,,,,,,,,,,,,,,,,,,,,,,,,,Unknown,Unknown,Unknown,Unknown,Unknown,Unknown,Unknown,Unknown,Unknown,Unknown,Unknown,Unknown,27227263,24606867,16990257,14734103,15576909,16406719,17402601,17148070,16406120,18275522,19948075,20843233,19444893,19766146,17769763,16855961,17332880,17878168,19416182,20065530,15959971,14753342,14769214,13645228,12463750,12722517,15797570,18961536,16270044,16489831,18859572,18476606,17027534,18026856,17481958,14695984,12423188,14889638,Unknown,Unknown,Unknown,Totals,Totals,Notspecified,Notspecified,Notspecified,Standardised,All/Wholesalerevenue/total|Publicationdate:24September2024Basedonhistoricaldatauptoquarter2of2024|Totalfixedandmobilewholesalerevenuecalculatedasthesumoffixedandmobilewholesalerevenue.Mobilewholesalerevenueincludesinterconnectionroaming-inandhostingrevenueformobileserviceswhilefixedwholesalerevenueincludesfixedterminationrevenueandfeesforbistreamresaleandLLU.
